description,url,Street,R.,m²,Floor,Series,"Price, m2",Price
"Vieta, vieta, vieta. Tiek pārdots dzīvoklis ēkā, kas atrodas pre",https://www.ss.com/msg/en/real-estate/flats/riga/centre/blkmm.html,Brivibas 19,4,94,5/6,Pre-war house,"2,122 €","199,500  €"
Balkons. Renovētā ēkā Rīgas centrā pārdod 4 istabu dzīvokli. Izv,https://www.ss.com/msg/en/real-estate/flats/riga/centre/cpgfl.html,Stabu 16,4,109,4/6,Recon.,"1,702 €","185,500  €"
"Trīsistabu dzīvoklis skaisti renovētā ēkā

Ēka atrodas klusā i",https://www.ss.com/msg/en/real-estate/flats/riga/centre/aholk.html,Matisa 101,3,37,1/3,Recon.,"2,288 €","84,640  €"
Piedāvājumā dzīvokļi unikālā koncepta projektā Brooklyn Gates -,https://www.ss.com/msg/en/real-estate/flats/riga/centre/efkbn.html,Gertrudes 110,3,49,3/5,Recon.,"1,568 €","76,850  €"
Pārdod gaišu un plašu 2 istabu dzīvokli (54 m²) kvalitatīvā 1959,https://www.ss.com/msg/en/real-estate/flats/riga/centre/afpjd.html,Valdemara 147k-1,2,54,5/5,Spec. pr.,"1,850 €","99,900  €"
"Pārdod plašu 4 istabu dzīvokli pilsētas centrā, ēkas 5. stāvā.",https://www.ss.com/msg/en/real-estate/flats/riga/centre/chjkk.html,Stabu 59,4,89,5/5,Pre-war house,"1,348 €","120,000  €"
"Pārdod plašu 4 izoletu istabu dzīvokli pilsētas centrā, ēkas 1.",https://www.ss.com/msg/en/real-estate/flats/riga/centre/bcijxb.html,Stabu 59,4,87,1/5,Pre-war house,"1,253 €","109,000  €"
"Продается 4комнатная квартира и пятая как зал с кухней, в цену в",https://www.ss.com/msg/en/real-estate/flats/riga/centre/ebnmi.html,Vesetas 15,5,150,4/5,New,"3,233 €","485,000  €"
Pārdod 2 istabu dzīvokli Pulkveža Brieža ielā 15 Klusais Centrs.,https://www.ss.com/msg/en/real-estate/flats/riga/centre/bciioj.html,Pulkv. Briezha 15,2,37,3/7,Recon.,"2,919 €","108,000  €"
"Remontējams dzīvoklis klusā un zaļā pilsētas apkaimē, vietā, kas",https://www.ss.com/msg/en/real-estate/flats/riga/centre/fxxji.html,Katrinas d. 20 k-2,2,41,4/5,Chrusch.,"1,146 €","47,000  €"
"Pārdod skaistu dzīvokli unikālā dzīvojamā ēkā Hoft, Rīgas klusaj",https://www.ss.com/msg/en/real-estate/flats/riga/centre/genmm.html,Strelnieku 5,3,85,4/6,New,"5,588 €","475,000  €"
Tiek pārdots saulains 2-istabu dzīvoklis. Lielisks piedāvājums i,https://www.ss.com/msg/en/real-estate/flats/riga/centre/eocxg.html,Artilerijas 43,2,43,2/2,Pre-war house,881 €,"37,890  €"
"Продаю 3-комнатную квартиру. 2 изолированные комнаты, гостиная с",https://www.ss.com/msg/en/real-estate/flats/riga/centre/dcppn.html,Gertrudes 69/71,3,82,2/6,Pre-war house,"1,585 €","130,000  €"
Apstiprināts projekts divstāvu mansarda dzīvoklim ar skatu virs,https://www.ss.com/msg/en/real-estate/flats/riga/centre/elxpc.html,Valdemara 57/59,Other,331,6/6,Pre-war house,"1,048 €","346,750  €"
Pārdod dzīvokli ar palīgtelpu. Tas atrodas 1903. gadā arhitekta,https://www.ss.com/msg/en/real-estate/flats/riga/centre/fhdej.html,Valmieras 28,2,64,5/5,Recon.,"1,508 €","96,500  €"
"Pārdod mājīgu divistabu dzīvokli Rīgā – Matīsa ielā 59, Centrā.",https://www.ss.com/msg/en/real-estate/flats/riga/centre/cihpo.html,Matisa 59,2,57,3/5,Pre-war house,"1,968 €","112,200  €"
"Pārdod koptu un siltu 1-istabas dzīvokli renovētā, ēkas vidus da",https://www.ss.com/msg/en/real-estate/flats/riga/centre/bfdgp.html,Stabu 52,1,19,2/3,Pre-war house,"2,579 €","48,995  €"
"Dzīvoklis ar kamīnu, balkonu un savu stāvvietu pašā pilsētas sir",https://www.ss.com/msg/en/real-estate/flats/riga/centre/chxji.html,Merkela 8,4,115,5/6,Pre-war house,"1,670 €","192,000  €"
Pārdodam plašu un mājīgu 3 istabu dzīvokli klusā Dzirnavu ielas,https://www.ss.com/msg/en/real-estate/flats/riga/centre/bcjegd.html,Dzirnavu 3,3,94,3/5,Recon.,"2,117 €","199,000 €"
Piedāvājam pārdošanai lielisku un saulainu 2-istabu dzīvokli jau,https://www.ss.com/msg/en/real-estate/flats/riga/centre/hdfol.html,Gertrudes 65B,2,66,2/6,New,"2,718 €","179,420  €"
"Gaišs, kluss trīsistabu dzīvoklis pagalma mājā. Viesistaba apvie",https://www.ss.com/msg/en/real-estate/flats/riga/centre/behldk.html,Lachplesha 45,3,55,4/5,Pre-war house,"2,018 €","111,000  €"
"Pārdodam gaišu un ļoti klusu 2-istabu dzīvokli Rīgas centrā, Brī",https://www.ss.com/msg/en/real-estate/flats/riga/centre/clbmf.html,Brivibas 92/94,2,52,2/5,Spec. pr.,"1,712 €","89,000  €"
"Piedāvājam pārdošanai 3-istabu dzīvokli jaunajā projektā ""Ģertrū",https://www.ss.com/msg/en/real-estate/flats/riga/centre/benokc.html,Gertrudes 65,3,52,2/6,New,"2,889 €","150,220  €"
"Tiek pārdods kompakts trīs istabas dzīvoklis (60 kv. m)
Atrašan",https://www.ss.com/msg/en/real-estate/flats/riga/centre/bcdxj.html,Strelnieku 19,3,60,2/3,Recon.,"2,733 €","164,000  €"
"Īpašnieks pārdod gaišu, saulainu un mājīgu 4-istabu dzīvokli (dz",https://www.ss.com/msg/en/real-estate/flats/riga/centre/aimcm.html,Artilerijas 66B,4,64,3/5,Pre-war house,"1,858 €","118,900 €"
"Pārdošanā četristabu dzīvoklis ar kopējo platību 60, 1 m² Bruņin",https://www.ss.com/msg/en/real-estate/flats/riga/centre/bcimcf.html,Bruninieku 20,4,60,2/6,Recon.,"2,417 €","145,000  €"
"Pārdošanā renovēts 1 istabu dzīvoklis Rīgas centrā

Adrese: Br",https://www.ss.com/msg/en/real-estate/flats/riga/centre/eohfx.html,Bruninieku 121,1,27,1/4,Recon.,"2,148 €","58,000  €"
"Pārdod elegantu, pilnībā mēbelētu dzīvokli Raiņa namā – Raiņa bu",https://www.ss.com/msg/en/real-estate/flats/riga/centre/abpli.html,Raina boul. 27,2,48,3/6,Recon.,"3,938 €","189,000  €"
Premium 2 istabu dzīvoklis ar terasi jaunajā projektā Stabu 2A,https://www.ss.com/msg/en/real-estate/flats/riga/centre/afjoe.html,Stabu 2A,2,57,4/7,New,"3,237 €","184,500  €"
"Pārdod 2 istabu dzīvokli ar logiem kas vērsti uz pagalma pusi, t",https://www.ss.com/msg/en/real-estate/flats/riga/centre/afjbp.html,Valmieras 6,2,34,3/3,Pre-war house,935 €,"31,800  €"
"Mājīgs 1-istabas dzīvoklis Centrā. 

Par īpašumu :
+ Mēbeles",https://www.ss.com/msg/en/real-estate/flats/riga/centre/fdknl.html,Valmieras 32,1,20,1/2,Pre-war house,"1,125 €","22,500 €"
Pārdošanā plašs 2 istabu dzīvoklis renovētā 8 dzīvokļu mājā Rīga,https://www.ss.com/msg/en/real-estate/flats/riga/centre/bcommc.html,Tallinas 96,2,60,2/2,Recon.,"1,375 €","82,500  €"
Предлагается к продаже светлая и функциональная 2-комнатная квар,https://www.ss.com/msg/en/real-estate/flats/riga/centre/aebfc.html,Chaka 121,2,54,6/6,Recon.,"1,333 €","72,000  €"
"Продается квартира в одноэтажном доме, отдельный вход со двора,",https://www.ss.com/msg/en/real-estate/flats/riga/centre/bclifc.html,Maiznicas 4,2,65,1/1,Pre-war house,815 €,"53,000  €"
"Kombo -

- Dzīvokļa īpašums, 
- Domājamā daļa no zemes, 
- I",https://www.ss.com/msg/en/real-estate/flats/riga/centre/aehdc.html,Dzirnavu 72,4,87,3/5,Recon.,"1,598 €","139,000  €"
Pārdošanā plašs 3 istabu dzīvoklis ar pabeigtiem apdares darbiem,https://www.ss.com/msg/en/real-estate/flats/riga/centre/aeljp.html,Tallinas 96,3,76,2/2,Recon.,"1,551 €","117,900  €"
Piedāvājam rezervācijai divu istabu dzīvokli ar platību 46 m² vē,https://www.ss.com/msg/en/real-estate/flats/riga/centre/heonx.html,Bruninieku 41,4,46,4/5,Pre-war house,"1,900 €","87,400  €"
Pārdošanā 2 istabu dzīvoklis Skanstē – lieliska iespēja izveidot,https://www.ss.com/msg/en/real-estate/flats/riga/centre/begpnc.html,Tomsona 23,2,43,4/5,Chrusch.,"1,686 €","72,500  €"
Pārdošanā 2 istabu dzīvoklis renovētā 8 dzīvokļu mājā Rīgas cent,https://www.ss.com/msg/en/real-estate/flats/riga/centre/bclicm.html,Tallinas 96,2,41,2/2,Recon.,"1,778 €","72,900  €"
Piedāvājam rezervācijai 3-istabu dzīvokli ar platību 73 m² vēstu,https://www.ss.com/msg/en/real-estate/flats/riga/centre/aenid.html,Bruninieku 41,3,73,2/5,Pre-war house,"1,900 €","138,700  €"
Piedāvājam rezervācijai 4-istabu dzīvokli ar platību 82.8 m² vēs,https://www.ss.com/msg/en/real-estate/flats/riga/centre/agfho.html,Bruninieku 41,4,83,3/5,Pre-war house,"1,895 €","157,320  €"
Īpašnieks pārdod telpas dzīvoklim/birojam pašā Rīgas centrā. Ir,https://www.ss.com/msg/en/real-estate/flats/riga/centre/diejg.html,Tomsona 11,3,88,1/5,Stalin project,"1,600 €","140,800  €"
Pārdošanā pārdomāti iekārtots studio tipa dzīvoklis renovētā ēkā,https://www.ss.com/msg/en/real-estate/flats/riga/centre/gcjnl.html,Barona 24/26,1,26,6/6,Recon.,"3,827 €","99,500  €"
Собственник продает однокомнатную квартиру. Совмещенный санузел,https://www.ss.com/msg/en/real-estate/flats/riga/centre/ahbbm.html,Bruninieku 93A,1,22,1/5,Pre-war house,"1,682 €","37,000  €"
Dzīvoklis vēsturiskā ēkā ar mūsdienu tehnoloģijām un izsmalcināt,https://www.ss.com/msg/en/real-estate/flats/riga/centre/hbplk.html,Baznicas 7,5,155,3/5,Pre-war house,"3,839 €","595,000  €"
"Izvēlies Magdalēnas kvartāls vietu, kur pilsēta satiekas ar Mier",https://www.ss.com/msg/en/real-estate/flats/riga/centre/cpfjx.html,Antonijas 17A,3,142,2/6,New,"3,965 €","563,000  €"
Pārdošanā 2 istabu dzīvoklis 60 m² platībā vienā no Rīgas skaist,https://www.ss.com/msg/en/real-estate/flats/riga/centre/fcpoe.html,Antonijas 20,2,60,6/7,Recon.,"3,750 €","225,000  €"
New Hanza apartamenti projektā rezervēšanai ir pieejams trīsista,https://www.ss.com/msg/en/real-estate/flats/riga/centre/bcjbeo.html,G. Kluca 10,3,71,2/9,New,"3,727 €","264,600 €"
Pillar attīstītajā New Hanza apartamenti projektā rezervēšanai i,https://www.ss.com/msg/en/real-estate/flats/riga/centre/bclfkb.html,G. Kluca 10,4,90,8/9,New,"4,021 €","361,900  €"
3-istabu apartaments ar saulainu terasi Rīgas klusajā centrā.,https://www.ss.com/msg/en/real-estate/flats/riga/centre/denlk.html,Ganu 2,3,117,5/5,Pre-war house,"2,393 €","280,000  €"
Gaumīgs un skaisti iekārtots četru istabu dzīvoklis renovētā nam,https://www.ss.com/msg/en/real-estate/flats/riga/centre/bcikjd.html,Alauksta 7,4,75,1/4,Recon.,"3,187 €","239,000  €"
Divstāvīgs dzīvoklis ar privātmājas sajūtu ar 2 lielām terasēm u,https://www.ss.com/msg/en/real-estate/flats/riga/centre/cnopc.html,Rupniecibas 50,4,140,5/5,New,"2,929 €","410,000  €"
"Продаётся уютная, светлая 1 комнатная квартира в тихом центре. У",https://www.ss.com/msg/en/real-estate/flats/riga/centre/hdfkk.html,Zirnu 6,1,32,2/6,Chrusch.,"1,969 €","63,000  €"
"Zeme īpašumā, pagalma māja, slēgts pagalms, ieeja no pagalma, kā",https://www.ss.com/msg/en/real-estate/flats/riga/centre/bdpgph.html,Stabu 46,3,71,2/6,Pre-war house,"1,901 €","135,000  €"
Piedāvājumā no attīstītāja 2-istabu dzīvoklis Nr. 14 prestižajā,https://www.ss.com/msg/en/real-estate/flats/riga/centre/acdgx.html,Pulkv. Briezha 15,2,48,2/7,Recon.,"3,187 €","152,960  €"
"Pārdod plašu 3 istabu dzīvokli pilsētas centrā, ēkas 5. stāvā.",https://www.ss.com/msg/en/real-estate/flats/riga/centre/agfgi.html,Stabu 59,3,76,5/5,Pre-war house,"1,539 €","117,000  €"
"Pārdod plašu 3 istabu dzīvokli pilsētas centrā, ēkas 4. stāvā.",https://www.ss.com/msg/en/real-estate/flats/riga/centre/bciipe.html,Stabu 59,3,68,4/5,Pre-war house,"1,515 €","103,000  €"
"Pārdod plašu 3 istabu dzīvokli pilsētas centrā, ēkas 2. stāvā.",https://www.ss.com/msg/en/real-estate/flats/riga/centre/fxghb.html,Stabu 59,3,64,2/5,Pre-war house,"1,217 €","77,900  €"
"Mājā nodota ekspuatācījā. 

Dzīvokļi ar pilnu apdari renovētā",https://www.ss.com/msg/en/real-estate/flats/riga/centre/afpgc.html,Zvaigzhnu 21,2,35,4/6,Recon.,"2,393 €","83,760  €"
"Unikālais dzīvoklis ar balkonu, vienīgais projekta. 65.9 m2 dzīv",https://www.ss.com/msg/en/real-estate/flats/riga/centre/ddngl.html,Lachplesha 36,3,68,2/5,Recon.,"3,828 €","260,305  €"
"Дом сдан в эксплуатацию. 
Полностью реновированный дом в самом",https://www.ss.com/msg/en/real-estate/flats/riga/centre/cxfpn.html,Lachplesha 36,2,45,1/5,Recon.,"3,320 €","149,410  €"
Attīstītājs piedāvā dzīvokļus pilnībā atjaunotā vēsturiskā ēkā R,https://www.ss.com/msg/en/real-estate/flats/riga/centre/bhxkd.html,Lachplesha 36,2,36,4/5,Recon.,"3,529 €","127,050  €"
"Katrīnas iela 5 ir vēsturiska daudzdzīvokļu ēka, kuras pirmsākum",https://www.ss.com/msg/en/real-estate/flats/riga/centre/amfbl.html,Katrinas 5,2,36,2/4,Recon.,"2,697 €","97,104  €"
Pārdodam gaišu un plašu trīsistabu dzīvokli Rīgas centrā. Lielis,https://www.ss.com/msg/en/real-estate/flats/riga/centre/adfjn.html,Gertrudes 105,3,60,2/5,Pre-war house,"1,500 €","90,000  €"
Apartamenti īstiem pilsētas dzīves baudītājiem. Nāc un dzīvo – v,https://www.ss.com/msg/en/real-estate/flats/riga/centre/hdmob.html,Skolas 20,3,130,3/6,Recon.,"2,992 €","389,000  €"
"Pārdod dzīvokli jaunajā dzīvojamajā projektā, Rīgas centrā, Daug",https://www.ss.com/msg/en/real-estate/flats/riga/centre/bcilhf.html,Krasta 1,1,28,3/3,New,"2,881 €","80,655  €"
Patiesi autentisks dzīvoklis prestižā vietā - Rīgas klusajā cent,https://www.ss.com/msg/en/real-estate/flats/riga/centre/bdpelc.html,Vilandes 5,3,73,4/5,Recon.,"2,288 €","167,000  €"
"Terase, izsmalcināta arhitektūra un mūsdienīgs komforts – šis 3",https://www.ss.com/msg/en/real-estate/flats/riga/centre/bdpffx.html,Valdemara 41a,3,64,5/7,New,"4,000 €","256,000  €"
Pārdod loft stila dzīvokli 28 m² pilsētas centrā. Īpašums ir per,https://www.ss.com/msg/en/real-estate/flats/riga/centre/bcjldn.html,Birznieka-Upisha 2..,1,28,4/6,New,"3,679 €","103,000  €"
"Rīgas centra jaunajā projektā “Tērbatas dārzs”, kas atrodas Tērb",https://www.ss.com/msg/en/real-estate/flats/riga/centre/begoef.html,Terbatas 78A,3,79,6/7,New,"4,076 €","322,000  €"
Lielisks dzīvoklis pašā pilsētas centrā. Tas atrodas fasādes māj,https://www.ss.com/msg/en/real-estate/flats/riga/centre/gjodj.html,Dzirnavu 55,5,135,2/4,Pre-war house,"2,000 €","270,000  €"
"Pārdod plašas un funkcionālas telpas Rīgas centrā, kas šobrīd re",https://www.ss.com/msg/en/real-estate/flats/riga/centre/aechh.html,Cesu 41 k-2,3,75,1/3,Pre-war house,580 €,"43,500  €"
"Premium klases dzīvokļi Rīgas centrā – Lāčplēša ielā 36.

Ēka",https://www.ss.com/msg/en/real-estate/flats/riga/centre/chccp.html,Lachplesha 36,3,69,5/5,Recon.,"3,783 €","261,060  €"
Attīstītājs piedāvā iegādāties dzīvokli pilnībā renovētā mājā Da,https://www.ss.com/msg/en/real-estate/flats/riga/centre/ahhxi.html,Sadovnikova 30,2,29,2/5,Recon.,"2,441 €","70,800  €"
"Pārdošanā ir nonācis skaists, gaišs 2-istabu dzīvoklis Rīgas cen",https://www.ss.com/msg/en/real-estate/flats/riga/centre/dpied.html,Stabu 33,2,47,2/2,Recon.,"1,809 €","85,000  €"
"Skanstes Virsotnes projektā, Skanstes ielā 29A, piedāvājumā gaiš",https://www.ss.com/msg/en/real-estate/flats/riga/centre/bcipdm.html,Skanstes 29a,2,67,11/24,New,"2,657 €","178,000  €"
"Pārdošanā elegants 3 istabu dzīvoklis Ausekļa ielā 3, vēsturiska",https://www.ss.com/msg/en/real-estate/flats/riga/centre/beglii.html,Ausekla 3,3,72,1/5,Pre-war house,"2,292 €","165,000  €"
Elegants 3-istabu dzīvoklis ar saunu pie Viesturdārza - Klusais,https://www.ss.com/msg/en/real-estate/flats/riga/centre/bgfjb.html,Rupniecibas 21,3,94,2/7,New,"3,138 €","295,000  €"
"Piedāvājam skaistu 2 istabu dzīvokli ar terasi Rīgas centrā. 
D",https://www.ss.com/msg/en/real-estate/flats/riga/centre/algxi.html,Pulkv. Briezha 21,2,72,3/7,New,"3,347 €","241,000  €"
Attīstītājs piedāvā iegādāties dzīvokli 1912. gadā celtā pirmska,https://www.ss.com/msg/en/real-estate/flats/riga/centre/afmhc.html,Brivibas 190,1,29,4/6,Recon.,"1,612 €","46,746  €"
"Kluss, gaišs un saulains dzīvoklis Stabu ielā. 

Dzīvoklī ir 4",https://www.ss.com/msg/en/real-estate/flats/riga/centre/hcmbk.html,Stabu 62a,4,109,3/5,Pre-war house,"2,018 €","220,000  €"
Attīstītājs un īpašnieks – kompāniju grupa “R. Evolution” – pārd,https://www.ss.com/msg/en/real-estate/flats/riga/centre/apchl.html,Strelnieku 5,3,139,5/7,New,"4,194 €","583,000  €"
"Dzīvoklis kā privātmāja Rīgas centrā, rajonā starp veco jūgensti",https://www.ss.com/msg/en/real-estate/flats/riga/centre/cbojk.html,Lenсu 1,5,162,3/3,Pre-war house,"1,883 €","305,000 €"
"Gaišs 1-istabas dzīvoklis izcilā vietā Rīgas centrā. 

Par īpa",https://www.ss.com/msg/en/real-estate/flats/riga/centre/bedxdg.html,J. Dalina 2,1,30,1/5,Chrusch.,"1,167 €","35,000  €"
"Pārdod skaistu, pilnībā mēbelētu 3 istabu dzīvokli Rīgas centrā,",https://www.ss.com/msg/en/real-estate/flats/riga/centre/bedfpb.html,Chaka 30a,3,70,6/7,Recon.,"3,357 €","235,000  €"
Jūsu uzmanībai stilīgs 3 istabu dzīvoklis pilsētas centrā pēc ka,https://www.ss.com/msg/en/real-estate/flats/riga/centre/adbgb.html,Lugazhu 6,3,62,4/5,Lit pr.,"1,565 €","97,000  €"
Pārdodas nekustamais īpašums ar milzīgu potenciālu pašā Rīgas si,https://www.ss.com/msg/en/real-estate/flats/riga/centre/bednkg.html,Blaumana 25,3,82,1/5,Pre-war house,"1,073 €","88,000  €"
"Īpašnieks pārdod divstāvu penthausu ar pilnu apdari, dzīvoklis a",https://www.ss.com/msg/en/real-estate/flats/riga/centre/gfogx.html,Rupniecibas 50,5,138,6/7,New,"2,971 €","410,000 €"
Unikāls 130 m² dzīvoklis Rīgas centrā ar autostāvvietu un iespēj,https://www.ss.com/msg/en/real-estate/flats/riga/centre/bebdxd.html,Lachplesha 70B,5,130,3/6,Pre-war house,"1,769 €","230,000  €"
"Pārdodu 1-istabas dzīvokli Rīgas centrā, ļoti labā vietā, strauj",https://www.ss.com/msg/en/real-estate/flats/riga/centre/acxpj.html,Asara 12a,1,21,1/2,Pre-war house,738 €,"15,499  €"
Продаю 1 комнатную квартиру со всеми удобствами. Зарегистрирован,https://www.ss.com/msg/en/real-estate/flats/riga/centre/gggnf.html,Bruninieku 92B,1,32,2/3,Pre-war house,"1,125 €","36,000  €"
2-istabu dzīvoklis ar plašu terasi un skatu uz pievilcīgu pilsēt,https://www.ss.com/msg/en/real-estate/flats/riga/centre/dblce.html,Stabu 77,2,79,6/6,Recon.,"1,709 €","135,000  €"
"Gaišs un plašs dzīvoklis bez remonta renovētā namā. 
Dzīvokļa p",https://www.ss.com/msg/en/real-estate/flats/riga/centre/bcxnje.html,Lachplesha 35,3,89,3/6,Recon.,"1,656 €","147,378  €"
"Ļoti gaišs, pilnībā atjaunots 3 istabu dzīvoklis 6. stāvā, foršā",https://www.ss.com/msg/en/real-estate/flats/riga/centre/affgx.html,Avotu 8k - 1,3,64,6/6,Pre-war house,"2,469 €","158,000  €"
Pārdošanā plašs dzīvoklis vienā no pieprasītākajām Rīgas centra,https://www.ss.com/msg/en/real-estate/flats/riga/centre/bcohxb.html,Skolas 22a,3,125,2/6,Pre-war house,"1,816 €","227,000  €"
Pārdošanā gaišs un mājīgs studijas tipa mansarda dzīvoklis pilnī,https://www.ss.com/msg/en/real-estate/flats/riga/centre/ehxci.html,Artilerijas 52,1,28,5/5,Recon.,"3,393 €","95,000  €"
Pārdod elegantu klasiskā stila dzīvokli pilnībā renovētā jūgends,https://www.ss.com/msg/en/real-estate/flats/riga/centre/gcjkg.html,Alberta 1,5,161,2/5,Recon.,"4,783 €","770,000  €"
Pārdošanā gaišs un telpisks dzīvoklis 157.7 m2 platībā vienā no,https://www.ss.com/msg/en/real-estate/flats/riga/centre/bcbchl.html,Maiznicas 12,5,158,4/5,Pre-war house,"2,215 €","350,000  €"
Pārdod divu līmeņu dzīvokli ar iespēju pabeigt apdari pēc saviem,https://www.ss.com/msg/en/real-estate/flats/riga/centre/bclxnb.html,Eksporta 12,5,108,7/7,Recon.,"2,037 €","220,000  €"
"Īpašnieks pārdod plašu, gaišu 2-istabu mansarda dzīvokli pilnībā",https://www.ss.com/msg/en/real-estate/flats/riga/centre/bclghf.html,Stabu 99,2,67,6/6,Recon.,"2,060 €","138,000  €"
Īpašnieks pārdod telpas dzīvoklim/birojam pašā Rīgas centrā. Ir,https://www.ss.com/msg/en/real-estate/flats/riga/centre/eockg.html,Tomsona 11,3,83,1/5,Stalin project,"1,606 €","133,270  €"
Piedāvājam iegādāties modernu 3 istabu dzīvokli ar pilnu apdari,https://www.ss.com/msg/en/real-estate/flats/riga/centre/agleo.html,Blaumana 20,2,68,2/7,New,"3,940 €","267,900  €"
"Katrīnas iela 5 ir vēsturiska daudzdzīvokļu ēka, kuras pirmsākum",https://www.ss.com/msg/en/real-estate/flats/riga/centre/bocli.html,Katrinas 5,4,95,3/4,Recon.,"2,875 €","273,105  €"
"Katrīnas iela 5 ir vēsturiska daudzdzīvokļu ēka, kuras pirmsākum",https://www.ss.com/msg/en/real-estate/flats/riga/centre/bcojbk.html,Katrinas 5,3,66,4/4,Recon.,"2,814 €","185,736  €"
"Продается квартира, которая используется в настоящий момент, как",https://www.ss.com/msg/en/real-estate/flats/riga/centre/ccmbf.html,Brivibas 114,3,48,1/6,Pre-war house,"1,083 €","52,000  €"
"Katrīnas iela 5 ir vēsturiska daudzdzīvokļu ēka, kuras pirmsākum",https://www.ss.com/msg/en/real-estate/flats/riga/centre/feigo.html,Katrinas 5,2,37,2/4,Recon.,"2,696 €","99,736  €"
"Divu istabu dzīvoklis jaunā projektā Rīgas centrā. 
Unikāla ies",https://www.ss.com/msg/en/real-estate/flats/riga/centre/aenkm.html,Blaumana 20,2,57,4/7,New,"4,265 €","243,100  €"
"Katrīnas iela 5 ir vēsturiska daudzdzīvokļu ēka, kuras pirmsākum",https://www.ss.com/msg/en/real-estate/flats/riga/centre/gpiik.html,Katrinas 5,3,53,2/4,Recon.,"2,846 €","150,858  €"
Iegādei pieejams elegants 2 istabu dzīvoklis Rīgas prestižajā Kl,https://www.ss.com/msg/en/real-estate/flats/riga/centre/ghffc.html,Pulkv. Briezha 10,2,46,5/5,Recon.,"3,788 €","174,267  €"
"Pārdošanā ekskluzīvs, dizaineru veidots un pilnībā aprīkots dzīv",https://www.ss.com/msg/en/real-estate/flats/riga/centre/bcjdbj.html,Brivibas 92,2,61,3/5,Recon.,"2,457 €","149,900  €"
"Tiek pārdots 3 istabu dzīvoklis projektā ""Vāgnera Rezidence"" Vec",https://www.ss.com/msg/en/real-estate/flats/riga/centre/bcleld.html,Teatra 7,3,86,2/4,New,"3,488 €","300,000  €"
"Dzīvoklis ar terasi renovētā ēkā. 
Plānojums:
virtuve-viesista",https://www.ss.com/msg/en/real-estate/flats/riga/centre/ajbcx.html,Vagnera 20,4,101,2/3,Recon.,"3,088 €","311,860  €"
"Viesturdārza Rezidence ir dzīvojamā ēka Rīgas klusajā centrā, ku",https://www.ss.com/msg/en/real-estate/flats/riga/centre/acike.html,Vashingtona pl. 2,1,22,4/6,Recon.,"4,219 €","92,820  €"
Pārdošanā plašs un funkcionāls 5 istabu dzīvoklis klusā pilsētas,https://www.ss.com/msg/en/real-estate/flats/riga/centre/cxcdd.html,Hospitalu 36A,5,146,6/6,Pre-war house,"1,664 €","243,000  €"
Pilnībā mēbelēts 2 istabu studio dzīvoklis ar privātu terasi pre,https://www.ss.com/msg/en/real-estate/flats/riga/centre/bcoepi.html,Chaka 30A,2,42,1/7,Recon.,"3,333 €","140,000  €"
Pārdod trīslīmeņu dzīvokli stratēģiski izdevīgā lokācijā E. Birz,https://www.ss.com/msg/en/real-estate/flats/riga/centre/clxkk.html,Birznieka-Upisha 6,3,71,2/3,Pre-war house,"1,477 €","104,900  €"
Pārdodu 2 istabu dzīvokli jaunajā projektā pēc kvalitatīva remon,https://www.ss.com/msg/en/real-estate/flats/riga/centre/cigee.html,Katrinas d. 14,2,52,2/3,New,"2,620 €","136,250  €"
"Saulains 3 istabu dzīvoklis pirmskara ēkā Rīgas Centrā. 

Dzīv",https://www.ss.com/msg/en/real-estate/flats/riga/centre/gcefc.html,Valdemara 123,3,67,5/6,Pre-war house,"1,194 €","80,000  €"
Piedāvājam iegādāties 45m² plašas puspagraba telpas mūra ēkā Rīg,https://www.ss.com/msg/en/real-estate/flats/riga/centre/acdgj.html,Bruninieku 68A,1,45,1/4,Pre-war house,656 €,"29,500  €"
"Pašā Rīgas centrā, blakus Vērmanes darzam, piedāvājam dzīvokli,",https://www.ss.com/msg/en/real-estate/flats/riga/centre/fdkjk.html,Kalnina 6,2,61,2/6,Pre-war house,"2,820 €","172,000  €"
"Blaumaņa iela 12, Rīga 64 m² 250 000 Eur

Pārdošanā elegants u",https://www.ss.com/msg/en/real-estate/flats/riga/centre/bepoom.html,Blaumana 12,3,64,6/6,Recon.,"3,906 €","250,000  €"
Attīstītājs piedāvā iegādāties dzīvokli pilnībā renovētā mājā Da,https://www.ss.com/msg/en/real-estate/flats/riga/centre/bcjfdc.html,Sadovnikova 30,2,35,2/5,Recon.,"2,457 €","86,000  €"
"Atvērta rezervācija. 

Dzīvokļi ar pilnu apdari renovētā ēkā,",https://www.ss.com/msg/en/real-estate/flats/riga/centre/becooe.html,Zvaigzhnu 21,2,26,2/5,Recon.,"2,382 €","61,920  €"
Tiek pārdots pilnībā mēbelēts un dzīvošanai aprīkots 4 istabu dz,https://www.ss.com/msg/en/real-estate/flats/riga/centre/bcjxhh.html,Birznieka-Upisha 1..,4,112,5/7,New,"2,750 €","308,000  €"
"Piedāvājam iegādāties plašu un mājīgu 5 istabu dzīvokli (150, 9",https://www.ss.com/msg/en/real-estate/flats/riga/centre/bemgbb.html,Valdemara 39,5,150,3/6,Recon.,"1,667 €","250,000  €"
Labdien. Pardodam ļoti labi novietotu dzīvokli pieprasītā Veseta,https://www.ss.com/msg/en/real-estate/flats/riga/centre/eicfo.html,Vesetas 10,4,103,1/8,Spec. pr.,"1,932 €","199,000 €"
Tiek piedāvāts kapitāli izremontētais dzīvoklis Rīgas klusajā ce,https://www.ss.com/msg/en/real-estate/flats/riga/centre/adlgj.html,Artilerijas 44,3,95,2/4,Pre-war house,"2,100 €","199,500 €"
"Pārdod 3 istabu dzīvokli Klusajā centrā, Eksporta ielā 12. Ēka r",https://www.ss.com/msg/en/real-estate/flats/riga/centre/abfhx.html,Eksporta 12,3,79,1/6,Recon.,"1,759 €","139,000  €"
Pārdošanā elegants divu līmeņu dzīvoklis klusajā centrā – presti,https://www.ss.com/msg/en/real-estate/flats/riga/centre/gfhco.html,Dzirnavu 34,6,155,4/5,Recon.,"1,916 €","297,000  €"
"Pārdod 3 istabu dzīvokli Rīgas centrā, Tērbatas ielā 20. Dzīvokl",https://www.ss.com/msg/en/real-estate/flats/riga/centre/bcikjx.html,Terbatas 20,3,68,3/6,Recon.,"3,653 €","248,400  €"
"Pārdod 2 istabu dzīvokli Rīgas centrā, Tērbatas ielā 20. Dzīvokl",https://www.ss.com/msg/en/real-estate/flats/riga/centre/bciggf.html,Terbatas 20,2,48,3/6,Recon.,"3,323 €","159,500  €"
"Piemērots izīrēšanai vai pašiem dzīvošanai. 
Dzīvoklis Nr. 55",https://www.ss.com/msg/en/real-estate/flats/riga/centre/bedjbl.html,Chaka 133,1,32,4/6,Pre-war house,"1,469 €","46,998  €"
"Siltas, sausas, saulainas augsta puspagraba telpas kuras var izm",https://www.ss.com/msg/en/real-estate/flats/riga/centre/ahdpo.html,Chaka 133,4,125,1/6,Pre-war house,540 €,"67,541  €"
"Pārdodam dzīvokli skaistā lokācijā Rīgas centrā, ar skatu uz Par",https://www.ss.com/msg/en/real-estate/flats/riga/centre/aehbe.html,Raina boul. 17,5,189,5/5,Recon.,"1,746 €","330,000  €"
"Продаётся светлая и уютная квартира со свежим ремонтом 

Кварт",https://www.ss.com/msg/en/real-estate/flats/riga/centre/aoobo.html,Chaka 121,1,40,2/6,Pre-war house,"1,900 €","76,000 €"
"Pilsētas centrā tiek pārdots mājīgs, saulains un labi uzturēts t",https://www.ss.com/msg/en/real-estate/flats/riga/centre/agcfg.html,Gertrudes 84,3,81,2/6,Pre-war house,"1,852 €","149,999  €"
Pārdod 3 istabu dzīvokli pašā Rīgas centrā. Dzīvoklis pārdodas k,https://www.ss.com/msg/en/real-estate/flats/riga/centre/hdpbb.html,Brivibas 60,3,55,4/4,Pre-war house,"2,273 €","125,000  €"
Īpašnieks pārdod 4 istabu dzīvokli Rīgas centrā. Zeme īpašumā. D,https://www.ss.com/msg/en/real-estate/flats/riga/centre/bhenj.html,Stabu 84,4,95,3/4,Pre-war house,"1,126 €","107,000  €"
Pārdošanā elegants un pilnībā mēbelēts 3 istabu dzīvoklis Rūpnie,https://www.ss.com/msg/en/real-estate/flats/riga/centre/bkkbm.html,Rupniecibas 44,3,140,4/6,New,"2,607 €","365,000  €"
Pārdodu stilīgu premium klases divistabu dzīvokli pašā Rīgas cen,https://www.ss.com/msg/en/real-estate/flats/riga/centre/bekbjm.html,Artilerijas 19,2,42,2/5,Pre-war house,"3,095 €","130,000  €"
"Ēka celta 1911. gadā no silikātķieģeļiem, saglabājot pirmskara a",https://www.ss.com/msg/en/real-estate/flats/riga/centre/cdofk.html,Matisa 119,3,84,4/5,Pre-war house,"1,356 €","113,940  €"
Tiek pārdots plašs un elegants piecu istabu dzīvoklis Rīgas cent,https://www.ss.com/msg/en/real-estate/flats/riga/centre/adjib.html,Barona 92,5,139,2/6,Pre-war house,"2,496 €","347,000  €"
"Šarmants 2-istabu dzīvoklis vēsturiskā pirmskara mūra ēkā
Piedā",https://www.ss.com/msg/en/real-estate/flats/riga/centre/akcpo.html,Barona 80,2,45,4/5,Pre-war house,"2,178 €","98,000  €"
"Skanstes rajonā tiek pārdots mājīgs, silts, gaišs un nav stūra t",https://www.ss.com/msg/en/real-estate/flats/riga/centre/aempf.html,Zirnu 5 k. 2,3,60,4/9,467-th,"1,700 €","102,000  €"
Brīvības ielā 190 jaunu dzīvi sāk 1912. gadā pēc arhitekta Nikol,https://www.ss.com/msg/en/real-estate/flats/riga/centre/bdphnn.html,Brivibas 190,3,48,2/6,Recon.,"2,281 €","109,480  €"
"Jaunais dzīvokļu projekts Rīgā – Hospitāļu iela 49

Mūsdienīga",https://www.ss.com/msg/en/real-estate/flats/riga/centre/bednxo.html,Hospitalu 49,2,45,2/8,New,"3,182 €","143,200  €"
Pārdod plašu un ekskluzīvu četristabu dzīvokli Rīgas centrā – Pē,https://www.ss.com/msg/en/real-estate/flats/riga/centre/flejk.html,Pernavas 41,4,105,6/6,Recon.,"2,642 €","277,440  €"
Īpašnieks pārdod dzīvokli ar 4 metrus augstiem griestiem jaunajā,https://www.ss.com/msg/en/real-estate/flats/riga/centre/adinf.html,Brivibas 201,2,57,3/5,New,"1,991 €","113,500  €"
Īpašnieks pārdod dzīvokli ar panorāmas logiem jaunajā projektā –,https://www.ss.com/msg/en/real-estate/flats/riga/centre/bjxcf.html,Brivibas 201,1,37,4/5,New,"2,068 €","76,500  €"
Projekta attīstītājs piedāvā iegādāties dzīvokli ar 4 metrus aug,https://www.ss.com/msg/en/real-estate/flats/riga/centre/fpbhb.html,Brivibas 201,2,38,2/5,New,"2,092 €","79,500  €"
Īpašnieks pārdod dzīvokli ar 4 metrus augstiem griestiem jaunajā,https://www.ss.com/msg/en/real-estate/flats/riga/centre/bdpngb.html,Brivibas 201,2,56,3/5,New,"2,009 €","112,500  €"
Īpašnieks pārdod dzīvokli ar balkonu un 3 metrus augstiem griest,https://www.ss.com/msg/en/real-estate/flats/riga/centre/ceglm.html,Brivibas 201,3,76,4/5,New,"2,164 €","164,500  €"
Īpašnieks pārdod dzīvokli ar 4 metrus augstiem griestiem jaunajā,https://www.ss.com/msg/en/real-estate/flats/riga/centre/bcigjm.html,Brivibas 201,3,84,2/5,New,"1,808 €","151,900  €"
Īpašnieks pārdod Fantastisku un izlolotu dzīvokli Rīgas centrā.,https://www.ss.com/msg/en/real-estate/flats/riga/centre/bdpfgb.html,Brivibas 95,2,64,7/7,Pre-war house,"3,094 €","198,000  €"
"Dzīvoklis ar stavvietu atrodas skaistā vēsturiskā ēkā, kas izvie",https://www.ss.com/msg/en/real-estate/flats/riga/centre/bcbbih.html,Avotu 8 k-1,2,61,2/6,Pre-war house,"1,869 €","114,000  €"
"Pārdod labiekārtotas ofisa telpas 61 m2 platībā, tika pārbūvētas",https://www.ss.com/msg/en/real-estate/flats/riga/centre/egool.html,Tomsona 39,2,61,2/10,New,"1,803 €","110,000  €"
"Pārdod 2 istabu dzīvokli Rīgas centrā. 
Dzīvoklim nepieciešams",https://www.ss.com/msg/en/real-estate/flats/riga/centre/aohin.html,Matisa 84,2,25,1/2,Pre-war house,756 €,"18,900  €"
Rīgas centrā tiek pārdots 2-istabu saulains un elegants dzīvokli,https://www.ss.com/msg/en/real-estate/flats/riga/centre/bxixc.html,Brivibas 68,2,49,2/6,Recon.,"3,471 €","170,100  €"
"Pārdod divu guļamistabu dzīvokli Rīgas Sirdī

Šis gaišais un p",https://www.ss.com/msg/en/real-estate/flats/riga/centre/hhcfk.html,Blaumana 25,2,47,3/5,Pre-war house,"2,723 €","128,000  €"
Pārdodam kompaktu un funkcionālu 1 istabas dzīvokli. Dzīvoklis t,https://www.ss.com/msg/en/real-estate/flats/riga/centre/aonkj.html,Bruninieku 121B,1,29,1/6,Recon.,"2,241 €","65,000  €"
Pārdodam gaišu 2 istabu dzīvokli ar patīkamu mājīgumasajūtu Kriš,https://www.ss.com/msg/en/real-estate/flats/riga/centre/ahgxi.html,Barona 96/98,2,52,4/5,Stalin project,"2,154 €","112,000  €"
Īpašnieks pārdod 3 istabu dzīvokli 112 m² Rīgas klusajā centrā,https://www.ss.com/msg/en/real-estate/flats/riga/centre/afgdb.html,Republikas pl. 3,3,112,3/7,New,"2,188 €","245,000  €"
Iekšpagalma dzīvoklis Rīgas centrā ar ērtu infrastruktūru blakus,https://www.ss.com/msg/en/real-estate/flats/riga/centre/bexlne.html,Valdemara 57/59,2,73,5/6,Pre-war house,"1,705 €","124,500  €"
Mājīgs trīsistabu dzīvoklis Rīgas centrā. Atrodas pie Gaisa tilt,https://www.ss.com/msg/en/real-estate/flats/riga/centre/abiie.html,Brivibas 177,3,67,3/6,Spec. pr.,"1,761 €","118,000  €"
"Silts un mājīgs 3 istabu dzīvoklis, 74 m2, augstais beletāžas 1.",https://www.ss.com/msg/en/real-estate/flats/riga/centre/bcncdd.html,Stabu 46/48,3,74,1/5,Recon.,"1,554 €","115,000  €"
"Studio tipa dzīvoklis ar autostāvvietu Klusajā centrā. 

Pārdo",https://www.ss.com/msg/en/real-estate/flats/riga/centre/foppp.html,Strelnieku 15,1,30,2/3,Recon.,"2,666 €","79,990  €"
"Piedāvājumā stilīgs un mājīgs 1-istabas dzīvoklis Rīgas centrā,",https://www.ss.com/msg/en/real-estate/flats/riga/centre/dpjnh.html,Klusa 16,1,26,1/4,Recon.,"2,769 €","72,000  €"
Pārdodu lielisku trīsistabu dzīvokli pirmskara laika ķieģeļu māj,https://www.ss.com/msg/en/real-estate/flats/riga/centre/ehglm.html,Ganibu d. 3,3,93,2/4,Pre-war house,"1,882 €","175,000  €"
"Pārdodu saulainu un siltu 2 istabu dzīvokli centrā, Eksporta iel",https://www.ss.com/msg/en/real-estate/flats/riga/centre/ablpc.html,Eksporta 14,2,55,5/5,Stalin project,"1,909 €","105,000  €"
"Nestandarta planojums. Augsts pirmais stāvs - 1, 75 m. līdz palo",https://www.ss.com/msg/en/real-estate/flats/riga/centre/becebg.html,Valdemara 143,3,60,1/6,Chrusch.,"1,167 €","70,000  €"
"Pārdod jaunu, modernu un pilnībā aprīkotu 3 istabu dzīvokli jaun",https://www.ss.com/msg/en/real-estate/flats/riga/centre/bdpfbl.html,Dainas 10A,3,65,3/6,New,"3,154 €","205,000  €"
Gaišs un mājīgs 2 istabu dzīvoklis pagalmā ēkā lieliska izvēle t,https://www.ss.com/msg/en/real-estate/flats/riga/centre/abogb.html,Brivibas 159,2,46,2/5,Pre-war house,"1,957 €","90,000  €"
Красивая 2к квартира. Без посредников пожалуйста. Стратегически,https://www.ss.com/msg/en/real-estate/flats/riga/centre/bkheg.html,Dzirnavu 3А,3,53,1/5,Pre-war house,"2,545 €","134,900  €"
Lat/ang/rus/ Lieliska investīciju iespēja: kompakti divistabu dz,https://www.ss.com/msg/en/real-estate/flats/riga/centre/giekg.html,Chaka 26a,2,42,1/5,Recon.,"2,543 €","106,800  €"
"Pārdod 3-istabu dzīvoklis ar panorāmas logiem, projektā ""Duntes",https://www.ss.com/msg/en/real-estate/flats/riga/centre/dpikp.html,Duntes 28,3,71,4/16,New,"2,239 €","159,000  €"
"Pārdod gaišu un plašu 3 istabu dzīvokli Pētersalā, klusā un ļoti",https://www.ss.com/msg/en/real-estate/flats/riga/centre/begpme.html,Lugazhu 4,3,63,5/5,Lit pr.,"1,143 €","72,000  €"
Pārdošanā – Ienesošs Investīciju Dzīvoklis Rīgas Centrā (K. Baro,https://www.ss.com/msg/en/real-estate/flats/riga/centre/bijee.html,Barona 24/26,1,27,5/6,Recon.,"3,911 €","105,600  €"
Pārdod kvalitatīvu un komfortablu 3 istabu dzīvokli Rīgas centrā,https://www.ss.com/msg/en/real-estate/flats/riga/centre/behofp.html,Marijas 16,3,65,4/7,Recon.,"2,138 €","139,000  €"
Investīciju piedāvājums: divistabu dzīvoklis pašā Rīgas centrā.,https://www.ss.com/msg/en/real-estate/flats/riga/centre/bfbpm.html,Chaka 26,2,37,1/7,Recon.,"3,155 €","116,750  €"
Investīciju piedāvājums: divistabu dzīvoklis pašā Rīgas centrā.,https://www.ss.com/msg/en/real-estate/flats/riga/centre/bmxmc.html,Chaka 26,2,43,1/7,Recon.,"3,115 €","133,945  €"
"Продается уникальная квартира-студия площадью 15, 1 м2, располож",https://www.ss.com/msg/en/real-estate/flats/riga/centre/cndce.html,Elizabetes 12,1,15,1/5,Recon.,"4,993 €","74,900  €"
A unique investment opportunity: a compact -room apartment in th,https://www.ss.com/msg/en/real-estate/flats/riga/centre/bfcip.html,Chaka 26а,1,25,1/5,Recon.,"2,572 €","64,300  €"
Pārdošanā kvalitatīvs 2 istabu dzīvoklis renovētā iekšpagalma mā,https://www.ss.com/msg/en/real-estate/flats/riga/centre/adhld.html,Chaka 113a,2,46,1/6,Recon.,"2,511 €","115,500  €"
"Reta iespēja - ideāls plānojums
Rare offer - ideal layout
Редк",https://www.ss.com/msg/en/real-estate/flats/riga/centre/aixdl.html,Raina boul. 2,4,149,3/6,Recon.,"2,208 €","329,000  €"
Pārdod pilnībā renovētu 2 istabu dzīvokli Rīgas centrā - Katrīna,https://www.ss.com/msg/en/real-estate/flats/riga/centre/aebne.html,Katrinas d. 14,2,77,3/4,New,"2,532 €","195,000  €"
"Pārdodam plašu 6 istabu dzīvokli izskatīgā Jūgendstila namā, lie",https://www.ss.com/msg/en/real-estate/flats/riga/centre/bckmdg.html,Gertrudes 30,6,142,4/5,Pre-war house,"1,570 €","223,000  €"
"Pārdodu jauku divistabu dzīvokli Rīgas centrā , netālu no stacij",https://www.ss.com/msg/en/real-estate/flats/riga/centre/afjgm.html,Raina boul. 31,2,37,5/6,Pre-war house,"2,405 €","89,000  €"
"Quiet center, new, design masterpiece, sunny, top quality apartm",https://www.ss.com/msg/en/real-estate/flats/riga/centre/ddbdd.html,Eksporta 4,6,205,2/6,Recon.,"3,366 €","690,000  €"
Gaišs un plašs 3 istabu dzīvoklis (53 m²) Rīgas centrā lieliska,https://www.ss.com/msg/en/real-estate/flats/riga/centre/alono.html,Dzirnavu 132,3,53,2/5,Pre-war house,"1,623 €","86,000 €"
"Продаётся просторная изящная квартира в историческом центре, в д",https://www.ss.com/msg/en/real-estate/flats/riga/centre/glmbi.html,Pumpura 5,5,330,2/5,Recon.,"3,636 €","1,200,000  €"
"Продается просторная и светлая 5-комнатная двухэтажная квартира,",https://www.ss.com/msg/en/real-estate/flats/riga/centre/hhfip.html,Zaubes 9А,5,191,6/6,New,"3,084 €","589,000  €"
Pārdod plašu 3 istabu dzīvokli renovētā pirmskara ēkā Rīgas cent,https://www.ss.com/msg/en/real-estate/flats/riga/centre/apbfg.html,Terbatas 38,3,82,4/7,Recon.,"2,439 €","200,000  €"
Piedāvājam iegādāties plašu un izsmalcinātu 3 istabu dzīvokli El,https://www.ss.com/msg/en/real-estate/flats/riga/centre/amgib.html,Elizabetes 18,3,102,3/6,Recon.,"5,490 €","560,000  €"
Īpašnieks pārdod 3-istabu dzīvokli Matīsa ielā lieliskā lokācijā,https://www.ss.com/msg/en/real-estate/flats/riga/centre/hdojl.html,Matisa 20,3,60,3/3,Pre-war house,767 €,"46,000  €"
"Plašs un kluss dzīvoklis Rīgas centrā, kvalitatīvā pirmskara māj",https://www.ss.com/msg/en/real-estate/flats/riga/centre/bcnfeg.html,Brivibas 72,5,131,2/6,Pre-war house,"1,525 €","199,800  €"
"Pārdodu 93 m² plašu puspagraba telpu īpašumu, kas pielāgots dzīv",https://www.ss.com/msg/en/real-estate/flats/riga/centre/bcohle.html,Matisa 31,Other,94,1/4,Pre-war house,298 €,"28,000  €"
109 m² plašas pagraba telpas fantastiskā lokācijā ar lielisku in,https://www.ss.com/msg/en/real-estate/flats/riga/centre/bdpgpf.html,Terbatas 39,6,110,1/5,Pre-war house,250 €,"27,500  €"
"Pārdodu pagraba telpu īpašumu, kas pielāgots dzīvošanai un izvei",https://www.ss.com/msg/en/real-estate/flats/riga/centre/bedljk.html,Blaumana 16/18,1,34,1/5,Recon.,556 €,"18,900  €"
"Pārdošanā gaišs un mājīgs 2 istabu dzīvoklis Rīgas centrā. 

Ķ",https://www.ss.com/msg/en/real-estate/flats/riga/centre/biocb.html,Chaka 148,2,53,5/5,Pre-war house,"1,585 €","84,000  €"
Pārdod 2-istabu dzīvokli Rīgas centrā – laba izvēle gan dzīvošan,https://www.ss.com/msg/en/real-estate/flats/riga/centre/bepgpf.html,Stabu 15,2,50,2/6,Stalin project,"2,300 €","115,000  €"
"Labā stāvoklī, gatavs dzīvošanai saulains, gaišs dzīvoklis lieli",https://www.ss.com/msg/en/real-estate/flats/riga/centre/acklc.html,Zvaigzhnu 26,2,46,2/7,Spec. pr.,"1,628 €","74,900  €"
"Rīgas centra jaunajā projektā “Tērbatas dārzs”, kas atrodas Tērb",https://www.ss.com/msg/en/real-estate/flats/riga/centre/bffxcl.html,Terbatas 78A,3,67,2/7,New,"3,134 €","210,000  €"
"Pārdodu jauku, radošumu rosinošu dzīvokli centrā, Timoteja iela",https://www.ss.com/msg/en/real-estate/flats/riga/centre/bffehg.html,Timoteja 1,2,60,4/4,Pre-war house,"1,583 €","95,000  €"
"Pārdod svaigi remontētu, ekonomisku dzīvokli ar visām mēbelēm un",https://www.ss.com/msg/en/real-estate/flats/riga/centre/fjxjg.html,Ganibu d. 13/1,2,31,3/8,New,"1,871 €","58,000  €"
Plašs divistabu dzīvoklis renovētas ēkas 3.stāvā. Izcila lokācij,https://www.ss.com/msg/en/real-estate/flats/riga/centre/dghgo.html,Chaka 38A,2,43,3/6,Recon.,"2,060 €","88,600  €"
"Pārdodu plašu trīsistabas dzīvokli pašā Vecrīgas sirdī. 
Atroda",https://www.ss.com/msg/en/real-estate/flats/riga/centre/dhelg.html,Kaleju 74,3,102,3/4,New,"2,304 €","235,000  €"
Plašs divistabu dzīvoklis renovētā mājā ar individuālu gāzes apk,https://www.ss.com/msg/en/real-estate/flats/riga/centre/begeeg.html,Gertrudes 77,2,70,2/5,Pre-war house,"2,136 €","149,500  €"
Pārdod elegantu 4 istabu dzīvokli prestižā Rīgas rajonā Baznīcas,https://www.ss.com/msg/en/real-estate/flats/riga/centre/bhdhi.html,Baznicas 27/29,4,144,4/6,Recon.,"2,424 €","349,000  €"
Pārdodu 2- istabu dzīvokli klusajā centrā. Dzīvoklis atrodas māj,https://www.ss.com/msg/en/real-estate/flats/riga/centre/bejjp.html,Katrinas d. 22c,2,43,2/3,Chrusch.,977 €,"42,000 €"
Pārdošanā ir kompakts vienas istabas dzīvoklis un lielisks inves,https://www.ss.com/msg/en/real-estate/flats/riga/centre/amxxi.html,Lejas 7,1,16,2/2,Pre-war house,"1,188 €","19,000  €"
Pārdošanā 2 istabu dzīvoklis pirmskara laika ēkā Rīgas Centrā.,https://www.ss.com/msg/en/real-estate/flats/riga/centre/bedmon.html,Zvaigzhnu 13c,2,46,1/5,Pre-war house,"1,152 €","53,000  €"
"Tiek pārdots izremontēts dzīvoklis pašā Rīgas centrā, klusā paga",https://www.ss.com/msg/en/real-estate/flats/riga/centre/bfepko.html,Marijas 20,3,78,1/4,Recon.,"2,269 €","177,000  €"
Продаётся 2-х комнатная квартира в отличном проекте Skanstes Vir,https://www.ss.com/msg/en/real-estate/flats/riga/centre/blnho.html,Skanstes 29a,2,67,11/24,New,"2,657 €","178,000  €"
Vēsturiski telpas izmantotas kā birojs vairākiem apdrošināšanas,https://www.ss.com/msg/en/real-estate/flats/riga/centre/bekcik.html,Hospitalu 8,5,129,1/6,New,"1,240 €","160,000  €"
"Penthauzs ar kamīnu pilsētas centrā Stabu 92

Dzīvoklis:
- Pl",https://www.ss.com/msg/en/real-estate/flats/riga/centre/ebifl.html,Stabu 92,2,93,5/5,Recon.,"2,097 €","195,000  €"
"Pārdod 2 istabu dzīvokli Rīgas centrā, Katrīnas dambī 14

Piln",https://www.ss.com/msg/en/real-estate/flats/riga/centre/agbng.html,Katrinas d. 14,2,52,2/4,New,"2,600 €","135,200  €"
Pārdošanā tiek piedāvāts izsmalcināts un plašs 6-istabu dzīvokli,https://www.ss.com/msg/en/real-estate/flats/riga/centre/bfefdm.html,Vilandes 6,6,204,4/4,Recon.,"2,426 €","495,000  €"
"Patiesi autentisks dzīvoklis prestižajā Baznīcas ielā 37

Pati",https://www.ss.com/msg/en/real-estate/flats/riga/centre/ekkxd.html,Baznicas 37,4,144,3/5,Pre-war house,"3,021 €","435,000  €"
Pārdod mājīgu divistabu dzīvokli Rīgas centrā – Timoteja ielā 1A,https://www.ss.com/msg/en/real-estate/flats/riga/centre/abxol.html,Timoteja 1A,2,52,2/4,Pre-war house,"1,601 €","83,230  €"
"Dzīvoklis ar autosstāvvietu pagalmā, pašā Rīgas centrā. 
Lielis",https://www.ss.com/msg/en/real-estate/flats/riga/centre/begngg.html,Birznieka-Upisha 1..,1,25,2/2,Pre-war house,"1,540 €","38,500  €"
"Pārdod plašu 3 istabu dzīvokli Rīgas centrā, Skolas ielā 25.",https://www.ss.com/msg/en/real-estate/flats/riga/centre/bcijkg.html,Skolas 25,3,72,3/5,Pre-war house,"2,083 €","150,000  €"
"Dzīvokļa plānojums:
2 izolētas istabas
Plaša viesistaba apvien",https://www.ss.com/msg/en/real-estate/flats/riga/centre/bexxjc.html,Brivibas 72,3,82,5/5,Pre-war house,"2,354 €","193,000  €"
Gaišs un gatavs dzīvošanai jūsu jaunais dzīvoklis Grīziņkalnā.,https://www.ss.com/msg/en/real-estate/flats/riga/centre/befgol.html,Valmieras 28,3,70,2/5,Recon.,"2,500 €","175,000  €"
Patīkams mini dzīvoklis ar stāvvietu slēgtā pagalmā. Ēka atrodas,https://www.ss.com/msg/en/real-estate/flats/riga/centre/bdpfil.html,Matisa 58,1,22,2/2,Pre-war house,"1,341 €","29,500  €"
"Iegādei piedāvājam mēbelētu, ar sadzīves tehniku aprīkotu divist",https://www.ss.com/msg/en/real-estate/flats/riga/centre/ecpdf.html,Pulkv. Briezha 10,2,35,5/7,New,"3,917 €","137,088  €"
"Jaunais dzīvokļu projekts Rīgā – Hospitāļu iela 49

Mūsdienīga",https://www.ss.com/msg/en/real-estate/flats/riga/centre/adfhk.html,Hospitalu 49,3,53,2/8,New,"3,269 €","173,279  €"
"Jaunais dzīvokļu projekts Rīgā – Hospitāļu iela 49

Mūsdienīga",https://www.ss.com/msg/en/real-estate/flats/riga/centre/eobec.html,Hospitalu 49,3,71,2/8,New,"2,924 €","207,617  €"
Attīstītājs piedāvā iegādāties dzīvokli pilnībā renovētā mājā Da,https://www.ss.com/msg/en/real-estate/flats/riga/centre/bcimch.html,Sadovnikova 30,1,20,1/5,Recon.,"2,225 €","44,500  €"
Piedāvājam iegādāties 3 istabu dzīvoki Rīgas centrā. Dzīvoklis a,https://www.ss.com/msg/en/real-estate/flats/riga/centre/cidcc.html,Brivibas 74,3,92,3/6,Stalin project,"2,467 €","227,000  €"
Pārdodam pilnībā renovētu 2-istabu dzīvokli pašā Rīgas centra.,https://www.ss.com/msg/en/real-estate/flats/riga/centre/bepxxk.html,Brivibas 68,2,45,2/6,Recon.,"3,531 €","158,900  €"
Pārdodam pilnībā renovētu 2-istabu dzīvokli pašā Rīgas centra.,https://www.ss.com/msg/en/real-estate/flats/riga/centre/ekjno.html,Brivibas 68,2,49,3/6,Recon.,"3,507 €","171,850  €"
"Premium klases dzīvokļi Rīgas centrā – Lāčplēša ielā 36.

Ēka",https://www.ss.com/msg/en/real-estate/flats/riga/centre/bhlki.html,Lachplesha 36,3,60,2/5,Recon.,"3,806 €","228,380  €"
"Matīsa ielā 93 pieejama atvērta plānojuma telpa, kas gaida savu",https://www.ss.com/msg/en/real-estate/flats/riga/centre/bmnmj.html,Matisa 93,2,91,5/5,Pre-war house,407 €,"37,000  €"
Piedāvājam iegādāties plašu 3 istabu dzīvokli ar atsevišķu virtu,https://www.ss.com/msg/en/real-estate/flats/riga/centre/bemhfh.html,Mīlenbaha 1,3,74,2/6,Recon.,"2,020 €","149,500  €"
"Pilnībā mēbelēts divu istabu dzīvoklis Rīgas centrā, Marijas iel",https://www.ss.com/msg/en/real-estate/flats/riga/centre/bclfox.html,Marijas 14,2,34,6/6,Recon.,"3,794 €","129,000  €"
Lieliska iespēja iegūt savā īpašumā plašu un gaišu mansarda dzīv,https://www.ss.com/msg/en/real-estate/flats/riga/centre/apnnj.html,Etnas 8,4,161,5/5,Pre-war house,"1,584 €","255,000  €"
"Aģentus lūdzu netraucēt .

Klusa un gaiša 3 istabu oāze pašā R",https://www.ss.com/msg/en/real-estate/flats/riga/centre/ecgji.html,Valdemara 9,3,89,2/2,Pre-war house,"2,067 €","184,000  €"
Divu līmeņu (1. un 2. stāvi) dzīvoklis sētas mājā. Nepieciešams,https://www.ss.com/msg/en/real-estate/flats/riga/centre/bepohm.html,Zaubes 22,6,172,2/6,Pre-war house,826 €,"142,000  €"
Plašs un saulains 3-istabu dzīvoklis ar divām vannas istabām un,https://www.ss.com/msg/en/real-estate/flats/riga/centre/behcdb.html,Skanstes 29A,3,87,17/23,New,"3,218 €","280,000  €"
"2-istabu dzīvoklis centrā Aleksandra Čaka ielā 132, Rīgā. 
Pirm",https://www.ss.com/msg/en/real-estate/flats/riga/centre/bfbcbd.html,Chaka 132,2,44,2/5,Pre-war house,"1,955 €","86,000  €"
Pilnībā renovēts 2 istabu dzīvoklis Rīgas vēsturiskajā centrā.,https://www.ss.com/msg/en/real-estate/flats/riga/centre/dfced.html,Dzirnavu 157,2,49,2/3,Pre-war house,"2,429 €","119,000  €"
Lieliska iespēja iegādāties gaumīgu un mājīgu 2-istabu dzīvokli,https://www.ss.com/msg/en/real-estate/flats/riga/centre/bcjnld.html,Barona 129,2,50,3/6,Recon.,"2,440 €","122,000  €"
Projekta attīstītājs pārdod dzīvokli jaunajā projektā – Matīsa N,https://www.ss.com/msg/en/real-estate/flats/riga/centre/abckf.html,Matisa 27,2,39,1/6,Recon.,"1,844 €","71,900  €"
Projekta attīstītājs pārdod dzīvokli jaunajā projektā – Matīsa N,https://www.ss.com/msg/en/real-estate/flats/riga/centre/bcikco.html,Matisa 27,5,104,2/6,Recon.,"1,630 €","169,500  €"
Projekta attīstītājs pārdod dzīvokli jaunajā projektā – Matīsa N,https://www.ss.com/msg/en/real-estate/flats/riga/centre/begdxk.html,Matisa 27,4,76,2/6,Recon.,"1,757 €","133,500  €"
"Brīvības ielā tiek pārdots kompakts, funkcionāls un gaišs dzīvok",https://www.ss.com/msg/en/real-estate/flats/riga/centre/dlcnc.html,Brivibas 133,2,33,4/4,Pre-war house,"1,667 €","55,000  €"
Piedāvājumā plašs 4 istabu dzīvoklis vēsturiskā jūgendstila namā,https://www.ss.com/msg/en/real-estate/flats/riga/centre/hcppo.html,Brivibas 105,4,90,1/5,Recon.,"2,189 €","197,000  €"
Lūgums mākleriem netraucēt un nepiedāvāt nekāda veida palīdzību,https://www.ss.com/msg/en/real-estate/flats/riga/centre/abggp.html,Chaka 33,3,71,3/7,Pre-war house,"2,704 €","192,000  €"
"Pilnībā atjaunots 2 istabu dzīvoklis ar autonomu gāzes apkuri, a",https://www.ss.com/msg/en/real-estate/flats/riga/centre/fxlmd.html,Bruninieku 92,2,42,2/2,Pre-war house,"1,964 €","82,500 €"
Pārdodam plašu un funkcionālu 1 istabas dzīvokli. Dzīvojāma ista,https://www.ss.com/msg/en/real-estate/flats/riga/centre/cckhf.html,Brivibas 152,1,37,3/7,Spec. pr.,"1,622 €","60,000  €"
"Viesturdārza Rezidence ir dzīvojamā ēka Rīgas klusajā centrā, ku",https://www.ss.com/msg/en/real-estate/flats/riga/centre/bcimbj.html,Vashingtona pl. 2,5,125,4/5,Recon.,"3,855 €","481,828  €"
Attīstītajs piedāvā iegādāties dzīvokļus 1912. gadā celtā pirmsk,https://www.ss.com/msg/en/real-estate/flats/riga/centre/bedneb.html,Brivibas 190,4,72,3/6,Recon.,"1,569 €","112,970  €"
"Iekšpagalma ēka. 
Attīstītajs piedāvā iegādāties dzīvokļus 1912",https://www.ss.com/msg/en/real-estate/flats/riga/centre/bedokk.html,Brivibas 190,2,40,1/6,Recon.,"1,416 €","56,628  €"
Attīstītajs piedāvā iegādāties dzīvokļus 1912. gadā celtā pirmsk,https://www.ss.com/msg/en/real-estate/flats/riga/centre/bcipke.html,Brivibas 190,2,55,5/6,Recon.,"1,580 €","86,900  €"
"Trīsistabu dzīvoklis pašā Rīgas centrā, Popovu muižiņā. 
Pagalm",https://www.ss.com/msg/en/real-estate/flats/riga/centre/bcigfc.html,Visvalzha 8,3,87,2/3,Pre-war house,782 €,"68,000  €"
Unikāla iespēja iegādāties īpašumu pašā Rīgas sirdī – prestižajā,https://www.ss.com/msg/en/real-estate/flats/riga/centre/bclifj.html,Blaumana 20,3,66,6/7,New,"4,483 €","295,900  €"
Dzīvoklis ar potenciālu - 3 istabu mansards Kalpaka Rezidencē,https://www.ss.com/msg/en/real-estate/flats/riga/centre/bcjlnh.html,Kalpaka boul. 7,3,86,6/6,Recon.,"3,663 €","315,000  €"
Investīciju iespēja Rīgas Klusajā centrā dzīvoklis cokolstāvā ar,https://www.ss.com/msg/en/real-estate/flats/riga/centre/abnof.html,Veru 3,3,63,1/5,Pre-war house,"1,143 €","72,000  €"
Pārdodu tiko remontētu un labiekārtotu 2 istabu dzīvokli netālu,https://www.ss.com/msg/en/real-estate/flats/riga/centre/ahfkd.html,Katrinas d. 6,2,44,1/3,Recon.,"2,261 €","99,500  €"
"Attīstītājs piedāvā dzīvokli projektā ""Katrīnas pagalms""

Dzīv",https://www.ss.com/msg/en/real-estate/flats/riga/centre/bcjmxd.html,Piena 2,2,62,2/3,Recon.,"2,214 €","137,280  €"
Pārdodam ļoti plašu un gaišu dzīvokli lieliskā vietā pie Dailes,https://www.ss.com/msg/en/real-estate/flats/riga/centre/adjih.html,Brivibas 73,4,147,4/5,Pre-war house,"1,694 €","249,000  €"
"Māja ir nodota ekspluatācijā. 

Attīstītājs piedāvā dzīvokļus",https://www.ss.com/msg/en/real-estate/flats/riga/centre/eiokk.html,Lachplesha 36,1,29,5/5,Recon.,"3,625 €","105,120  €"
"Premium klases dzīvokļi Rīgas centrā – Lāčplēša ielā 36.

Ēka",https://www.ss.com/msg/en/real-estate/flats/riga/centre/bcnhmx.html,Lachplesha 36,2,35,5/5,Recon.,"3,360 €","117,585  €"
"Premium klases dzīvokļi Rīgas centrā – Lāčplēša ielā 36.

Ēka",https://www.ss.com/msg/en/real-estate/flats/riga/centre/ejjmf.html,Lachplesha 36,2,41,1/5,Recon.,"3,828 €","156,940  €"
"Ēka ir tikko nodota ekspluatācijā. 

Dzīvokļi ar pilnu apdari",https://www.ss.com/msg/en/real-estate/flats/riga/centre/bfbmd.html,Zvaigzhnu 21,3,51,4/5,Recon.,"2,409 €","122,880  €"
Izcils investīciju un dzīvošanas īpašums Rīgas centrā – Skolas i,https://www.ss.com/msg/en/real-estate/flats/riga/centre/cncbf.html,Skolas 36A,3,72,2/4,Recon.,"1,931 €","139,000  €"
Pārdod elegantu 3 istabu dzīvokli Rīgas centrā – A. Čaka un Matī,https://www.ss.com/msg/en/real-estate/flats/riga/centre/ejppi.html,Chaka 70,3,151,6/6,Pre-war house,"1,848 €","279,000  €"
"Latviešu valodā

Pārdošanā stilīgs, plašs un ļoti gaišs 2 ista",https://www.ss.com/msg/en/real-estate/flats/riga/centre/adjfp.html,Riepnieku 2,2,79,6/6,Stalin project,"2,277 €","179,900  €"
"Pārdodu siltu, gaišu, saulainu un mājīgu dzīvokli, kas atrodas l",https://www.ss.com/msg/en/real-estate/flats/riga/centre/fgone.html,Vesetas 28,2,42,6/6,Chrusch.,"1,981 €","83,200  €"
Pārdod plašu 4 istabu dzīvokli 100 m² platībā skaistā pirmskara,https://www.ss.com/msg/en/real-estate/flats/riga/centre/ajcde.html,Terbatas 6,4,100,2/5,Pre-war house,"1,865 €","186,500  €"
Pārdod Rīgas centrā lielu un ļoti gaišu 5 -istabu dzīvokli. Dzīv,https://www.ss.com/msg/en/real-estate/flats/riga/centre/bcjlex.html,Blaumana 21,5,143,5/5,Pre-war house,"2,692 €","385,000  €"
"Klusā Grīziņkalna pagalmā, Vārnu ielā, pārdošanā nonācis dzīvokl",https://www.ss.com/msg/en/real-estate/flats/riga/centre/fjxkb.html,Varnu 11,3,83,1/4,Recon.,"1,193 €","99,000  €"
Pārdod dzīvokli pirmskara mūra ēkā Rīgas centrā - ar logiem uz k,https://www.ss.com/msg/en/real-estate/flats/riga/centre/bcigim.html,Brivibas 117,3,62,2/2,Pre-war house,"1,177 €","73,000  €"
"Īpašnieks pārdod greznu dzīvokli pašā pilsētas centrā. 
Renovēt",https://www.ss.com/msg/en/real-estate/flats/riga/centre/femki.html,Avotu 4,2,34,1/4,Recon.,"3,735 €","127,000  €"
Rīgas centrā tiek pārdots 2-istabu saulains un elegants dzīvokli,https://www.ss.com/msg/en/real-estate/flats/riga/centre/cbnki.html,Brivibas 68,2,45,2/6,Recon.,"3,531 €","158,900  €"
"Pašā Rīga sirdī, pretī pilsētas kanālam, pārdodam 3-istabu mansa",https://www.ss.com/msg/en/real-estate/flats/riga/centre/cpcph.html,Raina boul. 3A,3,64,6/6,Recon.,"2,188 €","140,000  €"
Attīstītājs pārdod penthouse tipa dzīvokli Nr. 13 ir ar plašu pa,https://www.ss.com/msg/en/real-estate/flats/riga/centre/dlhgb.html,Skolas 17,5,181,6/7,New,"4,304 €","778,936  €"
Attīstītājs pārdod 2 ist. dzīvokli renovētā dzīvokļu kompleksā B,https://www.ss.com/msg/en/real-estate/flats/riga/centre/abhoe.html,Brivibas 91,2,40,1/6,Recon.,"2,375 €","95,000  €"
Attīstītājs pārdod 1 ist. dzīvokli renovētā dzīvokļu kompleksā B,https://www.ss.com/msg/en/real-estate/flats/riga/centre/bekdlb.html,Brivibas 91,1,40,6/6,Recon.,"2,350 €","94,000  €"
Attīstītājs pārdod 1 ist. dzīvokli renovētā dzīvokļu kompleksā B,https://www.ss.com/msg/en/real-estate/flats/riga/centre/fgofo.html,Brivibas 91,1,40,5/6,Recon.,"2,350 €","94,000  €"
Attīstītājs pārdod 1 ist. dzīvokli renovētā dzīvokļu kompleksā B,https://www.ss.com/msg/en/real-estate/flats/riga/centre/ckhmd.html,Brivibas 91,1,38,2/6,Recon.,"2,368 €","90,000  €"
Elegants 3 istabu dzīvoklis Klusajā Centrā - īpaši mājīgs mansar,https://www.ss.com/msg/en/real-estate/flats/riga/centre/bcmfcm.html,Kalpaka boul. 7,3,83,5/5,Recon.,"4,578 €","380,000  €"
Gaišs un plašs dzīvoklis ar mūsdienīgu dizainu kvalitatīvā ķieģe,https://www.ss.com/msg/en/real-estate/flats/riga/centre/emdng.html,Skolas 34,3,94,1/7,Spec. pr.,"2,021 €","190,000  €"
Dzīvoklis + autostāvvieta. Pārdodam mājīgu 2-istabu dzīvokli ar,https://www.ss.com/msg/en/real-estate/flats/riga/centre/ffbeh.html,Vezhu 14,2,66,1/7,New,"1,818 €","120,000  €"
"5-istabu dzīvoklis, 93 kv. m. platībā, Dzirnavu ielā, kvartālā s",https://www.ss.com/msg/en/real-estate/flats/riga/centre/dkblx.html,Dzirnavu 89,5,93,1/5,Pre-war house,"1,570 €","146,000  €"
"Remontts, izolētas istabas, lodžija, iebūvēta virtuve un skapis,",https://www.ss.com/msg/en/real-estate/flats/riga/centre/ahgbo.html,Stabu 104,3,61,4/5,Lit pr.,"1,480 €","90,300  €"
Pārdod autentisku dzīvokli Čaka ielā ar saglabātām vēsturiskām d,https://www.ss.com/msg/en/real-estate/flats/riga/centre/bckepl.html,Chaka 49,4,96,2/5,Pre-war house,"1,218 €","116,900  €"
Piedāvājumā svaigi renovēts plašs un mājīgs 3 istabu dzīvoklis v,https://www.ss.com/msg/en/real-estate/flats/riga/centre/dklfp.html,Zala 3,3,80,1/4,Pre-war house,"2,738 €","219,000  €"
Projekta attīstītājs pārdod dzīvokli jaunajā projektā – Matīsa N,https://www.ss.com/msg/en/real-estate/flats/riga/centre/aegfn.html,Matisa 27,3,54,2/6,Recon.,"2,102 €","113,500  €"
"3 istabu dzīvoklis centrā ar balkonu un autostāvvietu. 

Dzīvo",https://www.ss.com/msg/en/real-estate/flats/riga/centre/bmgmc.html,Valdemara 83,3,78,3/6,Recon.,"2,436 €","190,000  €"
Elegants 5-istabu dzīvokis prestižā Ģertrūdes ielas baznīcas apk,https://www.ss.com/msg/en/real-estate/flats/riga/centre/bcjnjj.html,Gertrudes 9,5,160,3/7,Pre-war house,"1,997 €","319,500  €"
"Pārdošanā četristabu dzīvoklis ar kopējo platību 63, 1 m² Bruņin",https://www.ss.com/msg/en/real-estate/flats/riga/centre/acihk.html,Bruninieku 20,4,63,4/6,Recon.,"2,603 €","164,000  €"
Piedāvājumā unikāls dzīvoklis vēsturiskā 1913. gadā celtā neokla,https://www.ss.com/msg/en/real-estate/flats/riga/centre/admnc.html,Marijas 25,4,102,2/6,Pre-war house,"1,569 €","160,000  €"
Arhitekta Artūra Mēdlingera projektētajā pirmskara laika mājā ti,https://www.ss.com/msg/en/real-estate/flats/riga/centre/cxxxo.html,Rupniecibas 5,3,116,3/5,Recon.,"2,582 €","299,500  €"
"Pārdodam 2 istabu dzīvokli, plastikāta stikla pakešu logi, mēbel",https://www.ss.com/msg/en/real-estate/flats/riga/centre/bpblg.html,Avotu 66,2,26,5/5,Pre-war house,846 €,"22,000  €"
"Pagalma māja, 2 istabas izolētas, viesistaba ar kamīnu caurstaig",https://www.ss.com/msg/en/real-estate/flats/riga/centre/fjxcm.html,Brivibas 136,3,89,3/5,Pre-war house,"1,787 €","159,000  €"
"Iegādei pieejams 2-istabu dzīvoklis Rīgas centrā. 
Ērts un klus",https://www.ss.com/msg/en/real-estate/flats/riga/centre/beppno.html,Bruninieku 87,2,57,4/4,Pre-war house,"1,561 €","89,000  €"
Pārdošanā elegants un plašs četru istabu dzīvoklis Brīvības ielā,https://www.ss.com/msg/en/real-estate/flats/riga/centre/aniex.html,Brivibas 105,4,162,3/5,Recon.,"2,654 €","430,000  €"
Pārdod ekskluzīvu divstāvu dzīvokli ar terasi Rīgas Klusajā cent,https://www.ss.com/msg/en/real-estate/flats/riga/centre/bcjjjk.html,Strelnieku 1b,Other,380,4/4,Pre-war house,"4,000 €","1,520,000  €"
"Rīgas centrā tiek pārdots 1-istabu studio tipa dzīvoklis

Iesp",https://www.ss.com/msg/en/real-estate/flats/riga/centre/bcnbki.html,Brivibas 68,1,26,1/6,Recon.,"3,487 €","90,650  €"
"Kluss, saulains dzīvoklis 20 gadus atpakaļ renovētas mājas 2, st",https://www.ss.com/msg/en/real-estate/flats/riga/centre/adbie.html,Lugazhu 14A,1,34,2/3,Recon.,"1,471 €","50,000  €"
"Piedāvājam rezervācijai 82, 4 m² plašu 4 istabu mansarda dzīvokl",https://www.ss.com/msg/en/real-estate/flats/riga/centre/addfg.html,Bruninieku 41,4,82,5/5,Pre-war house,"1,960 €","160,680  €"
"Īpašnieks pārdod dzīvokli centrā, koka mājā, laba lokācija. Dzīv",https://www.ss.com/msg/en/real-estate/flats/riga/centre/egmjc.html,Avotu 65,1,32,2/2,Pre-war house,719 €,"23,000  €"
Piedāvājam rezervācijai 72 m² plašu 3 istabu mansarda dzīvokli v,https://www.ss.com/msg/en/real-estate/flats/riga/centre/fjbfh.html,Bruninieku 41,3,72,5/5,Pre-war house,"1,790 €","128,880  €"
"Pārdod dzīvokli Rīgas klusajā centrā, prestižajā vēstniecību raj",https://www.ss.com/msg/en/real-estate/flats/riga/centre/hdfgj.html,Pulkv. Briezha 8,4,98,6/6,Pre-war house,"2,286 €","224,000  €"
Plašs un gaišs dizainera veidots 4-istabu dzīvoklis Rīgas centrā,https://www.ss.com/msg/en/real-estate/flats/riga/centre/cmjoe.html,Bruninieku 38,4,107,3/5,Recon.,"3,262 €","349,000  €"
Izsmalcināts un elegants dzīvoklis pašā Vecrīgas sirdī – Tirgoņu,https://www.ss.com/msg/en/real-estate/flats/riga/centre/cnolf.html,Tirgonu 11,3,122,2/5,Recon.,"3,689 €","450,000  €"
"Pārdošanā ekskluzīvas dizaina studijas telpas Rīgas centrā, ar A",https://www.ss.com/msg/en/real-estate/flats/riga/centre/bdgxd.html,Blaumana 12,2,115,1/7,Recon.,"3,000 €","345,000  €"
"Divu istabu dzīvoklis Premium Klases ēkā, 3.stāvā. 

""One Deve",https://www.ss.com/msg/en/real-estate/flats/riga/centre/agmjm.html,Marijas 4,2,43,3/5,Recon.,"3,596 €","154,638  €"
"Pārdošanā gaišs, saulains un silts dzīvoklis izcilā lokācijā - p",https://www.ss.com/msg/en/real-estate/flats/riga/centre/bcldmg.html,Terbatas 16/18,3,111,4/5,Recon.,"1,802 €","200,000  €"
Lieliska iespēja iegādāties dzīvokli ar garāžu prestižajā vēstni,https://www.ss.com/msg/en/real-estate/flats/riga/centre/gcdjj.html,Rupniecibas 15,2,52,1/1,Pre-war house,"1,904 €","99,000  €"
"Skolas iela 4

Plašs 4 istabu dzīvoklis 147, 6 m² platībā. 
D",https://www.ss.com/msg/en/real-estate/flats/riga/centre/ajcbf.html,Skolas 4,4,148,4/7,Pre-war house,"3,649 €","540,000  €"
Iztirgojam māju pa dzīvokļiem. Izvilkti jauni ūdens un kanalizāc,https://www.ss.com/msg/en/real-estate/flats/riga/centre/agoij.html,Chaka 133,1,29,5/6,Pre-war house,"1,561 €","45,269  €"
Izsmalcināts franču stila dzīvoklis vēstniecību rajonā ar privāt,https://www.ss.com/msg/en/real-estate/flats/riga/centre/fxxpp.html,Ausekla 2,6,221,3/6,Recon.,"3,394 €","750,000  €"
"Pārdošanā 1-istabas Dzīvoklis Grīziņkalnā, A. Čaka Ielā 133.",https://www.ss.com/msg/en/real-estate/flats/riga/centre/demhg.html,Chaka 133,1,29,5/6,Pre-war house,"1,561 €","45,269  €"
Pārdošanā dzīvoklis iespaidīgā daudzdzīvokļu mūra namā – vēsturi,https://www.ss.com/msg/en/real-estate/flats/riga/centre/amnpb.html,Brivibas 138,3,72,6/6,Pre-war house,"1,559 €","112,220  €"
Piedāvājam iegādei labiekārtotu 2 istabu dzīvokli pašā Rīgas cen,https://www.ss.com/msg/en/real-estate/flats/riga/centre/bipke.html,Brivibas 46,2,63,3/6,Recon.,"4,048 €","255,000  €"
Piedāvājumā jaunizveidots dzīvoklis kvalitatīvā pirmskara mūra ē,https://www.ss.com/msg/en/real-estate/flats/riga/centre/bcilfe.html,Brivibas 138,2,36,3/6,Pre-war house,"1,934 €","69,615  €"
Reta iespēja iegādei Elizabetes ielā 67 – stilīgs dzīvoklis vēst,https://www.ss.com/msg/en/real-estate/flats/riga/centre/aekxo.html,Elizabetes 67,3,55,4/5,Pre-war house,"2,998 €","164,900  €"
Projekts ar vēsturisku eleganci un izcilu lokāciju pilsētas aktī,https://www.ss.com/msg/en/real-estate/flats/riga/centre/algel.html,Brivibas 138,4,97,5/3,Pre-war house,"1,497 €","145,200  €"
Piedāvājumā jaunizveidots dzīvoklis kvalitatīvā pirmskara mūra ē,https://www.ss.com/msg/en/real-estate/flats/riga/centre/ahxfi.html,Brivibas 138,2,36,5/6,Pre-war house,"1,945 €","70,005  €"
Pārdošanā dzīvoklis klusā pagalma ēkā ar savu pagalma daļu un at,https://www.ss.com/msg/en/real-estate/flats/riga/centre/bcldcg.html,Lienes 9,2,44,1/5,Pre-war house,"1,909 €","84,000  €"
Autonoma gāzes apkure. Logi Lāčplēša ielas un pagalma virzienā.,https://www.ss.com/msg/en/real-estate/flats/riga/centre/emido.html,Lachplesha 72,3,58,2/2,Pre-war house,"1,198 €","69,500  €"
Pārdod trīsistabu dzīvokli 1909.gadā būvētā (arhitekts Konstantī,https://www.ss.com/msg/en/real-estate/flats/riga/centre/hfxgl.html,Rupniecibas 9,3,95,6/6,Pre-war house,"2,842 €","270,000  €"
Gaumīgs divstāvu dzīvoklis renovētā namā stilīgākajā Rīgas centr,https://www.ss.com/msg/en/real-estate/flats/riga/centre/ablll.html,Alauksta 7,2,33,2/2,Recon.,"4,242 €","140,000  €"
"Pārdošanā plašs un mājīgs 5 istabu dzīvoklis (150, 9 m²), kas at",https://www.ss.com/msg/en/real-estate/flats/riga/centre/ajpcj.html,Valdemara 39,5,151,3/6,Pre-war house,"1,652 €","249,500  €"
"Pārdod 2 istabu dzīvokli Rīgas centrā, Lāčplēša ielā 53. Dzīvokl",https://www.ss.com/msg/en/real-estate/flats/riga/centre/cjejf.html,Lachplesha 53,2,37,3/5,Recon.,"3,419 €","126,500  €"
"Kompakts un funkcionāls 3 istabu dzīvoklis Rīgas centrā, Krišjāņ",https://www.ss.com/msg/en/real-estate/flats/riga/centre/eclok.html,Valdemara 123,3,55,1/6,Pre-war house,"1,809 €","99,500  €"
Penthouse/mansarda dzīvoklis no attīstītāja Pulkveža Brieža ielā,https://www.ss.com/msg/en/real-estate/flats/riga/centre/gegpi.html,Pulkv. Briezha 15,3,70,7/7,Recon.,"3,004 €","210,300  €"
Piedāvājumā no attīstītāja 2-istabu dzīvoklis Nr. 14 prestižajā,https://www.ss.com/msg/en/real-estate/flats/riga/centre/bjnpx.html,Pulkv. Briezha 15,2,48,2/7,Recon.,"3,187 €","152,960  €"
Attīstītājs piedāvā iegādāties četru istabu dzīvokli jaunajā pro,https://www.ss.com/msg/en/real-estate/flats/riga/centre/beekji.html,Skolas 17,4,86,2/7,New,"3,434 €","295,320  €"
"Кluss 3 istabu dzīvoklis pašā Rīgas centrā .
Ieeja no pagalma ,",https://www.ss.com/msg/en/real-estate/flats/riga/centre/bcnjbb.html,Raina boul. 3,3,50,2/6,Recon.,"3,200 €","160,000  €"
"Продам студию 35 кВ м в центре Риги. Дом находится во дворе, тих",https://www.ss.com/msg/en/real-estate/flats/riga/centre/aegxf.html,Terbatas 26-a,1,35,3/5,Recon.,"2,914 €","102,000 €"
Pārdošanā tiek piedāvāts praktisks un mājīgs 2 istabu dzīvoklis,https://www.ss.com/msg/en/real-estate/flats/riga/centre/bfckgb.html,Chaka 49,2,57,1/6,Pre-war house,"1,746 €","99,500  €"
Ziemas dārzs un plaša privātā terase pašā Rīgas centrā virs slav,https://www.ss.com/msg/en/real-estate/flats/riga/centre/elnbj.html,Baznicas 27/29,5,202,2/5,Recon.,"4,455 €","900,000  €"
Vienistabas dzīvoklis Rīgas centrā tikai par 25 000 Eur – invest,https://www.ss.com/msg/en/real-estate/flats/riga/centre/bhnem.html,Matisa 95,1,19,2/2,Pre-war house,"1,316 €","25,000  €"
"Tiek pārdots perspektīvs bēniņu attīstības objekts Rīgas centrā,",https://www.ss.com/msg/en/real-estate/flats/riga/centre/akbkd.html,Tallinas 90A,6,230,6/6,Recon.,430 €,"99,000  €"
"Tiek piedāvātas telpas 53, 5 m² platībā ēkas pirmajā stāvā ar ti",https://www.ss.com/msg/en/real-estate/flats/riga/centre/bddfp.html,Jezusbaznicas 7,1,54,1/2,Pre-war house,704 €,"38,000  €"
"Aiz vēsturiskās jūgendstila fasādes slēpjas tas, ko mūsdienās va",https://www.ss.com/msg/en/real-estate/flats/riga/centre/diloe.html,Blaumana 36,4,184,3/5,Pre-war house,"2,349 €","432,180  €"
Tiek pārdots 2 istabu dzīvoklis Rīgas centrā – Tallinas ielā 57B,https://www.ss.com/msg/en/real-estate/flats/riga/centre/cokgk.html,Tallinas 57b,2,40,2/2,Pre-war house,870 €,"34,800  €"
Pārdod plašu dzīvokli Vecrīgā modernā mājā ar liftu. Dzīvoklis i,https://www.ss.com/msg/en/real-estate/flats/riga/centre/aebff.html,Kaleju 74,2,60,5/7,New,"3,083 €","185,000 €"
Pārdošanā plašs 2-istabu dzīvoklis kvalitatīvā pirmskara mūra ēk,https://www.ss.com/msg/en/real-estate/flats/riga/centre/bclixc.html,Brivibas 138,2,51,1/6,Pre-war house,"1,214 €","61,920  €"
Pārdošanā ļoti gaišs un plašs 3-istabu dzīvoklis kvalitatīvā pir,https://www.ss.com/msg/en/real-estate/flats/riga/centre/ehjmn.html,Brivibas 138,3,84,5/6,Pre-war house,"1,544 €","129,735  €"
"Iegādei pieejams mēbelēts, ar sadzīves tehniku aprīkots studijas",https://www.ss.com/msg/en/real-estate/flats/riga/centre/cjghe.html,Pulkv. Briezha 10,1,23,4/7,New,"3,774 €","86,802  €"
Pārdošanā plašs 4-istabu dzīvoklis ar 2 atsevišķām ieejamām kval,https://www.ss.com/msg/en/real-estate/flats/riga/centre/ecbbh.html,Brivibas 138,4,100,3/6,Pre-war house,"1,493 €","149,250  €"
Pārdošanā izcila plānojuma 3 istabu dzīvoklis Nr. 25 ar plašu ba,https://www.ss.com/msg/en/real-estate/flats/riga/centre/behxfg.html,Duntes 34,3,73,5/7,New,"2,601 €","189,900  €"
Pārdošanā plašs 3-istabu dzīvoklis kvalitatīvā pirmskara mūra ēk,https://www.ss.com/msg/en/real-estate/flats/riga/centre/abnli.html,Brivibas 138,3,78,1/6,Pre-war house,"1,393 €","108,640  €"
"Dzīve kultūras centrā

Pārdošanā 2 istabu dzīvoklis 4. stāvā N",https://www.ss.com/msg/en/real-estate/flats/riga/centre/bcmfdn.html,Miera 75,2,41,4/7,New,"3,949 €","161,900  €"
"Dzīve kultūras centrā

Pārdošanā 3 istabu dzīvoklis 6. stāvā N",https://www.ss.com/msg/en/real-estate/flats/riga/centre/bexxpp.html,Miera 75,3,82,6/7,New,"3,779 €","309,900  €"
"Dzīve kultūras centrā

Pārdošanā 4 istabu dzīvoklis 4. stāvā N",https://www.ss.com/msg/en/real-estate/flats/riga/centre/bhdex.html,Miera 75,4,71,4/7,New,"3,618 €","256,900  €"
"Ekskluzīvs 3 istabu dzīvoklis ar panorāmas skatu uz Rīgu – 63, 8",https://www.ss.com/msg/en/real-estate/flats/riga/centre/aeeci.html,"Avotu 8k - 1,",3,64,6/6,Pre-war house,"2,469 €","158,000  €"
Pieejama reta pērle Rīgas vēsturiskajā centrā - septiņu istabu d,https://www.ss.com/msg/en/real-estate/flats/riga/centre/djhdf.html,Terbatas 59/61,6,178,5/7,Pre-war house,"1,893 €","337,000  €"
"Mēbelēts divlīmeņu dzīvoklis Hallo Loft projektā. 
Jauns dzīvok",https://www.ss.com/msg/en/real-estate/flats/riga/centre/bfeofh.html,Barona 69,2,38,2/3,Recon.,"3,287 €","124,900 €"
Pārdod daļēji remontētu trīs istabu dzīvoklis ar klusu pagalmu u,https://www.ss.com/msg/en/real-estate/flats/riga/centre/bcondn.html,Hospitalu 5,3,80,3/6,Pre-war house,"1,875 €","150,000  €"
Pārdošanā ekskluzīvs 5 istabu dzīvoklis Nr. 44 ar lielu terasi 2,https://www.ss.com/msg/en/real-estate/flats/riga/centre/bcogej.html,Duntes 34,5,164,7/7,New,"2,573 €","421,900  €"
"Piedāvājam 2 istabu dzīvokli ar platību 58, 6 kv. m. 
Rīgas cen",https://www.ss.com/msg/en/real-estate/flats/riga/centre/aenei.html,Birznieka-Upisha 1..,2,59,4/5,New,"3,051 €","180,000  €"
Pārdošanā izcils 2 istabu dzīvoklis Nr. 12 ar plašu balkonu 1. ē,https://www.ss.com/msg/en/real-estate/flats/riga/centre/aipln.html,Duntes 34,2,47,3/7,New,"2,764 €","129,900  €"
Pārdošanā lielisks 4 istabu dzīvoklis Nr. 18 ar plašu balkonu 2.,https://www.ss.com/msg/en/real-estate/flats/riga/centre/aekhl.html,Duntes 34,4,104,3/7,New,"2,730 €","283,900  €"
Pārdošanā ekskluzīvs divu līmeņu 4 istabu dzīvoklis B18 ar plašu,https://www.ss.com/msg/en/real-estate/flats/riga/centre/bdphim.html,Grostonas 9A,4,102,6/8,New,"4,215 €","429,900  €"
Pārdošanā lielisks 3 istabu dzīvoklis A45 ar balkonu dienvid-rie,https://www.ss.com/msg/en/real-estate/flats/riga/centre/behkhn.html,Grostonas 9A,3,69,4/8,New,"4,709 €","324,900  €"
"Pārdošanā neliels un praktisks vienas istabas dzīvoklis Rīgā, Va",https://www.ss.com/msg/en/real-estate/flats/riga/centre/bhded.html,Valmieras 32,1,24,1/2,Pre-war house,800 €,"19,200  €"
Pārdošanā kompakts 2 istabu dzīvoklis B7 ar 5 lieliem logiem un,https://www.ss.com/msg/en/real-estate/flats/riga/centre/bekccg.html,Grostonas 9B,2,44,3/8,New,"3,793 €","166,900  €"
"Piedāvājam unikālu iespēju iegādāties 3-istabu dzīvokli, kas atr",https://www.ss.com/msg/en/real-estate/flats/riga/centre/ajhci.html,Chaka 26,3,79,4/7,Recon.,"2,785 €","220,000  €"
Unikāla iespēja iegādāties īpašumu pašā Rīgas sirdī – prestižajā,https://www.ss.com/msg/en/real-estate/flats/riga/centre/bcjfbk.html,Blaumana 20,3,69,3/7,New,"4,319 €","298,000  €"
"Saulains studio tipa dzīvoklis pašā pilsētas centrā. 
Elegants",https://www.ss.com/msg/en/real-estate/flats/riga/centre/aepji.html,Marijas 14A,1,19,6/6,Pre-war house,"3,789 €","72,000  €"
"Tiek pārdots gaišs, saulains un mājīgs divistabu dzīvoklis lieli",https://www.ss.com/msg/en/real-estate/flats/riga/centre/cjglb.html,Stabu 15,2,56,3/5,Pre-war house,"2,589 €","145,000  €"
Piedāvājumā jaunizveidots dzīvoklis kvalitatīvā pirmskara mūra ē,https://www.ss.com/msg/en/real-estate/flats/riga/centre/cxemi.html,Brivibas 138,1,25,3/6,Pre-war house,"1,958 €","48,945  €"
"Pārdošanā nonācis gaumīgs, moderns dzīvoklis ar 2 izolētām istab",https://www.ss.com/msg/en/real-estate/flats/riga/centre/bexkle.html,13. janvara 30,2,48,5/6,Stalin project,"3,104 €","149,000  €"
Ekskluzīvs Micro-Living apartaments Rīgas centrā – Gatavs biznes,https://www.ss.com/msg/en/real-estate/flats/riga/centre/fpmio.html,Klijanu 6,1,10,4/9,New,"2,090 €","20,900  €"
"Pārdošanā stilīgs mansarda tipa dzīvoklis renovētā mājā. 
Dzīvo",https://www.ss.com/msg/en/real-estate/flats/riga/centre/bcjmmj.html,Klusa 16,2,47,5/5,Recon.,979 €,"46,000  €"
"Elegants 4 istabu dzīvoklis ar panorāmas skatu, plašu terasi , p",https://www.ss.com/msg/en/real-estate/flats/riga/centre/gflhc.html,J. Dalina 8,4,227,19/24,New,"3,040 €","690,000  €"
Pārdošanā elegants divistabu dzīvoklis renovētā vēsturiskā ēkā R,https://www.ss.com/msg/en/real-estate/flats/riga/centre/alxik.html,Brivibas 68,2,45,2/6,Recon.,"3,531 €","158,900  €"
Elegant Penthouse Residence in the Quiet Centre – Ausekļa 14.,https://www.ss.com/msg/en/real-estate/flats/riga/centre/algbd.html,Ausekla 14,4,241,6/6,New,"6,556 €","1,580,000  €"
"Piedāvājam pārdošanai 2-istabu dzīvokli jaunajā projektā ""Ģertrū",https://www.ss.com/msg/en/real-estate/flats/riga/centre/dpgxd.html,Gertrudes 65,2,56,3/6,New,"2,874 €","160,950  €"
Dzīvoklis pašā centrā gaida savu jauno īpašnieku. No šī dzīvokļa,https://www.ss.com/msg/en/real-estate/flats/riga/centre/dmkcl.html,Brivibas 148,3,99,2/6,Pre-war house,"1,202 €","119,000  €"
"Ekonomisks un ērts studijas tipa dzīvoklis. 
+ pirmskara ēka, k",https://www.ss.com/msg/en/real-estate/flats/riga/centre/ajfmj.html,Gertrudes 91A,1,15,2/5,Pre-war house,"1,767 €","26,500  €"
Divistabu dzīvoklis ar svaigu un gaumīgu remontu. Remontdarbu la,https://www.ss.com/msg/en/real-estate/flats/riga/centre/addod.html,Artilerijas 66,2,42,2/2,Pre-war house,"1,762 €","74,000  €"
Dzīvoklis Grīziņkalnā – lieliskā vietā ar visu nepieciešamo infr,https://www.ss.com/msg/en/real-estate/flats/riga/centre/cdggg.html,Alauksta 9,4,98,1/6,New,"2,245 €","220,000  €"
"Divlīmeņu dzīvoklis renovētā mājā, kura atrodas pašā Rīgas centr",https://www.ss.com/msg/en/real-estate/flats/riga/centre/adfxi.html,Raina boul. 19,4,144,6/6,Recon.,"2,736 €","394,000  €"
"Divu līmeņu dzīvoklis ar lielu griestu augstumu, panorāmas skatu",https://www.ss.com/msg/en/real-estate/flats/riga/centre/cihlg.html,Sadovnikova 29A,5,134,5/6,Recon.,"2,209 €","296,000  €"
"Plašs un gaišs 4 istabu dzīvoklis Rīgas centrā, renovētā un labi",https://www.ss.com/msg/en/real-estate/flats/riga/centre/alckd.html,Gertrudes 77,4,112,3/5,Recon.,"2,223 €","249,000  €"
Projekta attīstītājs un īpašnieks – kompāniju grupa R. Evolution,https://www.ss.com/msg/en/real-estate/flats/riga/centre/cncfn.html,Strelnieku 8,3,224,2/7,New,"1,973 €","442,000  €"
"Kompāniju grupa R. Evolution, projekta attīstītājs un īpašnieks,",https://www.ss.com/msg/en/real-estate/flats/riga/centre/bckkon.html,Strelnieku 5,3,108,3/7,New,"4,722 €","510,000  €"
Dzīve virs Skanstes zaļās zonas 110 m² dzīvoklis 8. stāvā ar pla,https://www.ss.com/msg/en/real-estate/flats/riga/centre/bfcjmk.html,Grostonas 21,4,110,8/10,New,"3,136 €","345,000  €"
"Rīgas centrā dzīvokļu piedāvājums ir plašs, taču tikai daži apvi",https://www.ss.com/msg/en/real-estate/flats/riga/centre/fliil.html,Brivibas 46,2,73,3/6,Recon.,"3,356 €","245,000  €"
Piedāvājam jaunu un elegantu dzīvokli renovētā ēkā pašā Rīgas ce,https://www.ss.com/msg/en/real-estate/flats/riga/centre/bebkoj.html,Raina boul. 27,2,45,2/6,Recon.,"5,556 €","250,000  €"
Pārdot mēbelētu 3-istabu dzīvokli renovētā ēkā ar remontētu kāpņ,https://www.ss.com/msg/en/real-estate/flats/riga/centre/ajnmj.html,Terbatas 33,3,77,6/6,Recon.,"3,026 €","233,000  €"
"Tiek pārdots saulains 2-istabu dzīvoklis Rīgas centrā, klusā vie",https://www.ss.com/msg/en/real-estate/flats/riga/centre/dcxgl.html,Indranu 2,2,46,3/5,103-th,"1,848 €","85,000  €"
Продаётся просторная и светлая трёхкомнатная квартира с полность,https://www.ss.com/msg/en/real-estate/flats/riga/centre/ggfpg.html,Valdemara 106,3,90,5/7,Stalin project,"2,444 €","220,000  €"
Attīstītājs pārdod 4 istabu dzīvokli renovētā A klases energoefe,https://www.ss.com/msg/en/real-estate/flats/riga/centre/bcjlfx.html,Dagdas 4,4,98,2/4,Recon.,"2,551 €","250,000  €"
Pārdod stilīgu un mūsdienīgu četristabu dzīvokli Rīgas centrā –,https://www.ss.com/msg/en/real-estate/flats/riga/centre/dodjo.html,Birznieka-Upisha 1..,4,83,5/5,Recon.,"2,952 €","245,000  €"
"Elegants 4 istabu dzīvoklis ar panorāmas skatu, plašu terasi dzī",https://www.ss.com/msg/en/real-estate/flats/riga/centre/afxph.html,J. Dalina 8,4,227,19/24,New,"3,040 €","690,000  €"
"Lv: Tiek pārdots mājīgs vienistabas dzīvoklis 38, 5 m² platībā,",https://www.ss.com/msg/en/real-estate/flats/riga/centre/afefk.html,"Mastu 8, k-1",1,39,3/5,Recon.,"1,667 €","65,000  €"
Tiek pārdots kvalitatīvi renovēts 4 istabu dzīvoklis Skolas ielā,https://www.ss.com/msg/en/real-estate/flats/riga/centre/gbnib.html,Skolas 22a,4,114,5/6,Pre-war house,"2,800 €","319,240  €"
Grezns dzīvoklis ar balkonu un panorāmas skatu uz pilsētas kanāl,https://www.ss.com/msg/en/real-estate/flats/riga/centre/bcjfgp.html,Meierovics boul. 4,3,146,4/6,Pre-war house,"2,466 €","360,000  €"
Pārdošanā elegants un plašs 3–4 istabu dzīvoklis vienā no presti,https://www.ss.com/msg/en/real-estate/flats/riga/centre/bdpigb.html,Elizabetes 12,4,124,5/5,Recon.,"3,210 €","398,000  €"
"Investīciju objekts Rīgas centrā – 2 mansarda dzīvokļi. 

Pied",https://www.ss.com/msg/en/real-estate/flats/riga/centre/bcjnng.html,Barona 70,5,81,3/3,Pre-war house,"1,481 €","120,000  €"
"Mansarda dzīvoklis Rīgas aktīvajā centrā. 

Piedāvājam iegādāt",https://www.ss.com/msg/en/real-estate/flats/riga/centre/benphe.html,Barona 70,2,40,3/3,Pre-war house,"1,500 €","60,000  €"
"Ja meklējat dzīvokli ar lielu potenciālu, šis piedāvājums ir dom",https://www.ss.com/msg/en/real-estate/flats/riga/centre/ejxej.html,Mīlenbaha 2,3,85,4/5,Pre-war house,"1,175 €","99,900  €"
"Tiek piedāvāts plašs 6 istabu dzīvoklis pilsētas centrā, kas šob",https://www.ss.com/msg/en/real-estate/flats/riga/centre/bedenm.html,Dagdas 4,6,121,3/5,Recon.,"1,446 €","175,000  €"
"Pārdošu bez starpniekim. 
pašā Rīgas centrā:
Dzīvoklis ar divā",https://www.ss.com/msg/en/real-estate/flats/riga/centre/exnkh.html,Merkela 6,6,147,2/5,Pre-war house,"1,939 €","285,000  €"
Piedāvājumā elegants un funkcionāli plānots 4 istabu dzīvoklis v,https://www.ss.com/msg/en/real-estate/flats/riga/centre/bibgm.html,Birznieka-Upisha 1..,4,111,5/7,New,"2,532 €","281,000  €"
"Pārdod mājīgu studio tipa dzīvokli renovētā ēkā. 

Dzīvoklī ir",https://www.ss.com/msg/en/real-estate/flats/riga/centre/bpnnx.html,Marijas 14,1,19,6/6,Recon.,"3,679 €","69,900  €"
Attīstītājs piedāvā iegādāties dzīvokli pilnībā renovētā mājā Da,https://www.ss.com/msg/en/real-estate/flats/riga/centre/ddnxe.html,Sadovnikova 30,2,45,3/5,Recon.,"2,413 €","108,600  €"
Attīstītājs piedāvā iegādāties dzīvokli pilnībā renovētā mājā Da,https://www.ss.com/msg/en/real-estate/flats/riga/centre/exmem.html,Sadovnikova 30,2,30,3/5,Recon.,"2,443 €","73,300  €"
"Dzīvokļi ar pilnu apdari renovētā ēkā, Grīziņkalnā. 
Dzīvojiet",https://www.ss.com/msg/en/real-estate/flats/riga/centre/gpmhi.html,Zvaigzhnu 21,1,22,4/6,Recon.,"2,356 €","51,840  €"
"Premium klases dzīvokļi Rīgas centrā – Lāčplēša ielā 36.

Ēka",https://www.ss.com/msg/en/real-estate/flats/riga/centre/egjco.html,Lachplesha 36,2,44,2/5,Recon.,"3,466 €","152,490  €"
"Ekskluzīvs dzīvoklis Rīgas sirdī – projektā ""Raiņa nams"" 

Tie",https://www.ss.com/msg/en/real-estate/flats/riga/centre/bfdinj.html,Raina boul. 27,1,21,1/5,Recon.,"4,754 €","99,840  €"
Attīstītājs pārdod penthouse tipa dzīvokli Nr. 14 ir ar plašu pa,https://www.ss.com/msg/en/real-estate/flats/riga/centre/acdmi.html,Skolas 17,3,169,7/7,New,"3,831 €","647,500  €"
Pārdošana četru istabu dzīvoklis centrā. Dzīvoklis labā stāvoklī,https://www.ss.com/msg/en/real-estate/flats/riga/centre/acfin.html,Birznieka-Upisha 2..,4,102,2/5,Recon.,"1,961 €","200,000  €"
Renovēta mājā 2 istabu dzīvoklis ar plašu halli Rīgas centrā.,https://www.ss.com/msg/en/real-estate/flats/riga/centre/bedxgh.html,Lachplesha 116,2,53,5/6,Recon.,"1,575 €","83,500  €"
"Viesturdārza Rezidence ir dzīvojamā ēka Rīgas klusajā centrā, ku",https://www.ss.com/msg/en/real-estate/flats/riga/centre/behlxi.html,Vashingtona pl. 2,2,42,2/5,Recon.,"3,217 €","135,117  €"
Pārdod 3 istabu dzīvokli Skanstes mājās – mūsdienīgs īpašums Rīg,https://www.ss.com/msg/en/real-estate/flats/riga/centre/ddnfj.html,Grostonas 19,3,88,5/10,New,"3,409 €","300,000 €"
"Viesturdārza Rezidence ir dzīvojamā ēka Rīgas klusajā centrā, ku",https://www.ss.com/msg/en/real-estate/flats/riga/centre/bieei.html,Vashingtona pl. 2,3,90,3/5,Recon.,"3,948 €","355,354  €"
Pārdod plašu 4 istabu dzīvokli Rīgas centrā – Blaumaņa iela 21,https://www.ss.com/msg/en/real-estate/flats/riga/centre/algbk.html,Blaumana 21,4,139,6/6,Pre-war house,"1,547 €","215,000 €"
"Jauna cena. Labdien. Piedāvājam divus dzīvokļus vienā, labi uztu",https://www.ss.com/msg/en/real-estate/flats/riga/centre/cxebo.html,Avotu 3,4,117,2/5,Pre-war house,"1,496 €","175,000 €"
Iegādei tiek piedāvāts 2 istabu dzīvoklis pilnībā rekonstruētā k,https://www.ss.com/msg/en/real-estate/flats/riga/centre/behdii.html,Murnieku 12,2,41,1/2,Recon.,"2,470 €","101,250  €"
Piedāvājumā 1-istabas dzīvoklis ar plašu guļamistabu Rīgas centr,https://www.ss.com/msg/en/real-estate/flats/riga/centre/beboxh.html,Gertrudes 43,1,33,4/5,Pre-war house,"2,394 €","79,000  €"
Piedāvājumā gaišs un mājīgs 3 istabu dzīvoklis 4. stāvā ēkā ar l,https://www.ss.com/msg/en/real-estate/flats/riga/centre/gjchc.html,Valdemara 106,3,90,4/8,Stalin project,"2,078 €","187,000  €"
"Premium klases dzīvokļi Rīgas centrā – Lāčplēša ielā 36.

Ēka",https://www.ss.com/msg/en/real-estate/flats/riga/centre/bfeobc.html,Lachplesha 36,2,34,1/5,New,"3,311 €","112,560  €"
Pārdod 2 istabu dzīvokli Pulkveža Brieža ielā 15. Dzīvoklis atro,https://www.ss.com/msg/en/real-estate/flats/riga/centre/bcilfd.html,Pulkv. Briezha 15,2,37,3/7,Recon.,"2,919 €","108,000  €"
"Pārdod funkcionālu studio tipa dzīvokli Klusajā centrā, pie Andr",https://www.ss.com/msg/en/real-estate/flats/riga/centre/binmn.html,Eksporta 4,1,42,1/5,Pre-war house,"1,167 €","49,000 €"
Piedāvājumā 3 istabu dzīvokli (divas izolētas istabas) Rīgas cen,https://www.ss.com/msg/en/real-estate/flats/riga/centre/fepji.html,Gertrudes 43,3,71,4/5,Pre-war house,"2,324 €","165,000  €"
"Plašums, gaisma un miera sajūta Alauksta ielā 9.

Pārdošanā pl",https://www.ss.com/msg/en/real-estate/flats/riga/centre/aenko.html,Alauksta 9,2,69,2/6,New,"2,028 €","139,900  €"
Attīstītājs tirgo pilnībā ar mēbelēm aprīkotu un ar sadzīves teh,https://www.ss.com/msg/en/real-estate/flats/riga/centre/aelml.html,Alauksta 7,2,33,1/2,Recon.,"4,242 €","140,000  €"
Īpašnieks pārdod lielisku dzīvokli izdevīgā atrašanās vietā – mā,https://www.ss.com/msg/en/real-estate/flats/riga/centre/blcie.html,Gertrudes 22,5,203,5/6,Pre-war house,"1,576 €","320,000  €"
Mansarda tipa 6 - istabu dzīvoklis ar savu privātu torni un 360,https://www.ss.com/msg/en/real-estate/flats/riga/centre/eijdo.html,Terbatas 93/95,6,224,6/6,Stalin project,"1,330 €","298,000  €"
Dzīvoklis ar vēsturisku šarmu. Dzīvoklis fasādes mājā ar logiem,https://www.ss.com/msg/en/real-estate/flats/riga/centre/bciged.html,Kalnina 8,6,220,2/5,Pre-war house,"1,318 €","290,000  €"
"Kluss, saulains 2 - istabu dzīvoklis Nr. 41. Pēc remonta būs pie",https://www.ss.com/msg/en/real-estate/flats/riga/centre/ggkpx.html,Chaka 133,2,46,2/6,Pre-war house,"1,380 €","63,488  €"
"2 istabu dzīvoklis Rīgas centrā ar autostāvvietu. 

Dzīvoklis",https://www.ss.com/msg/en/real-estate/flats/riga/centre/cielk.html,Stabu 49,2,34,5/5,Pre-war house,"2,500 €","85,000  €"
"Piedāvājumā 3 istabu dzīvoklis Rīgas centrā. 

Dzīvoklis ir pl",https://www.ss.com/msg/en/real-estate/flats/riga/centre/bdpgnp.html,Valdemara 72A,3,59,2/5,Chrusch.,"1,864 €","110,000  €"
Pārdošanā ir kompakts divu istabas dzīvoklis un lielisks investī,https://www.ss.com/msg/en/real-estate/flats/riga/centre/chldb.html,Miera 103,2,49,1/5,New,"3,010 €","147,500 €"
"Pārdod plašu un gaišu 8 istabu dzīvokli Rīgas centrā. 
Dzīvokli",https://www.ss.com/msg/en/real-estate/flats/riga/centre/diiof.html,Brivibas 100c,Other,176,2/2,Recon.,966 €,"170,000  €"
Pārdod skaistu un plašu 3 istabu istabu dzīvokli pašā Rīgas cent,https://www.ss.com/msg/en/real-estate/flats/riga/centre/afjgx.html,Skolas 20,3,98,6/7,Recon.,"3,571 €","350,000  €"
"Pārdod plašu 6 istabu dzīvokli Rīgas centrā. 
Dzīvoklis atrodas",https://www.ss.com/msg/en/real-estate/flats/riga/centre/bcngm.html,Brivibas 100c,6,124,1/2,Recon.,927 €,"115,000  €"
Ekonomisks dzīvoklis pirmskara mūra mājā par ļoti labu cenu. Ska,https://www.ss.com/msg/en/real-estate/flats/riga/centre/bclbgm.html,Chaka 133,2,46,2/6,Pre-war house,"1,380 €","63,500  €"
"Neliels Māksliniecisks Studio pašā centrā ielas mājā. 
Pelnošs",https://www.ss.com/msg/en/real-estate/flats/riga/centre/bfdgng.html,Skolas 22,1,17,4/4,Pre-war house,"3,088 €","52,500  €"
Дом 1910 года постройки от архитектора Эрнеста Поле (к слову око,https://www.ss.com/msg/en/real-estate/flats/riga/centre/ephgb.html,Stabu 6,6,126,1/6,Pre-war house,"1,048 €","132,000  €"
"Квартира 13- для тех, кто верит не в приметы, а в выгодные возмо",https://www.ss.com/msg/en/real-estate/flats/riga/centre/ghnjh.html,Stabu 6,2,66,2/6,Pre-war house,"1,364 €","90,000  €"
Īpašnieks pārdod dzīvokli centrā ar visām ērtībām. Māja nesen re,https://www.ss.com/msg/en/real-estate/flats/riga/centre/bdkmi.html,Murnieku 14,1,20,1/2,Recon.,"1,750 €","35,000  €"
"Auto stāvvieta (P)- automašīnai slēgtā pagalmā, iezīmētā vietā.",https://www.ss.com/msg/en/real-estate/flats/riga/centre/dickd.html,Deglava 42,1,25,2/2,Pre-war house,"1,984 €","49,600  €"
"Slēgta, labiekārtota noliktavas telpa pašā Rīgas centrā. 

Par",https://www.ss.com/msg/en/real-estate/flats/riga/centre/doekh.html,Merkela 7,1,10,1/5,Recon.,"1,300 €","13,000  €"
"Pārdod patīkamu un plašu 4 istabu dzīvokli Skolas ielā, Rīgas ce",https://www.ss.com/msg/en/real-estate/flats/riga/centre/ahxei.html,Skolas 22a,4,110,3/6,Pre-war house,"2,500 €","275,000  €"
Pārdod plašu un gaišu 4 istabu dzīvokli mūsdienīgā 2018. gadā bū,https://www.ss.com/msg/en/real-estate/flats/riga/centre/flgbl.html,Chaka 134,4,96,3/6,New,"2,490 €","239,000  €"
Pārdod Divstāvu Penthaus 6. UN 7. Stāvā 138 m² + 122 m² Terase,https://www.ss.com/msg/en/real-estate/flats/riga/centre/beexlx.html,Chaka 134,5,260,7/7,New,"1,462 €","380,000  €"
"Dzīvoklim ir pārdomāts un funkcionāls plānojums, kas nodrošina ē",https://www.ss.com/msg/en/real-estate/flats/riga/centre/cbjhh.html,Grostonas 21,4,110,8/10,New,"3,136 €","345,000  €"
Skaists mēbelēts dzīvoklis ar ērtu plānojumu centrālā lokācijā:,https://www.ss.com/msg/en/real-estate/flats/riga/centre/alogl.html,Dzirnavu 115,2,47,4/4,Pre-war house,"2,755 €","129,500  €"
Pārdodam mājīgu divistabu dzīvokli ar savu slēgtu teritoriju. Li,https://www.ss.com/msg/en/real-estate/flats/riga/centre/hbjnn.html,Matisa 84,2,25,1/2,Pre-war house,756 €,"18,900  €"
"Studio tipa investīciju dzīvoklis Marijas ielā 8B, iekšpagalma ē",https://www.ss.com/msg/en/real-estate/flats/riga/centre/cgkib.html,Marijas 8B,1,21,3/3,Pre-war house,"4,219 €","88,600  €"
38 + 33 m2 = Pārdodu Kapitāli remontētu dzīvokli + komerciālās t,https://www.ss.com/msg/en/real-estate/flats/riga/centre/dnnbm.html,Avotu 66A,3,71,1/5,Recon.,"1,563 €","111,000  €"
"Māja vai liels divlīmeņu Dzīvoklis ar ideālu lokāciju? 

Pārdo",https://www.ss.com/msg/en/real-estate/flats/riga/centre/gceje.html,Brivibas 281,5,112,5/6,Spec. pr.,"1,455 €","163,000  €"
"Pārdošanā atjaunots, gaišs un kvalitatīvs trīs istabu dzīvoklis",https://www.ss.com/msg/en/real-estate/flats/riga/centre/dmkik.html,Brivibas 72,3,82,5/5,Pre-war house,"2,354 €","193,000  €"
"""Aleksandra Apartments"" - pārdodu trīs istabu dzīvokli jaunajā,",https://www.ss.com/msg/en/real-estate/flats/riga/centre/bedmmj.html,Ausekla 4,3,80,3/7,New,"2,738 €","219,000  €"
"Colonel’S House ir Jūsu iespēja radīt mājvietu tieši tādu, kādu",https://www.ss.com/msg/en/real-estate/flats/riga/centre/bplho.html,Pulkv. Briezha 15,2,48,2/7,Recon.,"3,187 €","152,960  €"
"Предлагается квартира в Тихом центре Риги, в полностью реновиров",https://www.ss.com/msg/en/real-estate/flats/riga/centre/ejfdp.html,Rupniecibas 11,2,75,4/5,Recon.,"3,867 €","290,000  €"
"Īpašnieks pārdod siltu, gaišu, mājīgu un ērtu dzīvokli pirmskara",https://www.ss.com/msg/en/real-estate/flats/riga/centre/bckmbf.html,Tallinas 9,3,46,3/4,Pre-war house,"1,424 €","65,500 €"
"Māja tiek izpārdota pa atsevišķiem dzīvokļiem, kas dod iespēju i",https://www.ss.com/msg/en/real-estate/flats/riga/centre/dxlik.html,Chaka 133,1,32,4/6,Pre-war house,"1,469 €","47,000  €"
3 istabu dzīvoklis Centrā - peļņa gadā ~7%. Ideāli piemērots gan,https://www.ss.com/msg/en/real-estate/flats/riga/centre/affxj.html,Lachplesha 52,3,56,2/5,Pre-war house,"2,313 €","129,500  €"
"Pārdošanā renovēts 2 istabu dzīvoklis Rīgas centrā

Adrese: Ma",https://www.ss.com/msg/en/real-estate/flats/riga/centre/ailxc.html,Matisa 101,2,45,1/5,Recon.,"2,178 €","98,000  €"
"Pārdošanā gaišs, plašs un funkcionāli izplānots 2 istabu dzīvokl",https://www.ss.com/msg/en/real-estate/flats/riga/centre/fpbjk.html,Rupniecibas 34A,2,57,5/6,New,"2,895 €","165,000  €"
Attīstītajs piedāvā iegādāties dzīvokļus 1912. gadā celtā pirmsk,https://www.ss.com/msg/en/real-estate/flats/riga/centre/afdxm.html,Brivibas 190,1,26,2/6,Recon.,"1,606 €","41,743  €"
Attīstītajs piedāvā iegādāties dzīvokļus 1912. gadā celtā pirmsk,https://www.ss.com/msg/en/real-estate/flats/riga/centre/cddcp.html,Brivibas 190,1,25,2/6,Recon.,"1,670 €","41,743  €"
"Plašas telpas vēsturiskā namā klusajā centrā. 

Tiek piedāvāta",https://www.ss.com/msg/en/real-estate/flats/riga/centre/eogbc.html,Vilandes 12,5,160,2/5,Recon.,"1,750 €","280,000  €"
Attīstītājs piedāvā iegādāties dzīvokļus 1912. gadā celtā pirmsk,https://www.ss.com/msg/en/real-estate/flats/riga/centre/ghffn.html,Brivibas 190,3,44,2/6,Recon.,"1,746 €","76,825  €"
"Iekšpagalma ēka. 
Attīstītājs piedāvā iegādāties dzīvokļus 1912",https://www.ss.com/msg/en/real-estate/flats/riga/centre/ajbii.html,Brivibas 190,2,47,1/6,Recon.,"1,272 €","59,776  €"
Attīstītajs piedāvā iegādāties dzīvokļus 1912. gadā celtā pirmsk,https://www.ss.com/msg/en/real-estate/flats/riga/centre/fjxix.html,Brivibas 190,4,66,2/6,Recon.,"1,618 €","106,758  €"
"Rīgas centrā tiek pārdots studio tipa dzīvoklis

Iespēja iegād",https://www.ss.com/msg/en/real-estate/flats/riga/centre/bdphpd.html,Brivibas 68,1,38,1/6,Recon.,"3,537 €","134,400  €"
"Pārdošanā Gaišs, Pilnībā Izremontēts 2 Istabu Dzīvoklis Rīgā – K",https://www.ss.com/msg/en/real-estate/flats/riga/centre/bfckxh.html,Klijanu 22,2,50,2/8,Recon.,"1,696 €","84,800 €"
Divstāvīgs dzīvoklis ar 3 vannas istabām un savu autostāvvietu.,https://www.ss.com/msg/en/real-estate/flats/riga/centre/cixnl.html,Rupniecibas 48,3,60,2/2,New,"4,000 €","240,000  €"
"Skaistā Jaunceltnē, lieliskā apkaimē pārdošanā ir nonācis 2istab",https://www.ss.com/msg/en/real-estate/flats/riga/centre/bcjfxo.html,Rupniecibas 48,2,35,2/4,New,"3,714 €","130,000  €"
"Skaists, mājīgs 3 istabu dzīvoklis Ģertrūdes ielā 24. Dzīvoklis",https://www.ss.com/msg/en/real-estate/flats/riga/centre/belfom.html,Gertrudes 24,3,86,4/5,Pre-war house,"2,674 €","230,000  €"
"Skaistā Jaunceltnē, lieliskā apkaimē pārdošanā ir nonācis trīs i",https://www.ss.com/msg/en/real-estate/flats/riga/centre/bcjfob.html,Rupniecibas 48,3,71,1/2,New,"3,239 €","230,000  €"
"Māja ir nodota ekspluatācijā. 

Attīstītājs piedāvā dzīvokļus",https://www.ss.com/msg/en/real-estate/flats/riga/centre/bmnim.html,Lachplesha 36,2,44,2/5,Recon.,"3,466 €","152,490  €"
"Māja ir nodota ekspluatācijā. 

Attīstītājs piedāvā dzīvokļus",https://www.ss.com/msg/en/real-estate/flats/riga/centre/ahjoi.html,Lachplesha 36,3,64,5/5,Recon.,"3,776 €","241,680  €"
Spacious and bright 3-room apartment with its own balcony and pa,https://www.ss.com/msg/en/real-estate/flats/riga/centre/bcimdn.html,Senchu 7,3,87,1/5,New,"1,713 €","149,000  €"
Spacious and modern apartment with an exclusive view from the ba,https://www.ss.com/msg/en/real-estate/flats/riga/centre/hehix.html,Valdemara 39,3,149,7/7,Recon.,"1,543 €","229,900  €"
Plašs 2istabu dzīvoklis ar lieliem logiem uz slēgtu paglamu. Ir,https://www.ss.com/msg/en/real-estate/flats/riga/centre/bednbf.html,Brivibas 146,2,57,1/5,Recon.,"1,402 €","79,890  €"
Īpašnieks pārdod trīsistabu dzīvokli ar kopējo platību 107 kvadr,https://www.ss.com/msg/en/real-estate/flats/riga/centre/adjdc.html,Republikas pl. 3,4,107,2/7,New,"2,009 €","215,000  €"
"Pārdošanā tiek piedāvāta tikko izremontēta, estētiski augstvērtī",https://www.ss.com/msg/en/real-estate/flats/riga/centre/adbob.html,Klijanu 22,1,30,1/8,Recon.,"1,967 €","59,000  €"
"Piedāvājam rezervācijai 61, 8 m² plašu 3 istabu dzīvokli vēsturi",https://www.ss.com/msg/en/real-estate/flats/riga/centre/cmmdl.html,Bruninieku 41,3,62,3/5,Pre-war house,"1,894 €","117,420  €"
Īpašnieks pārdod gaišu un funkcionālu 3 istabu dzīvokli ar kopēj,https://www.ss.com/msg/en/real-estate/flats/riga/centre/eglxo.html,Pulkv. Briezha 9,3,98,3/8,Spec. pr.,"2,020 €","198,000  €"
Piedāvājam rezervācijai 4-istabu dzīvokli ar platību 82.8 m² vēs,https://www.ss.com/msg/en/real-estate/flats/riga/centre/bclfjj.html,Bruninieku 41,3,83,2/5,Pre-war house,"1,746 €","144,900  €"
Piedāvājam rezervācijai 2-istabu dzīvokli ar platību 29.7 m² vēs,https://www.ss.com/msg/en/real-estate/flats/riga/centre/becexl.html,Bruninieku 41,2,30,4/5,Pre-war house,"2,079 €","62,370  €"
Piedāvājam rezervācijai 30.2 m² plašu 2 istabu dzīvokli vēsturis,https://www.ss.com/msg/en/real-estate/flats/riga/centre/afohj.html,Bruninieku 41,2,30,2/5,Pre-war house,"1,963 €","58,890  €"
135 m² plašs un gaišs dzīvoklis renovētā vēsturiskā mājā Baznīca,https://www.ss.com/msg/en/real-estate/flats/riga/centre/dflxm.html,Baznicas 45,5,133,4/5,Recon.,"2,030 €","270,000  €"
Eng. Exclusive Penthouse for Sale in the Modern Residential Proj,https://www.ss.com/msg/en/real-estate/flats/riga/centre/becidg.html,Chaka 134,4,135,6/6,New,"2,296 €","310,000  €"
Gaišs un tiešām kluss 2 istabu dzīvoklis centrā pagalma mājā ar,https://www.ss.com/msg/en/real-estate/flats/riga/centre/bconxb.html,Brivibas 162k2,2,55,4/8,Spec. pr.,"1,800 €","98,999  €"
"Продаётся просторная и уютная 4-комнатная квартира площадью 107,",https://www.ss.com/msg/en/real-estate/flats/riga/centre/dninp.html,Brivibas 72/2,4,108,3/6,Pre-war house,"2,083 €","225,000  €"
Dzīvoklis atrodas Ērgļu iela 12 pie Sporta nams Daugava peldbase,https://www.ss.com/msg/en/real-estate/flats/riga/centre/fhbic.html,Barona 110,3,73,1/3,Pre-war house,"2,233 €","163,000  €"
Pārdošanā tiek piedāvāts plašs un gaišs 3 istabu dzīvoklis ar ko,https://www.ss.com/msg/en/real-estate/flats/riga/centre/bedkm.html,Skolas 30,3,91,5/6,Recon.,"1,380 €","125,600  €"
"Pārdod dzīvokli Rīgas centrā, klusā un pieprasītā rajonā. 
2. s",https://www.ss.com/msg/en/real-estate/flats/riga/centre/flenm.html,Terbatas 93,4,93,2/6,Stalin project,"2,000 €","186,000  €"
"Tiek pārdots gaišs un mājīgs 3 istabu dzīvoklis 92, 6 m² platībā",https://www.ss.com/msg/en/real-estate/flats/riga/centre/ajxbo.html,Antonijas 16A,3,93,4/7,New,"3,118 €","290,000  €"
"Pārdod 47, 1 m² dzīvokli vēsturiskā 19. gadsimta tirgotāju namā",https://www.ss.com/msg/en/real-estate/flats/riga/centre/acnhh.html,Elijas 8,3,47,2/2,Pre-war house,745 €,"35,000  €"
"Pārdod lielisku, gaišu un siltu 2 istabu dzīvokli Ģertrūdes ielā",https://www.ss.com/msg/en/real-estate/flats/riga/centre/bclcji.html,Gertrudes 100,2,43,4/5,Spec. pr.,"1,581 €","68,000  €"
Pārdod. Brīnišķīgs divistabu dzīvoklis klusā centrālā vietā. Res,https://www.ss.com/msg/en/real-estate/flats/riga/centre/cmpkj.html,Rupniecibas 11,2,74,4/5,Recon.,"3,784 €","280,000  €"
Plašs studio dzīvoklis jaunajā projektā Klusajā centrā ar terasi,https://www.ss.com/msg/en/real-estate/flats/riga/centre/cjelc.html,Rupniecibas 25,1,49,1/6,New,"3,263 €","159,900  €"
Pārdod mājīgu 2 istabu dzīvokli skaistā renovētā projektā “Rēder,https://www.ss.com/msg/en/real-estate/flats/riga/centre/bdplbf.html,Latgales 48,2,28,1/4,Recon.,"2,679 €","75,000  €"
"Pārdošanā saulains, kapitāli izremontēts mansarda dzīvoklis reno",https://www.ss.com/msg/en/real-estate/flats/riga/centre/bedndh.html,Matisa 85,3,75,6/6,Recon.,"2,067 €","155,000  €"
"Pārdošanā dzīvoklis perspektīvā vietā Rīgas centrā, Lastādijā, E",https://www.ss.com/msg/en/real-estate/flats/riga/centre/ejkpi.html,Elijas 14,1,35,2/5,Pre-war house,"1,014 €","35,500 €"
"Divu istabu dzīvoklis Premium Klases ēkā, 5.stāvā. 

""One Deve",https://www.ss.com/msg/en/real-estate/flats/riga/centre/cpmxk.html,Marijas 4,2,33,5/5,Recon.,"3,924 €","129,480  €"
Gaumīgs divstāvu dzīvoklis renovētā namā stilīgākajā Rīgas centr,https://www.ss.com/msg/en/real-estate/flats/riga/centre/bcnjfi.html,Alauksta 7,2,36,2/2,Recon.,"3,194 €","115,000  €"
"Īpašnieks pārdod 3 istabu dzīvokli (2 guļamistabas, 2 sanmezgli)",https://www.ss.com/msg/en/real-estate/flats/riga/centre/bfdjxp.html,Blaumana 11/13,3,81,2/5,Pre-war house,"3,123 €","253,000  €"
Pārdod gaišu un saulainu 33 m² dzīvokli Rīgas centrā ar ērtu un,https://www.ss.com/msg/en/real-estate/flats/riga/centre/bhdgb.html,Zvaigzhnu 26,1,33,2/5,Spec. pr.,"1,667 €","55,000  €"
"Pārdod plašu 4 istabu dzīvokli klusajā centrā, šogad tiks renovē",https://www.ss.com/msg/en/real-estate/flats/riga/centre/bclfjk.html,Petersalas 17,4,80,2/2,Pre-war house,619 €,"49,500  €"
Rīgas klusajā centrā plašs 3 istabu dzīvoklis par izdevīgu cenu.,https://www.ss.com/msg/en/real-estate/flats/riga/centre/dchcm.html,Zala 7,3,99,2/3,Pre-war house,"1,515 €","150,000  €"
Piedāvājumā plašs un gaišs 2-istabu dzīvoklis jūgendstila pirmsk,https://www.ss.com/msg/en/real-estate/flats/riga/centre/bckfhe.html,Blaumana 36,2,77,3/5,Pre-war house,"2,797 €","215,350  €"
Pārdod gaišu un saulainu trīs istabu dzīvokli 80.3m3 platībā. Gr,https://www.ss.com/msg/en/real-estate/flats/riga/centre/adixx.html,Darzauglu 1,3,80,5/7,New,"2,238 €","179,000  €"
"Tikko remontēts dzīvoklis
Pārdod 3 - istabu dzīvokli ar augstas",https://www.ss.com/msg/en/real-estate/flats/riga/centre/eikjx.html,Latgales 109,3,43,2/5,Recon.,"2,600 €","111,800  €"
Plašs un elegants 4 istabu dzīvoklis Stabu ielā – Rīgas centrā,https://www.ss.com/msg/en/real-estate/flats/riga/centre/ecpod.html,Stabu 60,4,116,4/5,Recon.,"1,810 €","210,000  €"
"Dzīvokļa priekšrocības:

pārdomāts un ērts plānojums;
gaišas",https://www.ss.com/msg/en/real-estate/flats/riga/centre/ehfgp.html,Klijanu 12,2,40,3/3,New,"2,125 €","85,000  €"
"Attīstītājs ""Merko mājas"" piedāvā iegādāties energoefektīvu 3-is",https://www.ss.com/msg/en/real-estate/flats/riga/centre/beknmh.html,Skanstes 12,3,79,1/12,New,"2,901 €","229,200 €"
"Pārdošanā gaišs un saulains dzīvoklis Grīziņkalnā. 

Dzīvokļi",https://www.ss.com/msg/en/real-estate/flats/riga/centre/fehmc.html,Zvaigzhnu 21,1,22,4/5,Pre-war house,"1,368 €","30,100  €"
"Attīstītājs ""Merko mājas"" piedāvā iegādāties energoefektīvu 5-is",https://www.ss.com/msg/en/real-estate/flats/riga/centre/benihx.html,Skanstes 12,5,105,2/12,New,"3,042 €","319,400 €"
"Attīstītājs ""Merko mājas"" piedāvā iegādāties energoefektīvu 4-is",https://www.ss.com/msg/en/real-estate/flats/riga/centre/bclfgf.html,Skanstes 12,4,99,2/12,New,"2,809 €","278,100 €"
"Attīstītājs ""Merko mājas"" piedāvā iegādāties energoefektīvu 2-is",https://www.ss.com/msg/en/real-estate/flats/riga/centre/ajogh.html,Skanstes 6,2,53,1/12,New,"3,032 €","160,700 €"
"Pārdod 2 istabu dzīvokli Rīgas centrā. 
Dzīvokļa kopējā platība",https://www.ss.com/msg/en/real-estate/flats/riga/centre/ddxcf.html,Stabu 104,2,49,3/5,Lit pr.,"1,622 €","79,500  €"
"Pārdošanā pieejamas 159, 7 m² plašas un gaišas telpas vienā no R",https://www.ss.com/msg/en/real-estate/flats/riga/centre/bcjeji.html,Vilandes 12,4,160,1/6,Pre-war house,"1,900 €","304,000  €"
"Trīs istabu dzīvoklis jaunā projektā Rīgas centrā. 
Unikāla ies",https://www.ss.com/msg/en/real-estate/flats/riga/centre/clbci.html,Dzirnavu 85,3,59,2/7,New,"4,015 €","236,900  €"
"Pārdod saulainu, gaišu, plašu 3 istabu, pilnībā mēbelētu, ērta p",https://www.ss.com/msg/en/real-estate/flats/riga/centre/dmmgi.html,Tomsona 30,3,122,2/10,New,"2,869 €","350,000  €"
"Piedāvājam iegādāties elegantu 4 istabu dzīvokli Rīgas centrā, B",https://www.ss.com/msg/en/real-estate/flats/riga/centre/agipb.html,Brivibas 72,4,108,3/6,Pre-war house,"2,083 €","225,000  €"
"Ekskluzīvs četru istabu dzīvoklis Rīgas vēsturiskajā centrā. 
I",https://www.ss.com/msg/en/real-estate/flats/riga/centre/bedmgp.html,Blaumana 20,4,108,2/7,New,"3,611 €","390,000  €"
Rīgas centrā tiek pārdots 2-istabu saulains un elegants dzīvokli,https://www.ss.com/msg/en/real-estate/flats/riga/centre/bxfmj.html,Brivibas 68,2,49,3/6,Recon.,"3,507 €","171,850  €"
Pārdošanā plašs četristabu dzīvoklis renovētā mājā pašā Rīgas ce,https://www.ss.com/msg/en/real-estate/flats/riga/centre/apxbo.html,Brivibas 110,4,122,2/6,Pre-war house,"1,697 €","207,000  €"
Pārdošanā silts un saulains trīsistabu dzīvoklis netālu no Skans,https://www.ss.com/msg/en/real-estate/flats/riga/centre/abxpo.html,Zirnu 5 k-2,3,60,4/9,467-th,"1,900 €","114,000  €"
Pārdošanā mājīgs divistabu dzīvoklis ar nesen veiktu svaigu remo,https://www.ss.com/msg/en/real-estate/flats/riga/centre/gxjng.html,Chaka 121,2,54,6/6,Recon.,"1,389 €","75,000  €"
"Двухкомнатная квартира в Centra nams. 

Планировка:
- Простор",https://www.ss.com/msg/en/real-estate/flats/riga/centre/adbnk.html,Republikas pl. 3,2,55,2/7,New,"3,273 €","179,990  €"
Pārdošanā gaišs un mājīgs dzīvoklis jaunajā projektā “Tomsona Te,https://www.ss.com/msg/en/real-estate/flats/riga/centre/agkkl.html,Tomsona 30,4,105,3/9,New,"2,381 €","250,000  €"
Attīstītājs piedāvā iegādāties plašu 3 istabu dzīvokli jaunajā p,https://www.ss.com/msg/en/real-estate/flats/riga/centre/bckxbg.html,Skolas 17,3,86,2/7,New,"3,434 €","295,320  €"
"Zems 1. stāvs. Siltas, sausas, gaišas zema 1. stāva (vai augsta",https://www.ss.com/msg/en/real-estate/flats/riga/centre/cihep.html,Chaka 133,2,44,1/6,Pre-war house,579 €,"25,492  €"
"Pārdod investīciju dzīvokli Marijas ielā 8B, iekšpagalma ēkā",https://www.ss.com/msg/en/real-estate/flats/riga/centre/bclghi.html,Marijas 8B,2,22,3/3,Pre-war house,"4,241 €","93,300  €"
Pārdod pilnībā izremontētu 2 istabu dzīvokli renovētā mājā Rīgas,https://www.ss.com/msg/en/real-estate/flats/riga/centre/cphfc.html,Krasotaju 13a,2,30,3/5,Recon.,"2,767 €","83,000  €"
"Trīs līmeņu, 4 istabu dzīvoklis ar saunu, mājas kinozāli un unik",https://www.ss.com/msg/en/real-estate/flats/riga/centre/bexjho.html,Brivibas 104,4,175,5/7,Spec. pr.,"1,400 €","245,000  €"
"Piedāvājam iegādei studio dzīvokli pēc kvalitatīva remonta, piln",https://www.ss.com/msg/en/real-estate/flats/riga/centre/bhjoi.html,Sadovnikova 39,1,27,7/7,Recon.,"2,512 €","67,830  €"
"Gaišs 2.stāva dzīvoklis pēc kvalitatīva remonta, pilnībā aprīkot",https://www.ss.com/msg/en/real-estate/flats/riga/centre/ddhfl.html,Sadovnikova 39,2,42,2/7,Recon.,"2,389 €","100,320  €"
"Pārdošanā plašs un gaišs 2-istabu dzīvoklis Tērbatas ielā. 

D",https://www.ss.com/msg/en/real-estate/flats/riga/centre/agoef.html,Terbatas 59/61,2,65,3/7,Recon.,"2,726 €","177,200  €"
Attīstītājs un īpašnieks – kompāniju grupa “R. Evolution” – pārd,https://www.ss.com/msg/en/real-estate/flats/riga/centre/aefif.html,Strelnieku 5,4,118,2/7,New,"5,297 €","625,000  €"
Pārdod elegantu izsmalcināta dizaina dzīvokli Alberta ielā 1 pil,https://www.ss.com/msg/en/real-estate/flats/riga/centre/bdhpf.html,Alberta 1,6,209,5/5,Recon.,"3,565 €","745,000  €"
"Samazināta Cena - Pēdējā Cena. 
Tiek pārdots gaišs un mājīgs 2",https://www.ss.com/msg/en/real-estate/flats/riga/centre/dxgdo.html,Lugazhu 4,2,47,5/5,Lit pr.,"1,085 €","51,000  €"
Moderns dizainera dzīvoklis mūsdienīgajā projektā pašā centrā.,https://www.ss.com/msg/en/real-estate/flats/riga/centre/ajfek.html,Kungu 25,1,33,4/6,New,"3,636 €","120,000  €"
Īpašnieks pārdod gaišu un saulainu 2 istabu dzīvokli vienā no la,https://www.ss.com/msg/en/real-estate/flats/riga/centre/agiok.html,Blaumana 9A,2,51,5/6,Recon.,"4,500 €","229,500  €"
"Četristabu dzīvoklis Skanstē ar skatu uz parku. 

Virtuve aprī",https://www.ss.com/msg/en/real-estate/flats/riga/centre/begljn.html,Grostonas 21,4,110,8/10,New,"3,136 €","345,000  €"
"Pārdod siltu, saulainu un mājīgu dzīvokli. Ir parkings un nolikt",https://www.ss.com/msg/en/real-estate/flats/riga/centre/cbihj.html,Vesetas 10,2,66,5/7,Spec. pr.,"2,000 €","132,000  €"
Izsmalcināts 2-istabu dzīvoklis renovētā namā Rīgas centrā.,https://www.ss.com/msg/en/real-estate/flats/riga/centre/bedbxj.html,Chaka 26,2,53,5/7,Recon.,"3,113 €","165,000  €"
Gaišs 3 istabu dzīvoklis pēc kvalitatīva remonta 66 m² + 8 m² ba,https://www.ss.com/msg/en/real-estate/flats/riga/centre/fhjlg.html,Chaka 133,3,74,6/6,Pre-war house,"2,432 €","180,000  €"
"Kluss, silts dzīvoklis sētas mājas 1. stāvā. Logi iziet uz divām",https://www.ss.com/msg/en/real-estate/flats/riga/centre/hxpim.html,Barona 108,1,25,1/5,Pre-war house,"1,800 €","45,000  €"
Divu līmeņu dzīvoklis ar pārdomātu plānojumu un lielu griestu au,https://www.ss.com/msg/en/real-estate/flats/riga/centre/aimef.html,Sadovnikova 29a,4,110,5/6,Recon.,"1,727 €","190,000  €"
"Unikāls dzīvoklis ar tiešu skatu uz Brīvības pieminekli, Bastejk",https://www.ss.com/msg/en/real-estate/flats/riga/centre/bobfc.html,Brivibas 19,3,70,5/6,Pre-war house,"3,786 €","265,000  €"
"Tiek pārdots plašs četru istabu dzīvoklis Stabu ielā – vietā, ku",https://www.ss.com/msg/en/real-estate/flats/riga/centre/akixn.html,Stabu 61,4,94,1/5,Pre-war house,"1,755 €","165,000  €"
Pārdod 2 istabu studio tipa dzīvokli jaunajā projektā Vecrīgā. D,https://www.ss.com/msg/en/real-estate/flats/riga/centre/ankkl.html,Kaleju 74,2,61,3/6,New,"2,459 €","150,000  €"
"Īpašnieki pārdod plašu, mājīgu un tikko renovētu 3 istabu dzīvok",https://www.ss.com/msg/en/real-estate/flats/riga/centre/bcklcp.html,Zala 3,3,80,1/4,Pre-war house,"2,738 €","219,000  €"
"Pārdošanā dzīvoklis pašā Rīgas centrā. Zemais pirmais stāvs, kop",https://www.ss.com/msg/en/real-estate/flats/riga/centre/bpebi.html,Mīlenbaha 2,3,51,1/5,Pre-war house,902 €,"46,000  €"
Attīstītājs River properties piedāvā iegādāties elegantu un pārd,https://www.ss.com/msg/en/real-estate/flats/riga/centre/fencb.html,Skolas 17,3,89,3/7,New,"3,815 €","339,538  €"
"Lv:
Īpašnieks pārdod saulainu un gaišu dzīvokli pilsētas sirdī.",https://www.ss.com/msg/en/real-estate/flats/riga/centre/bdponk.html,Lachplesha 48,2,50,6/6,Pre-war house,"2,500 €","125,000  €"
"Pārdod gaišu dzīvokli bez apdares Rīgas vēsturiskajā centrā, Kli",https://www.ss.com/msg/en/real-estate/flats/riga/centre/ajnhi.html,Klijanu 22,2,36,4/8,Recon.,749 €,"26,950  €"
"Pārdošanā gaišs un mājīgs 3 istabu dzīvoklis Rīgas centrā, Krāsl",https://www.ss.com/msg/en/real-estate/flats/riga/centre/behcdd.html,Lachplesha 130,3,50,6/6,New,"2,600 €","130,000  €"
Studio tipa dzīvoklis ar pilnu apdari renovētā ēkā Donberga kvar,https://www.ss.com/msg/en/real-estate/flats/riga/centre/dnglf.html,Gertrudes 60,1,19,1/5,Pre-war house,"2,874 €","54,600  €"
Pārdošanā gaumīgi labiekārtots studijas tipa dzīvoklis vienā no,https://www.ss.com/msg/en/real-estate/flats/riga/centre/bdjmpb.html,Pulkv. Briezha 10,1,33,3/5,Pre-war house,"3,754 €","123,879  €"
Klusais un omulīgais studijas tipa dzīvoklis vērsts uz Klusā cen,https://www.ss.com/msg/en/real-estate/flats/riga/centre/dofei.html,Pulkv. Briezha 10,1,40,3/5,Pre-war house,"3,414 €","136,578  €"
К продаже предлагается уютная двухкомнатная квартира в Тихом цен,https://www.ss.com/msg/en/real-estate/flats/riga/centre/befpmx.html,Pulkv. Briezha 10,2,42,3/5,Recon.,"3,443 €","144,585  €"
Pilnībā aprikots divistabu dzīvoklis ar vietu automašīnai pagalm,https://www.ss.com/msg/en/real-estate/flats/riga/centre/bexjfg.html,Aluksnes 3,2,38,1/5,Recon.,"2,053 €","78,000  €"
Iegādei pieejams ar sadzīves tehniku un korpusa mēbelēm aprīkots,https://www.ss.com/msg/en/real-estate/flats/riga/centre/bebdob.html,Pulkv. Briezha 10,2,35,3/7,New,"3,822 €","133,773  €"
Reta iespēja iegādāties plašu 4-istabu dzīvokli Rīgas vēstniecīb,https://www.ss.com/msg/en/real-estate/flats/riga/centre/bfffen.html,Elizabetes 35,4,129,4/4,Pre-war house,"2,248 €","290,000  €"
"Atvērta rezervācija. 

Dzīvokļi ar pilnu apdari renovētā ēkā,",https://www.ss.com/msg/en/real-estate/flats/riga/centre/bholl.html,Zvaigzhnu 21,1,21,3/5,Recon.,"2,354 €","49,440  €"
"Lv
Plašs un funkcionāls mājoklis Rīgas centrā – Lāčplēša ielā 4",https://www.ss.com/msg/en/real-estate/flats/riga/centre/gmoge.html,Lachplesha 47,2,113,2/5,Recon.,"1,726 €","195,000 €"
"Elegants 2 istabu dzīvoklis Rīgas klusajā centrā

Pārdošanā pi",https://www.ss.com/msg/en/real-estate/flats/riga/centre/chiml.html,Pulkv. Briezha 10,2,47,3/5,Recon.,"3,906 €","183,600  €"
"Rīgas centrā tiek pārdots mājīgs un gaišs vienistabas dzīvoklis,",https://www.ss.com/msg/en/real-estate/flats/riga/centre/bdpgnm.html,Stabu 104,1,28,1/5,Spec. pr.,"1,893 €","53,000  €"
"Pārdod 3-istabu dzīvokli Rīgas centrā, Krišjāņa Valdemāra ielā 1",https://www.ss.com/msg/en/real-estate/flats/riga/centre/dgomf.html,Valdemara 135,3,79,5/5,Stalin project,"1,595 €","126,000  €"
"Gaišs dzīvoklis renovētā vēsturiskā ēkā Rīgas centrā

Pārdošan",https://www.ss.com/msg/en/real-estate/flats/riga/centre/ahxpl.html,Chaka 33,2,50,3/6,Recon.,"2,580 €","129,000  €"
"Dzīvoklis izceļas ar plašuma sajūtu un lieliem logiem, kas vērst",https://www.ss.com/msg/en/real-estate/flats/riga/centre/bcigjk.html,Eksporta 14,3,74,4/5,Stalin project,"2,228 €","164,900  €"
"Pārdod investīciju dzīvokli Marijas ielā 8B, iekšpagalma ēkā",https://www.ss.com/msg/en/real-estate/flats/riga/centre/bcimel.html,Marijas 8b,2,22,2/3,Pre-war house,"4,045 €","89,000  €"
"Studio tipa investīciju dzīvoklis Marijas ielā 8B, iekšpagalma ē",https://www.ss.com/msg/en/real-estate/flats/riga/centre/eijcn.html,Marijas 8b,1,21,2/3,Pre-war house,"4,019 €","84,400  €"
Pārdošanā ir unikāla bēniņu telpa vēsturiskā ēkā ar jau saskaņot,https://www.ss.com/msg/en/real-estate/flats/riga/centre/adfoj.html,Bruninieku 89,Other,300,6/6,Pre-war house,300 €,"89,999  €"
Ar skatu uz upi Daugavu - ekskluzīvs divu līmeņu dzīvoklis Vecrī,https://www.ss.com/msg/en/real-estate/flats/riga/centre/behdki.html,Vecpilsetas 17,3,99,6/6,Pre-war house,"1,818 €","180,000  €"
"3-istabu 3.stāva kluss pagalma dzīvoklis, pēc kvalitatīva remont",https://www.ss.com/msg/en/real-estate/flats/riga/centre/dfdgb.html,Sadovnikova 39,3,50,3/7,Recon.,"2,405 €","120,240  €"
"Pārdodu gaišu, pilnībā renovētu mansarda dzīvokli ar jaunu mēbel",https://www.ss.com/msg/en/real-estate/flats/riga/centre/blelk.html,Barona 80,2,46,5/5,Pre-war house,"1,587 €","73,000  €"
"Pārdodu gaišu, pilnībā renovētu mansarda dzīvokli ar jaunu mēbel",https://www.ss.com/msg/en/real-estate/flats/riga/centre/colhe.html,Barona 80,3,74,5/5,Pre-war house,"2,068 €","153,000  €"
Elegants 3 istabu dzīvoklis Merks “Viesturdārza mājas” projektā.,https://www.ss.com/msg/en/real-estate/flats/riga/centre/bgdjf.html,Rupniecibas 21,3,94,3/7,New,"3,394 €","319,000  €"
"Продаётся 2-комнатная квартира с ремонтом в центре Риги, по адре",https://www.ss.com/msg/en/real-estate/flats/riga/centre/dihkn.html,Brivibas 129,2,58,2/6,Pre-war house,"2,069 €","120,000  €"
"Design mansard apartment in the Art Nouveau district
A spacious",https://www.ss.com/msg/en/real-estate/flats/riga/centre/bcohcg.html,Dzirnavu 4,2,73,5/5,Pre-war house,"2,260 €","165,000 €"
Īpašnieks pārdod tikko renovētu dzīvokli vēsturiskā ēkā - Donber,https://www.ss.com/msg/en/real-estate/flats/riga/centre/hhjhe.html,Lachplesha 61,3,61,5/6,Recon.,"2,934 €","179,000  €"
Īpašnieks pārdod tikko renovētu dzīvokli vēsturiskā ēkā - Donber,https://www.ss.com/msg/en/real-estate/flats/riga/centre/ejeje.html,Lachplesha 61,2,46,5/6,Recon.,"2,957 €","136,000  €"
Piedāvājumā skaists un plašs dzīvoklis renovētā pirmskara namā p,https://www.ss.com/msg/en/real-estate/flats/riga/centre/bpmnb.html,Dzirnavu 53,4,119,5/5,Recon.,"3,997 €","475,650  €"
Elegants dzīvoklis vēsturiskā namā Rīgas centrā Elizabetes ielā,https://www.ss.com/msg/en/real-estate/flats/riga/centre/agplo.html,Elizabetes 22,3,136,2/6,Recon.,"4,963 €","675,000  €"
Pārdošanā pieejams divistabu dzīvoklis ar lielisku skatu projekt,https://www.ss.com/msg/en/real-estate/flats/riga/centre/bclldl.html,Latgales 109,2,43,4/5,Recon.,"1,497 €","64,375  €"
"Ekskluzīvs piecu istabu dzīvoklis 157 m² Jaunzema namā (1901), a",https://www.ss.com/msg/en/real-estate/flats/riga/centre/ahhgp.html,Blaumana 36,5,158,5/5,Pre-war house,"1,835 €","290,000 €"
Tiek pārdots 2-istabas dzīvoklis Rīgas centra klusajā rajonā. Vi,https://www.ss.com/msg/en/real-estate/flats/riga/centre/fepxo.html,Klijanu 12,2,37,3/3,Recon.,"2,378 €","88,000  €"
Īpašnieks pārdod dzīvokli centrā. Dzīvoklis remontējams. Liels z,https://www.ss.com/msg/en/real-estate/flats/riga/centre/dxmdi.html,Ierochu 6,1,16,1/2,Pre-war house,781 €,"12,500  €"
"2-х комнатная квартира 43.8 м2 в новом центре по отличной цене,",https://www.ss.com/msg/en/real-estate/flats/riga/centre/gehdj.html,Katrinas d. 6,2,44,1/3,Recon.,"1,820 €","80,100  €"
"Pārdod 2 istabu dzīvokli Rīgas centrā, Tērbatas ielā 20. Dzīvokl",https://www.ss.com/msg/en/real-estate/flats/riga/centre/aclkx.html,Terbatas 20,2,33,3/6,Recon.,"3,321 €","109,600  €"
"Dzīvokļi ar pilnu apdari renovētā ēkā, Grīziņkalnā. 
Dzīvojiet",https://www.ss.com/msg/en/real-estate/flats/riga/centre/bopeb.html,Zvaigzhnu 21,2,29,4/6,Recon.,"2,400 €","69,600  €"
"Pārdod dzīvokli Rīgas klusajā centrā, vēsturiskā namā. 

Dzīvo",https://www.ss.com/msg/en/real-estate/flats/riga/centre/dhfdn.html,Baznicas 27/29,3,81,2/5,Pre-war house,"1,852 €","150,000  €"
Lat/ Unikāla investīciju iespēja: kompakts divistabu dzīvoklis p,https://www.ss.com/msg/en/real-estate/flats/riga/centre/aflnk.html,Chaka 26,2,42,1/6,Recon.,"2,543 €","106,800  €"
"Pagalma ēka, labiekārtota apzaļumota teritorija, slēgts pagalms,",https://www.ss.com/msg/en/real-estate/flats/riga/centre/algxp.html,Terbatas 82,2,58,1/5,Pre-war house,"1,550 €","89,900  €"
Pārdošanā plašs un kvalitatīvi remontēts 78 m² 3 istabu dzīvokli,https://www.ss.com/msg/en/real-estate/flats/riga/centre/behoxb.html,Stabu 62,3,78,2/5,Recon.,"2,756 €","215,000  €"
Piedāvājam iegādāties plašu 3 istabu dzīvokli ar atsevišķu virtu,https://www.ss.com/msg/en/real-estate/flats/riga/centre/bcjjjg.html,Mīlenbaha 1,3,73,2/6,Recon.,"2,048 €","149,500  €"
Pilnībā mēbelēts studio tipa dzīvoklis jaunajā projektā Dainas –,https://www.ss.com/msg/en/real-estate/flats/riga/centre/bedpoe.html,Dainas 10a,1,27,3/7,New,"3,700 €","99,900 €"
"Attīstītājs pārdod modernu, pilnībā mēbelētu 3 istabu dzīvokli j",https://www.ss.com/msg/en/real-estate/flats/riga/centre/giihp.html,Dainas 10a,3,60,4/7,New,"3,680 €","220,800 €"
"Kapitāli izremontēts, omulīgs 1-istabas dzīvoklis, kurš gatavs i",https://www.ss.com/msg/en/real-estate/flats/riga/centre/fliib.html,Vagonu 14,1,22,1/2,Pre-war house,"1,750 €","38,500  €"
Pārdod dzīvokli vienā no pieprasītākajām Rīgas centra vietām – l,https://www.ss.com/msg/en/real-estate/flats/riga/centre/belble.html,Hospitalu 1,2,46,6/8,Spec. pr.,"1,826 €","84,000  €"
Mūsdienīgs 2-istabu dzīvoklis pie Viesturdārza - Klusais centrs.,https://www.ss.com/msg/en/real-estate/flats/riga/centre/bifoh.html,Rupniecibas 21,2,74,2/7,New,"3,378 €","250,000  €"
Pretim Dailes teātrim pagalma ēkas piektajā stāvā pārdošanā ir t,https://www.ss.com/msg/en/real-estate/flats/riga/centre/bclxol.html,Brivibas 84,3,72,5/6,Pre-war house,"2,069 €","149,000  €"
"Terase, dizainera veidota apdare. Pagalmā vieta automašīnai. 
K",https://www.ss.com/msg/en/real-estate/flats/riga/centre/chnkn.html,Dzirnavu 92,4,132,4/5,Recon.,"3,258 €","430,000  €"
"Pārdodam kompaktu, kvalitatīvi remontētu vienistabas dzīvokli Br",https://www.ss.com/msg/en/real-estate/flats/riga/centre/ekbnf.html,Bruninieku 93,1,26,4/4,Pre-war house,"2,000 €","52,000  €"
"Продается просторная, солнечная, полностью меблированная двухком",https://www.ss.com/msg/en/real-estate/flats/riga/centre/cfkgi.html,Chaka 143,2,62,4/5,Recon.,"1,589 €","98,500  €"
"Izbaudiet Klusā centra šarmu – vēsturiska vide, izcila lokācija",https://www.ss.com/msg/en/real-estate/flats/riga/centre/heibi.html,Pulkv. Briezha 10,2,42,4/5,Pre-war house,"3,742 €","157,182  €"
"Dzīve Klusajā centrā – vietā, kur vēsturiskā elegance satiekas a",https://www.ss.com/msg/en/real-estate/flats/riga/centre/ehgex.html,Pulkv. Briezha 10,2,35,5/7,New,"3,917 €","137,088  €"
Tavas jaunās mājas - elegants 3 istabu dzīvoklis Rīgas vēsturisk,https://www.ss.com/msg/en/real-estate/flats/riga/centre/aindp.html,Lachplesha 36,3,60,4/6,Recon.,"4,250 €","255,000  €"
"Pārdod dzīvokli Ģertrūdes ielā. 

Pārdošanā 1-istabas dzīvokli",https://www.ss.com/msg/en/real-estate/flats/riga/centre/bcjlef.html,Gertrudes 78,1,34,5/6,Spec. pr.,"1,706 €","58,000  €"
Īpašnieks pārdod plašu 3 istabu dzīvokli 88 m² projektā “Skanste,https://www.ss.com/msg/en/real-estate/flats/riga/centre/gjemp.html,Grostonas 21,3,88,1/8,New,"2,385 €","209,900  €"
"Pārdod remontējamus mansarda dzīvokļus Rīgas centrā, Tērbatas ie",https://www.ss.com/msg/en/real-estate/flats/riga/centre/dmnnk.html,Terbatas 16/18,5,108,5/5,Pre-war house,"1,176 €","127,000  €"
"Jaunais dzīvokļu projekts Rīgā – Hospitāļu iela 49

Mūsdienīga",https://www.ss.com/msg/en/real-estate/flats/riga/centre/abnlf.html,Hospitalu 49,4,103,6/8,New,"3,350 €","345,000  €"
"Pārdodās 1 Istanbul dzīvoklis. 
Dzīvoklis ir gaišs, majigs, sil",https://www.ss.com/msg/en/real-estate/flats/riga/centre/gdgff.html,Brivibas 117,1,21,3/3,Stalin project,"1,286 €","27,000 €"
Pārdošanā plašas un kvalitatīvi iekārtotas komerctelpas Rīgas Kl,https://www.ss.com/msg/en/real-estate/flats/riga/centre/dikjb.html,Ausekla 5,4,136,1/5,Recon.,"2,059 €","280,000  €"
Pārdod plašu 3 istabu dzīvokli ar panorāmas skatu prestižajā pro,https://www.ss.com/msg/en/real-estate/flats/riga/centre/gpnfb.html,J. Dalina 8,3,111,16/24,New,"2,973 €","330,000  €"
Pārdod vienistabas dzīvokli centrā pēc remonta. Nomainīta elektr,https://www.ss.com/msg/en/real-estate/flats/riga/centre/bigcc.html,Valmieras 21,1,31,2/3,Pre-war house,"1,226 €","38,000  €"
Iespēja iegādāties kapitāli izremontētu un pilnībā mēbelētu stud,https://www.ss.com/msg/en/real-estate/flats/riga/centre/ckehm.html,Chaka 109,1,53,2/6,Pre-war house,"1,943 €","103,000  €"
Piedāvājumā 94 m² plašs un gaišs 3 istabu dzīvoklis vienā no pre,https://www.ss.com/msg/en/real-estate/flats/riga/centre/aihep.html,Rupniecibas 21,3,94,2/7,New,"3,053 €","287,000  €"
"Terase, izsmalcināta arhitektūra un mūsdienīgs komforts – šis 3",https://www.ss.com/msg/en/real-estate/flats/riga/centre/coipm.html,Valdemara 41A,3,64,5/8,New,"4,094 €","262,000  €"
"Attīstītājs pārdod dzīvokli telpas renovētā projektā ""Šefela nam",https://www.ss.com/msg/en/real-estate/flats/riga/centre/bcpbln.html,Baznicas 5,3,54,1/5,Recon.,"1,583 €","85,500  €"
"Atīstītājs pārdod 2 istabu dzīvokli renovētā projektā ""Šefela na",https://www.ss.com/msg/en/real-estate/flats/riga/centre/bcpbof.html,Baznicas 5,2,40,2/5,Recon.,"4,160 €","166,415  €"
"Atīstītājs pārdod 2 istabu dzīvokli renovētā projektā ""Šefela na",https://www.ss.com/msg/en/real-estate/flats/riga/centre/behbdk.html,Baznicas 5,2,45,2/5,Recon.,"3,692 €","166,130  €"
"Jaunais dzīvokļu projekts Rīgā – Hospitāļu iela 49

Mūsdienīga",https://www.ss.com/msg/en/real-estate/flats/riga/centre/dbjgn.html,Hospitalu 49,3,61,2/8,New,"3,108 €","189,599  €"
"Jaunais dzīvokļu projekts Rīgā – Hospitāļu iela 49

Mūsdienīga",https://www.ss.com/msg/en/real-estate/flats/riga/centre/dneim.html,Hospitalu 49,2,45,2/8,New,"3,169 €","142,624  €"
Pārdod kvalitatīvi remontētu mūsdienīgu 3 istabu dzīvokli Rīgas,https://www.ss.com/msg/en/real-estate/flats/riga/centre/fdebl.html,Ganu 4,3,90,2/5,Recon.,"3,500 €","315,000  €"
Экспорта 12 Просторная 3-Комнатная Квартира В Тихом Центре Риги,https://www.ss.com/msg/en/real-estate/flats/riga/centre/hxpci.html,Eksporta 12,3,79,1/7,Recon.,"1,835 €","145,000  €"
Pārdošanā pilnībā aprīkots 2 istabu dzīvoklis Klusajā Centrā.,https://www.ss.com/msg/en/real-estate/flats/riga/centre/ahkxg.html,Pulkv. Briezha 7,2,60,1/6,Pre-war house,"2,467 €","148,000  €"
Pilnībā atjaunots dizaina dzīvoklis Rīgas centrā – Baznīcas ielā,https://www.ss.com/msg/en/real-estate/flats/riga/centre/gblck.html,Baznicas 27,4,158,5/5,Pre-war house,"3,734 €","590,000  €"
"Pārdod studio tipa dzīvokli Klusajā centrā

Dzīvoklis sastāv n",https://www.ss.com/msg/en/real-estate/flats/riga/centre/bdxpe.html,Dzirnavu 37,1,25,3/7,Recon.,"3,816 €","95,400  €"
"Viesturdārza Rezidence ir dzīvojamā ēka Rīgas klusajā centrā, ku",https://www.ss.com/msg/en/real-estate/flats/riga/centre/beembh.html,Vashingtona pl. 2,3,83,1/5,Recon.,"2,897 €","240,488  €"
"Pilna apdare
Viesturdārza Rezidence ir dzīvojamā ēka Rīgas klus",https://www.ss.com/msg/en/real-estate/flats/riga/centre/beiogf.html,Vashingtona pl. 2,3,73,1/5,Recon.,"3,104 €","226,610  €"
Attīstītājs piedāvā iegādāties dzīvokli pilnībā renovētā mājā Da,https://www.ss.com/msg/en/real-estate/flats/riga/centre/epikm.html,Sadovnikova 30,2,35,2/5,Recon.,"2,457 €","86,000  €"
"78 m² Rīgas centrā. Ievācies un dzīvo. 
Gaišs, pilnībā dzīvošan",https://www.ss.com/msg/en/real-estate/flats/riga/centre/ebkpg.html,Akas 4,3,78,5/7,New,"3,782 €","295,000  €"
Plašs un mūsdienīgs dzīvoklis ar ekskluzīvu skatu no erkera (tor,https://www.ss.com/msg/en/real-estate/flats/riga/centre/felxi.html,Valdemara 39,4,149,7/7,Pre-war house,"1,543 €","229,900  €"
"Plašs un daudzfunkcionāls 141, 6 m² īpašums Rīgas centrā. 

Pā",https://www.ss.com/msg/en/real-estate/flats/riga/centre/gojmn.html,Stabu 47,6,142,4/6,Recon.,"1,549 €","220,000  €"
Īpašnieks pārdot pilnīgi mēbelētu 2istabu dzīvokli jaunajā proje,https://www.ss.com/msg/en/real-estate/flats/riga/centre/bcjopg.html,Vezhu 1,2,67,1/7,New,"1,933 €","129,500  €"
"Investīciju Objekts Rīgas Centrā 12% Ienesīgums

Īpašuma pašre",https://www.ss.com/msg/en/real-estate/flats/riga/centre/ecnmd.html,Blaumana 8,5,518,2/5,Pre-war house,772 €,"400,000  €"
"Īpašnieks pārdod skaistu izremontētu dzīvoklī. Viss jauns, virtu",https://www.ss.com/msg/en/real-estate/flats/riga/centre/hbpnx.html,Gertrudes 106,2,53,4/6,Pre-war house,"2,264 €","120,000  €"
Plašs četristabu dzīvoklis vēsturiskajā Hertela namā Brīvības ie,https://www.ss.com/msg/en/real-estate/flats/riga/centre/bcbcdm.html,Brivibas 138,4,102,6/6,Pre-war house,"1,451 €","148,045  €"
Attīstītājs “Merko mājas” piedāvā iegādāties “Demo” 4-istabu dzī,https://www.ss.com/msg/en/real-estate/flats/riga/centre/abloh.html,Rupniecibas 27,4,85,3/6,New,"4,435 €","377,000 €"
Piedāvājumā plašs 4 istabu dzīvoklis kapitāli renovētā ēkā pašā,https://www.ss.com/msg/en/real-estate/flats/riga/centre/ahhdl.html,Barona 14,4,117,4/6,Pre-war house,"1,923 €","225,000  €"
Tiek pārdots gaišs trīsistabu dzīvoklis labā lokācijas vietā.,https://www.ss.com/msg/en/real-estate/flats/riga/centre/bcmepc.html,Lugazhu 2a,3,52,1/5,Chrusch.,"1,038 €","54,000  €"
"Elegants četru istabu dzīvoklis atjaunotā mūra ēkā Rīgas centrā,",https://www.ss.com/msg/en/real-estate/flats/riga/centre/ccoik.html,Chaka 54,4,108,4/5,Pre-war house,"1,630 €","176,000  €"
Attīstītājs pardot dzīvoklis silts un saulains divlimenu dzīvokl,https://www.ss.com/msg/en/real-estate/flats/riga/centre/flimc.html,Brivibas 132,2,61,3/4,Recon.,"1,787 €","109,000  €"
"Tiek pārdots mūsdienīgs, jauns un gaišs 2-ist. dzīvoklis Jaunajā",https://www.ss.com/msg/en/real-estate/flats/riga/centre/cdmof.html,Rupniecibas 25,2,53,3/7,New,"3,906 €","207,000  €"
Pārdod 2 istabu dzīvokli Rīgas centrā – staļina laika mājā.,https://www.ss.com/msg/en/real-estate/flats/riga/centre/bpmxl.html,Sadovnikova 33,2,46,1/5,Stalin project,"1,457 €","67,000  €"
Pārdošanas cena ir zemāka par īpašumā veiktajiem ieguldījumiem.,https://www.ss.com/msg/en/real-estate/flats/riga/centre/bfilk.html,Rupniecibas 11,3,98,4/5,Recon.,"3,622 €","355,000  €"
Samazināta cena. Pārdod modernu 2 līmeņu dzīvokli ar terasēm un,https://www.ss.com/msg/en/real-estate/flats/riga/centre/bfhbk.html,Silmachu 1,3,112,5/6,New,"2,125 €","238,000  €"
"Pārdod izīrēšanai pielāgotu dzīvokli renovētā mājā. 

Dzīvokli",https://www.ss.com/msg/en/real-estate/flats/riga/centre/ecoop.html,Matisa 85,2,50,1/5,Recon.,"1,718 €","85,900  €"
Pārdod plašu un ērtu dzīvokli lieliskā vietā. Zemes domājamās da,https://www.ss.com/msg/en/real-estate/flats/riga/centre/bhikm.html,Artilerijas 6,4,89,2/4,Pre-war house,"1,753 €","156,000  €"
"Pārdodu 22m2 dzīv. 75m2 zeme, malkas apkure-liels šķūnītis, mazs",https://www.ss.com/msg/en/real-estate/flats/riga/centre/exxxg.html,Matisa 82A,1,22,2/2,Pre-war house,800 €,"17,600  €"
"Lat: Plašs dzīvoklis vēsturiskā ēkā, kas atrodas pašā Rīgas cent",https://www.ss.com/msg/en/real-estate/flats/riga/centre/aehkb.html,Dzirnavu 71,5,148,2/5,Recon.,"2,649 €","392,000  €"
"Saulains dzīvoklis klusā vietā Rīgas centrā. 

Plānojums:

-",https://www.ss.com/msg/en/real-estate/flats/riga/centre/dfnej.html,Etnas 6,1,42,3/6,Spec. pr.,"1,643 €","69,000  €"
"Pārdodu Kapitāli remontētu dzīvokli Renovētā mājā, kurš ļoti vei",https://www.ss.com/msg/en/real-estate/flats/riga/centre/fpmcg.html,Avotu 66A,2,34,1/5,Recon.,"1,971 €","67,000  €"
"Dizainera veidots trīsistabu dzīvoklis Skanstē. 

Viesistaba d",https://www.ss.com/msg/en/real-estate/flats/riga/centre/beefgl.html,Grostonas 21,3,92,2/5,New,"3,141 €","289,000  €"
Piedāvājam iegādei 2-istabu (pēc pārplānošanas pilnvērtīgu 3-ist,https://www.ss.com/msg/en/real-estate/flats/riga/centre/efnoj.html,Brivibas 138,3,65,5/6,Pre-war house,"1,271 €","82,625  €"
Pārdošanā unikāla investīciju iespēja pašā Rīgas centrā - plašs,https://www.ss.com/msg/en/real-estate/flats/riga/centre/bebdhm.html,Marijas 15,4,115,2/7,Pre-war house,"1,283 €","147,500  €"
Pārdošanā unikāla investīciju iespēja pašā Rīgas centrā - plašs,https://www.ss.com/msg/en/real-estate/flats/riga/centre/bffhkn.html,Marijas 15,5,114,2/7,Pre-war house,"1,294 €","147,500  €"
Pārdošanā gaišs un īpaši plašs 1 istabas studijas tipa dzīvoklis,https://www.ss.com/msg/en/real-estate/flats/riga/centre/aaohe.html,Latgales 131,1,62,2/4,Pre-war house,"1,335 €","82,800  €"
Pārdodu mājīgu un kvalitatīvi izremontētu dzīvokli 2. stāvā. Kap,https://www.ss.com/msg/en/real-estate/flats/riga/centre/bekkcf.html,Kurbada 16A,2,56,2/5,Pre-war house,"2,321 €","130,000 €"
Iespēja iegādāties plašu un saulainu četru istabu dzīvokli (trīs,https://www.ss.com/msg/en/real-estate/flats/riga/centre/belnpb.html,Mīlenbaha 1,4,67,3/6,Recon.,"3,284 €","220,000  €"
"Pārdod plašu 3 istabu dzīvokli projektā “Skanstes Virsotnes”, Gr",https://www.ss.com/msg/en/real-estate/flats/riga/centre/dbobh.html,Grostonas 25,3,90,17/24,New,"2,433 €","219,000  €"
Pārdodu plašu 2istabu dzīvokli jaunajā projektā Klijānu ielā 6.,https://www.ss.com/msg/en/real-estate/flats/riga/centre/bcihjc.html,Klijanu 6,2,50,3/9,Recon.,"1,771 €","88,560  €"
"Projekts ""Forburga Nams"" ir dzīvoklis prestižā, aristokrātiskā r",https://www.ss.com/msg/en/real-estate/flats/riga/centre/afoln.html,Ausekla 11,6,180,6/6,Recon.,889 €,"160,000  €"
Lieliska iespēja iegādāties plašu un elegantu dzīvokli pašā Rīga,https://www.ss.com/msg/en/real-estate/flats/riga/centre/bexxic.html,Terbatas 20,4,110,2/6,Pre-war house,"2,318 €","255,000  €"
Attīstītājs “River Properties” pārdod 3 istabu dzīvokli jaunajā,https://www.ss.com/msg/en/real-estate/flats/riga/centre/cpgdl.html,Skolas 17,3,62,2/7,New,"3,489 €","216,335  €"
"Tiek piedāvāts gaišs, saulains, mūsdienīgs un mājīgs divu istabu",https://www.ss.com/msg/en/real-estate/flats/riga/centre/bfckpd.html,Rupniecibas 21,2,74,2/7,Spec. pr.,"3,378 €","250,000  €"
"Tiek piedāvāts gaišs, saulains, mūsdienīgs un mājīgs trīs istabu",https://www.ss.com/msg/en/real-estate/flats/riga/centre/djclh.html,Rupniecibas 21,3,94,2/7,New,"3,138 €","295,000  €"
Piedāvājumā no attīstītāja 2-istabu dzīvoklis Nr. 55C septītajā,https://www.ss.com/msg/en/real-estate/flats/riga/centre/adcmx.html,Pulkv. Briezha 15,3,42,7/7,Recon.,"2,800 €","117,600  €"
Pārdodam lielisku studijas dzivokli Rīgas centrā pilnībā renovēt,https://www.ss.com/msg/en/real-estate/flats/riga/centre/aecnm.html,Merkela 7,1,24,2/5,Recon.,"3,746 €","89,900  €"
"Atīstītājs pārdod 4 istabu dzīvokli renovētā projektā ""Šefela na",https://www.ss.com/msg/en/real-estate/flats/riga/centre/dkmce.html,Baznicas 5,4,94,2/4,Recon.,"2,709 €","254,610  €"
"Atīstītājs pārdod 4 istabu dzīvokli renovētā projektā ""Šefela na",https://www.ss.com/msg/en/real-estate/flats/riga/centre/fhiom.html,Baznicas 5,4,97,1/4,Recon.,"2,445 €","237,160  €"
Pārdošanā izsmalcināts dizaina dzīvoklis prestižajā Forburgas kv,https://www.ss.com/msg/en/real-estate/flats/riga/centre/beidbl.html,Eksporta 4,6,205,2/6,Recon.,"3,366 €","690,000  €"
Tiek pārdots skaists un mājīgs 4-istabu dzīvoklis vēsturiskā ēkā,https://www.ss.com/msg/en/real-estate/flats/riga/centre/ejmgc.html,Stabu 53,4,92,4/5,Pre-war house,"2,011 €","185,000  €"
"Divistabu dzīvoklis kvalitatīvā pirmskara mūra ēkā, Hertela namā",https://www.ss.com/msg/en/real-estate/flats/riga/centre/bfdnbg.html,Brivibas 138,2,62,2/6,Pre-war house,"1,221 €","75,720  €"
"Attīstītājs tirgo 1-istabu dzīvokli (bez mēbelēm), kas atrodas p",https://www.ss.com/msg/en/real-estate/flats/riga/centre/egknf.html,Alauksta 7,1,37,1/2,Recon.,"2,568 €","95,000  €"
"Attīstītājs tirgo 1-istabas dzīvokli renovētā projektā. 
Iespēj",https://www.ss.com/msg/en/real-estate/flats/riga/centre/bgckd.html,Bruninieku 93c,1,30,1/2,Recon.,"2,833 €","85,000  €"
"Attīstītājs tirgo 2-istabu dzīvokli, kas atrodas pagalma mājā re",https://www.ss.com/msg/en/real-estate/flats/riga/centre/bekikj.html,Alauksta 7a,2,36,2/2,Recon.,"3,472 €","125,000  €"
Izsmalcināts 3 – istabu mansarda dzīvoklis ar fantastisku skatu,https://www.ss.com/msg/en/real-estate/flats/riga/centre/bdnbp.html,Terbatas 97,3,118,6/6,Pre-war house,"1,694 €","199,950  €"
Piedāvājumā jaunizveidots dzīvoklis kvalitatīvā pirmskara mūra ē,https://www.ss.com/msg/en/real-estate/flats/riga/centre/dihkd.html,Brivibas 138,3,52,5/6,Pre-war house,"1,943 €","101,010  €"
"Rīgas centrā tiek 2 istabu dzīvoklis

Iespēja iegādāties tikko",https://www.ss.com/msg/en/real-estate/flats/riga/centre/bcjnkf.html,Brivibas 68,2,55,5/6,Recon.,"3,574 €","196,560  €"
Attīstītājs un īpašnieks – kompāniju grupa “R. Evolution” – pārd,https://www.ss.com/msg/en/real-estate/flats/riga/centre/fdkhj.html,Strelnieku 5,4,123,1/7,New,"5,276 €","649,000  €"
Piedāvājam modernu 2 istabu dzīvokli daudzdzīvokļu ēku Rīgas cen,https://www.ss.com/msg/en/real-estate/flats/riga/centre/bhjmp.html,Akas 4,2,61,2/7,New,"3,525 €","215,000  €"
"Pagalma mājā saulains, kluss dzīvoklis. Dzīvojamā istaba apvieno",https://www.ss.com/msg/en/real-estate/flats/riga/centre/becnxk.html,Barona 124,2,43,2/3,Pre-war house,"2,442 €","105,000  €"
Mansardtipa 3 istabu dzīvoklis ar terasi. Divu līmeņu dzīvoklis.,https://www.ss.com/msg/en/real-estate/flats/riga/centre/bejxpd.html,Artilerijas 7,3,110,5/6,Pre-war house,"1,500 €","165,000  €"
"Pārdod ekskluzīvs dzīvoklis jaunajā prestižajā projektā. 
Dzīvo",https://www.ss.com/msg/en/real-estate/flats/riga/centre/boddx.html,Strelnieku 7,3,86,5/7,New,"4,244 €","365,000  €"
Pārdod gaišu un plašu 3-istabu dzīvokli ar platību 70 m² vēsturi,https://www.ss.com/msg/en/real-estate/flats/riga/centre/cpbne.html,Dzirnavu 132,3,70,5/6,Pre-war house,"1,986 €","139,000  €"
"Mājas pirmais un otrais stāvs, atsevišķas ieejas. Faktiski atsev",https://www.ss.com/msg/en/real-estate/flats/riga/centre/bekmmp.html,Latgales 108,Other,1000,1/3,Spec. pr.,165 €,"164,800  €"
Tiek pārdots komerctelpu komplekss kapitālā ķieģeļu ēkā. Īpašums,https://www.ss.com/msg/en/real-estate/flats/riga/centre/cxndf.html,Latgales 108,Other,1000,1/2,Spec. pr.,165 €,"164,800  €"
"Ekskluzīvs dizainera veidots 3-istabu dzīvoklis. 

Arhitekta P",https://www.ss.com/msg/en/real-estate/flats/riga/centre/bcbchf.html,Marstalu 16,3,106,3/5,Recon.,"3,198 €","339,000  €"
Pārdošanā tiek piedāvāts elegants un mūsdienīgs 3 istabu dzīvokl,https://www.ss.com/msg/en/real-estate/flats/riga/centre/bcilcd.html,Pulkv. Briezha 35,3,124,5/7,New,"2,839 €","352,000  €"
Lieliska iespējai iegādāties jaunu dzivokli Premiu klases ēkā “P,https://www.ss.com/msg/en/real-estate/flats/riga/centre/afnjf.html,Marijas 4,1,22,5/5,Recon.,"3,909 €","86,000  €"
"Ekskluzīvs un kvalitatīvs remonts, augstas klases sadzīves tehni",https://www.ss.com/msg/en/real-estate/flats/riga/centre/bcifno.html,Sermulinu 14,3,55,4/4,New,"3,273 €","180,000  €"
"Ja meklējat īpašumu ar plašām iespējām to pielāgot savām vēlmēm,",https://www.ss.com/msg/en/real-estate/flats/riga/centre/aekix.html,Briana 17,4,87,1/2,Pre-war house,793 €,"69,000  €"
"Pārdodam mūsu ģimenes dzīvokli Rīgas centrā, Ģertrūdes ielā 103.",https://www.ss.com/msg/en/real-estate/flats/riga/centre/bedpni.html,Gertrudes 103,4,118,3/5,Pre-war house,"2,326 €","274,500  €"
Pārdošanā nonācis saulains trīsistabu dzīvoklis ar lodžiju Centr,https://www.ss.com/msg/en/real-estate/flats/riga/centre/bdpgdd.html,Zirnu 5 K1,3,62,6/9,467-th,"1,287 €","79,800  €"
"Pārdod gaišu dzīvokli bez apdares Rīgas vēsturiskajā centrā, Kli",https://www.ss.com/msg/en/real-estate/flats/riga/centre/afoop.html,Klijanu 22,3,57,8/8,Recon.,882 €,"50,290  €"
Ekskluzīvs dzīvoklis ar skatu pār Kronvalda parka koku galotnēm,https://www.ss.com/msg/en/real-estate/flats/riga/centre/fegjd.html,Kalpaka boul. 7,4,107,4/5,Recon.,"5,065 €","542,000  €"
Plaša un privāta terase Rīgas Klusajā centrā - Kalpaka Rezidencē,https://www.ss.com/msg/en/real-estate/flats/riga/centre/afock.html,Kalpaka boul. 7,3,155,5/5,Recon.,"3,839 €","595,000  €"
"Īpašnieks pārdod elegantu, premium klases dzīvoklis Rīgas centrā",https://www.ss.com/msg/en/real-estate/flats/riga/centre/bxcgf.html,Valdemara 37a,4,145,5/6,Pre-war house,"3,414 €","495,000  €"
"Attīstītājs piedāvā dzīvokli projektā ""Katrīnas pagalms""

Dzīv",https://www.ss.com/msg/en/real-estate/flats/riga/centre/dbolg.html,Katrinas d. 6,3,56,2/3,Recon.,"2,188 €","122,540  €"
Pārdod ērti iekārtotu dzīvokli ar stāvvietu Rīgas centrā ar visu,https://www.ss.com/msg/en/real-estate/flats/riga/centre/chbdp.html,Brivibas 181,2,41,1/5,Czech pr.,"1,707 €","70,000  €"
Piedāvājumā no attīstītāja kompakts dzīvoklis Nr. 15 prestižajā,https://www.ss.com/msg/en/real-estate/flats/riga/centre/abmic.html,Pulkv. Briezha 15,2,33,2/7,Recon.,"3,300 €","108,900  €"
Attīstītājs piedāvā iegādāties trīs istabu dzīvokli Nr. 16 proje,https://www.ss.com/msg/en/real-estate/flats/riga/centre/hboxm.html,Skolas 17,3,61,2/7,New,"3,470 €","211,658  €"
Piedāvājumā no attīstītāja 3-istabu dzīvoklis Nr. 55B prestižajā,https://www.ss.com/msg/en/real-estate/flats/riga/centre/dmhfn.html,Pulkv. Briezha 15,3,92,7/7,Recon.,"3,135 €","288,440  €"
"Plašs, elegants, kvalitatīvi remontēts dzīvoklis ar 2 guļamistab",https://www.ss.com/msg/en/real-estate/flats/riga/centre/abgli.html,Chaka 49,3,104,6/6,Pre-war house,"2,404 €","250,000  €"
Ekskluzīvs divlīmeņu dzīvoklis īsta pērle pašā Vecrīgas sirdī. T,https://www.ss.com/msg/en/real-estate/flats/riga/centre/allle.html,Audeju 10,4,126,6/7,Pre-war house,"2,119 €","267,000  €"
2 istabu dzīvoklis pilnībā restaurētā un siltinātā vēsturiskā ēk,https://www.ss.com/msg/en/real-estate/flats/riga/centre/bexxkp.html,Latgales 137,2,39,1/2,Recon.,"1,615 €","63,000  €"
"Starpniekus lūdzu netraucēt- ne ar klientiem, ne bez tiem. 
Pār",https://www.ss.com/msg/en/real-estate/flats/riga/centre/gelep.html,Dzirnavu 149,3,100,4/4,Stalin project,"1,550 €","155,000 €"
Pārdod dzīvoklis Ģertrūdes ielas aplī vēsturiskā renovētā ēkā,https://www.ss.com/msg/en/real-estate/flats/riga/centre/hfekm.html,Gertrudes 9,4,153,2/7,Pre-war house,"3,486 €","533,400  €"
"Piedāvājumā plašs, gaišs un funkcionāli plānots 3-istabu dzīvokl",https://www.ss.com/msg/en/real-estate/flats/riga/centre/bbhil.html,Republikas pl. 3,3,100,6/9,New,"1,950 €","195,000  €"
Tiek pārdots praktiski jauns un pilnībā mēbelēts 4-istabu dzīvok,https://www.ss.com/msg/en/real-estate/flats/riga/centre/bcfmb.html,Melngaila 2,4,153,3/7,New,"5,418 €","829,000  €"
Piedāvājam iegādāties īpašu 3 istabu dzīvokli pašā Rīgas centrā,https://www.ss.com/msg/en/real-estate/flats/riga/centre/ehkfi.html,Terbatas 4,3,124,6/6,Recon.,"2,500 €","310,000  €"
Gaišs 2 istabu dzīvoklis 37.2 m² ar jaunu remontu Rīgas centrā.,https://www.ss.com/msg/en/real-estate/flats/riga/centre/bhxcn.html,Valdemara 95,2,37,1/6,Spec. pr.,"1,549 €","57,300  €"
Pārdod stilīgu un kvalitatīvi izbūvētu 2 istabu dzīvokli pašā Rī,https://www.ss.com/msg/en/real-estate/flats/riga/centre/bebmee.html,Lachplesha 67,2,46,5/6,Pre-war house,"2,717 €","125,000  €"
"Pārdošanā mājīgs divistabu dzīvoklis klusā lokācijā, kur nedzird",https://www.ss.com/msg/en/real-estate/flats/riga/centre/bexjhg.html,Stabu 49 k-2,2,34,5/6,Pre-war house,"2,559 €","87,000  €"
Pārdod loft stila studijas tipa dzīvokli tikai pāris minūšu gāji,https://www.ss.com/msg/en/real-estate/flats/riga/centre/bcjjox.html,Valmieras 6,1,27,2/2,Pre-war house,"1,452 €","39,200  €"
Izsmalcināts un gaumīgi iekārtots dzīvoklis vienā no pieprasītāk,https://www.ss.com/msg/en/real-estate/flats/riga/centre/bcikck.html,Stabu 18A,4,133,1/5,Pre-war house,"2,436 €","324,000  €"
"Pārdošanā ekskluzīvs, plašs 5-istabu dzīvoklis. Plānojums: divas",https://www.ss.com/msg/en/real-estate/flats/riga/centre/ffgbi.html,Katrinas d. 5,5,167,3/5,Spec. pr.,"1,289 €","215,340  €"
"Pārdošanā pilnībā mēbelēts divu istabu dzīvoklis 41, 5 m² platīb",https://www.ss.com/msg/en/real-estate/flats/riga/centre/bcjlig.html,Pulkv. Briezha 10,2,42,6/7,Recon.,"3,528 €","148,155  €"
Pārdošanā pilnībā mēbelēts un dzīvošanai gatavs studijas tipa dz,https://www.ss.com/msg/en/real-estate/flats/riga/centre/bfdnjk.html,Pulkv. Briezha 10,1,23,2/7,Recon.,"3,521 €","80,988  €"
Pārdošanā pilnībā mēbelēts un dzīvošanai gatavs studijas tipa dz,https://www.ss.com/msg/en/real-estate/flats/riga/centre/behlbn.html,Pulkv. Briezha 10,1,23,4/7,Recon.,"3,774 €","86,802  €"
Iegādei tiek piedāvāts gaumīgi labiekārtots un bagātīgi izgaismo,https://www.ss.com/msg/en/real-estate/flats/riga/centre/bcihoi.html,Pulkv. Briezha 10,2,55,5/5,Recon.,"3,394 €","186,660  €"
"Pārdošanā ekskluzīvs piecu istabu dzīvoklis Rīgas centrā. 

Dz",https://www.ss.com/msg/en/real-estate/flats/riga/centre/begpph.html,Valdemara 106,5,145,1/5,Pre-war house,"1,793 €","260,000  €"
"Iegādei piedāvājam mēbelētu, ar sadzīves tehniku aprīkotu divist",https://www.ss.com/msg/en/real-estate/flats/riga/centre/bcolph.html,Pulkv. Briezha 10,2,42,6/7,New,"3,528 €","148,155  €"
Īpašnieks pārdod gaišu un pilnībā renovētu 30 m² dzīvokli Rīgas,https://www.ss.com/msg/en/real-estate/flats/riga/centre/aopkk.html,Vesetas 28,1,30,6/6,Chrusch.,"2,000 €","60,000  €"
"Dzīvoklis tiek veidots, pārplānojot plašākas telpas un izveidojo",https://www.ss.com/msg/en/real-estate/flats/riga/centre/bemmhm.html,Brivibas 138,2,36,4/6,Pre-war house,"1,934 €","69,615  €"
"Dzīvoklis ar privātmājas sajūtu pašā Rīgas centrā. 
Meklē vietu",https://www.ss.com/msg/en/real-estate/flats/riga/centre/adkpj.html,Bruninieku 119A,1,24,2/2,Pre-war house,"1,000 €","24,000  €"
Pārdod mājīgu un ļoti ekonomisku vienas istabas dzīvokli lielisk,https://www.ss.com/msg/en/real-estate/flats/riga/centre/cmmjo.html,Matisa 84,1,25,2/2,Pre-war house,"1,200 €","30,000  €"
Piedāvājam 3 istabu dzīvokli klusajā centrā arhitekta Rūdolfa He,https://www.ss.com/msg/en/real-estate/flats/riga/centre/aoxxh.html,Vilandes 5,3,73,3/5,Pre-war house,"2,452 €","179,000  €"
"Skanstes komforts ar privātas, norobežotas jumta terases priekšr",https://www.ss.com/msg/en/real-estate/flats/riga/centre/diign.html,Grostonas 25,2,93,3/24,New,"2,312 €","215,000  €"
"Elegants dzīvoklis projektā “Viesturdārzs”. 

Pārdošanā plašs",https://www.ss.com/msg/en/real-estate/flats/riga/centre/bfcdnp.html,Rupniecibas 23,2,74,3/7,New,"3,176 €","235,000  €"
"Divas autostāvvietas iekļautas cenā

Pieejams plašs 3-istabu,",https://www.ss.com/msg/en/real-estate/flats/riga/centre/befpjm.html,Zala 3,3,80,1/4,Recon.,"2,750 €","220,000  €"
"Piedāvājumā plašs 4-istabu dzīvoklis iespaidīgā, vēsturiskā mūra",https://www.ss.com/msg/en/real-estate/flats/riga/centre/bcjmlc.html,Brivibas 138,4,113,4/6,Pre-war house,"1,454 €","164,285  €"
"Pārdod 2 istabu dzīvokli Rīgas vēsturiskajā centrā, prestižā un",https://www.ss.com/msg/en/real-estate/flats/riga/centre/aaicf.html,Alunana 6,2,39,2/4,Pre-war house,"4,872 €","190,000  €"
"101 m² Rīgas Klusajā centrā. 

Pārdod 3 istabu dzīvokli ar lie",https://www.ss.com/msg/en/real-estate/flats/riga/centre/bljil.html,Zala 4,3,102,3/7,Spec. pr.,"2,186 €","223,000  €"
"Pārdodu mansarda dzīvokli, kas atrodas Rīgas centrā mūra ēkas ce",https://www.ss.com/msg/en/real-estate/flats/riga/centre/ebdxi.html,Barona 51,3,53,4/4,Pre-war house,"2,076 €","110,040  €"
Piedāvājam labiekārtotu ekskluzīvu 5 istabu dzīvokli prestižajā,https://www.ss.com/msg/en/real-estate/flats/riga/centre/bcjden.html,Rupniecibas 21,5,161,6/7,New,"4,255 €","685,000  €"
"Piedāvājam pārdošanai gaišu, elegantu un gaumīgi iekārtotu dzīvo",https://www.ss.com/msg/en/real-estate/flats/riga/centre/bpmop.html,Jeruzalemes 10,3,132,5/7,New,"3,023 €","399,000  €"
Saimnieks pārdod mazģimeņu (kopā 6 dzīvokļi) 3-stāvīgā mājā 3-is,https://www.ss.com/msg/en/real-estate/flats/riga/centre/bmgkf.html,Vagonu 34,3,68,1/3,Pre-war house,"1,765 €","120,000  €"
Brīvības ielā 190 jaunu dzīvi sāk 1912. gadā pēc arhitekta Nikol,https://www.ss.com/msg/en/real-estate/flats/riga/centre/bdpiff.html,Brivibas 190,3,49,3/6,Recon.,"2,230 €","109,270  €"
"Dizaina meistardarbs Rīgas sirdī:

Augstākās kvalitātes dzīvok",https://www.ss.com/msg/en/real-estate/flats/riga/centre/adgoj.html,Baznicas 7,4,155,3/5,Recon.,"3,839 €","595,000  €"
"Īpašnieks pārdod dzīvokli jaunajā projektā – Pausa Nams. 

Ēka",https://www.ss.com/msg/en/real-estate/flats/riga/centre/bfxfge.html,Gertrudes 56,2,42,3/5,Recon.,"2,499 €","104,950  €"
"Pārdod divistabu dzīvokli centrā. 

Galvenās priekšrocības:
-",https://www.ss.com/msg/en/real-estate/flats/riga/centre/behlec.html,Terbatas 37,2,31,1/6,Pre-war house,"1,581 €","49,000  €"
Pārdod trīsistabu dzīvokli pašā Rīgas klusā centra sirdī Dzirnav,https://www.ss.com/msg/en/real-estate/flats/riga/centre/bexiod.html,Dzirnavu 10,3,74,1/5,Pre-war house,"2,500 €","185,000  €"
"Pārdod 3 istabu dzīvokli renovētā ķieģeļu mājā Brasas rajonā, Kl",https://www.ss.com/msg/en/real-estate/flats/riga/centre/bfbom.html,Klijanu 20,3,71,4/5,Recon.,"2,521 €","179,000  €"
Pārdošanā plašs un kvalitatīvi renovēts 3 istabu dzīvoklis pašā,https://www.ss.com/msg/en/real-estate/flats/riga/centre/ddgmp.html,Visvalzha 1,3,96,4/4,Pre-war house,"1,865 €","179,000  €"
Предлагается к продаже квартира в престижном жилом комплексе Ale,https://www.ss.com/msg/en/real-estate/flats/riga/centre/dkxmd.html,Ausekla 4,5,150,6/7,New,"3,267 €","490,000  €"
Iztirgojam māju pa dzīvokļiem. Dzīvoklis Nr. 56 (visas ērtības).,https://www.ss.com/msg/en/real-estate/flats/riga/centre/gxcex.html,Chaka 133,1,28,4/6,Pre-war house,"1,729 €","48,400  €"
Piedāvājumā no attīstītāja 2-istabu dzīvoklis Nr. 39 prestižajā,https://www.ss.com/msg/en/real-estate/flats/riga/centre/aannp.html,Pulkv. Briezha 15,2,55,5/7,Recon.,"2,800 €","154,000  €"
"Plašs un elegants ģimenes dzīvoklis Rīgas centrā

Krišjāņa Val",https://www.ss.com/msg/en/real-estate/flats/riga/centre/ajfdk.html,Valdemara 77,4,130,2/7,Pre-war house,"2,171 €","282,250  €"
Piedāvājumā no attīstītāja 2-istabu dzīvoklis Nr. 12 prestižajā,https://www.ss.com/msg/en/real-estate/flats/riga/centre/bednfn.html,Pulkv. Briezha 15,2,44,2/7,Recon.,"3,164 €","139,200  €"
Dzīvojamais komplekss Park Alley atrodas netālu no skaistā vēstn,https://www.ss.com/msg/en/real-estate/flats/riga/centre/ajchd.html,Rupniecibas 44,3,107,2/7,New,"2,131 €","228,000  €"
"Gaišs, kluss un ekonomisks dzīvoklis netālu no „Daugava“ stadion",https://www.ss.com/msg/en/real-estate/flats/riga/centre/abdjg.html,Pernavas 39,1,23,4/6,Pre-war house,"1,609 €","37,000  €"
"Tiek pārdots plašs, divu istabu dzīvoklis Rīgā, Brīvības ielā 14",https://www.ss.com/msg/en/real-estate/flats/riga/centre/bgblc.html,Brivibas 148,2,43,1/6,Pre-war house,"1,326 €","57,000  €"
Piedāvājumā plašs un gaišs īpašums vienā no Rīgas prestižākajiem,https://www.ss.com/msg/en/real-estate/flats/riga/centre/bcojbn.html,Eksporta 12,Other,165,1/5,Pre-war house,"1,152 €","190,000  €"
"Studio apartments for sale in central Riga. 
Cozy studio apartm",https://www.ss.com/msg/en/real-estate/flats/riga/centre/acemn.html,Visvalzha 7,4,117,5/6,Pre-war house,"1,368 €","160,000  €"
Pārdošanā ir pieejams gaumīgs un mājīgs 2 istabu dzīvoklis Rīgas,https://www.ss.com/msg/en/real-estate/flats/riga/centre/beklll.html,Stabu 92,2,63,4/5,Recon.,"1,873 €","118,000  €"
"Brīnišķīgs dzīvoklis pirmskara ķieģeļu mājā pilsētas centrā. 
D",https://www.ss.com/msg/en/real-estate/flats/riga/centre/ahkld.html,Ganibu d. 3,3,107,2/3,Pre-war house,"1,542 €","165,000  €"
Prestižajā vēstniecību rajonā - Klusajā Rīgas centrā pārdodam 2-,https://www.ss.com/msg/en/real-estate/flats/riga/centre/aexoo.html,Pulkv. Briezha 7,2,53,2/6,Recon.,"2,717 €","144,000  €"
Renovētā pirmskara ēkā Rīgas centrā tiek pārdotas telpas puspagr,https://www.ss.com/msg/en/real-estate/flats/riga/centre/ajpne.html,Stabu 60,Other,115,1/5,Recon.,565 €,"65,000  €"
"Saulains kluss dzīvoklis pašā Rīgas centrā. 
Dzīvojamā istaba,",https://www.ss.com/msg/en/real-estate/flats/riga/centre/gfdio.html,Birznieka-Upisha 2..,2,55,2/3,Pre-war house,"1,609 €","88,500  €"
Gaišs un funkcionāls dzīvoklis vienā no prestižākajām un mierīgā,https://www.ss.com/msg/en/real-estate/flats/riga/centre/bcilnf.html,Noliktavas 3,3,79,3/5,Recon.,"2,500 €","197,500  €"
Pārdod kompaktu puspagraba studijtipa dzīvokli skaistā pirms kar,https://www.ss.com/msg/en/real-estate/flats/riga/centre/bfeogp.html,Bruninieku 47,Other,37,1/2,Pre-war house,968 €,"35,800  €"
Pārdod stilīgu 3 istabu dzīvokli Rīgas centrā (Aleksandra Čaka i,https://www.ss.com/msg/en/real-estate/flats/riga/centre/fmfjp.html,Chaka 31,3,60,3/5,Recon.,"3,000 €","180,000  €"
Projekta attīstītājs pārdod dzīvokli jaunajā projektā – Pausa Na,https://www.ss.com/msg/en/real-estate/flats/riga/centre/aaohf.html,Gertrudes 56,2,36,2/5,Recon.,"2,443 €","87,950  €"
Īpašnieks pārdod plašas biroja telpas atjaunotā vēsturiskā ēkā R,https://www.ss.com/msg/en/real-estate/flats/riga/centre/emflb.html,Antonijas 24,5,112,3/6,Pre-war house,"2,054 €","230,000  €"
Pārdod renovētu sešistabu jūgendstila dzīvokli Rīgas centrā.,https://www.ss.com/msg/en/real-estate/flats/riga/centre/bcomkb.html,Chaka 28,6,144,2/5,Pre-war house,"3,194 €","460,000  €"
Apartaments pilsētas centrālajā daļā ar stāvvietu automašīnai.,https://www.ss.com/msg/en/real-estate/flats/riga/centre/beophc.html,Ganibu d. 13,2,68,1/7,New,822 €,"55,900  €"
Īpašnieks pārdod plašu un gaišu 3 istabu dzīvokli prestižajā Rīg,https://www.ss.com/msg/en/real-estate/flats/riga/centre/becdok.html,Antonijas 24,3,92,5/6,Pre-war house,"2,283 €","210,000  €"
"Уютная студия в одном из самых престижных проектов Риги ""Centra",https://www.ss.com/msg/en/real-estate/flats/riga/centre/bieim.html,Republikas pl. 3,1,40,3/7,New,"2,900 €","116,000  €"
"Ekskluzīvs 3-istabu dzīvoklis Rīgas klusajā centrā. 
Pārdod īpa",https://www.ss.com/msg/en/real-estate/flats/riga/centre/dxlob.html,M. Piena 6,3,99,1/6,New,"1,869 €","185,000  €"
Piedāvājumā lielisks vienistabas dzīvoklis vienā no Rīgas centrā,https://www.ss.com/msg/en/real-estate/flats/riga/centre/bebdxg.html,Matisa 95,1,20,2/2,Pre-war house,"1,200 €","24,000  €"
"Renovēts mēbelēts studio pagalma majā

Pārdodu modernu dzīvokl",https://www.ss.com/msg/en/real-estate/flats/riga/centre/bfdkoi.html,Raina boul. 31,1,37,6/6,Pre-war house,"2,635 €","97,500  €"
Ekskluzīva iespēja iegādāties īpašumu pašā Rīgas sirdī – prestiž,https://www.ss.com/msg/en/real-estate/flats/riga/centre/ckkjg.html,Dzirnavu 85,2,58,4/7,New,"4,053 €","235,100  €"
Pārdošanā nonācis 2 istabu dzīvoklis “Skanstes Virsotnēs” – mūsd,https://www.ss.com/msg/en/real-estate/flats/riga/centre/bdpbf.html,Skanstes 29,2,71,17/24,New,"2,789 €","198,000  €"
"Dzīvoklis jaunajā projektā “Tomsona terases Ii""

Piedāvājumā p",https://www.ss.com/msg/en/real-estate/flats/riga/centre/bfdkoj.html,Tomsona 39 k-1,3,203,7/9,New,"1,798 €","365,000  €"
Plašs un gaišs 4 istabu dzīvoklis Rīgas centrā Brīvības ielā 110,https://www.ss.com/msg/en/real-estate/flats/riga/centre/dcbdd.html,Brivibas 110,4,122,2/6,Pre-war house,"1,697 €","207,000  €"
"Pārdodu 3-istabu dzīvokli Antonijas un Dzirnavu ielas stūrī, Rīg",https://www.ss.com/msg/en/real-estate/flats/riga/centre/dedje.html,Dzirnavu 31,3,60,1/6,Pre-war house,"1,867 €","112,000 €"
Pārdod 3-istabu dzīvokli vēsturiskā ēkā Aleksandra Čaka Memoriāl,https://www.ss.com/msg/en/real-estate/flats/riga/centre/agkix.html,Lachplesha 48,3,81,4/6,Recon.,"2,277 €","184,400  €"
Īpašnieks pārdod renovētu divistabu dzīvokli pirmskara ēkā Marij,https://www.ss.com/msg/en/real-estate/flats/riga/centre/dnknn.html,Marijas 8,2,53,3/5,Recon.,"2,536 €","134,420  €"
"Kluss, saulains dzīvoklis ar panorāmas skatu no logiem. 
Iztirg",https://www.ss.com/msg/en/real-estate/flats/riga/centre/chhje.html,Chaka 133,1,32,6/6,Pre-war house,"1,376 €","44,039  €"
"Pārdošanā 1-istabu dzīvoklis Grīziņkalnā, A. Čaka ielā 133. Nepi",https://www.ss.com/msg/en/real-estate/flats/riga/centre/ahbif.html,Chaka 133,1,32,6/6,Pre-war house,"1,376 €","44,039  €"
"Pārdodu mūsdienīgu divu līmeņu dzīvokli, kas ir gaišs, saulains",https://www.ss.com/msg/en/real-estate/flats/riga/centre/eofxg.html,Valdemara 77,3,181,5/6,Pre-war house,"1,470 €","266,000  €"
"Pērle pilsētas centrā. 

Ir dzīvokļi, kuros vienkārši dzīvo, u",https://www.ss.com/msg/en/real-estate/flats/riga/centre/bemghh.html,Stabu 49,2,34,5/5,Pre-war house,"2,500 €","85,000  €"
Piedāvājam iegādāties dzīvokli pilnībā renovētā ēkā Dzirnavu iel,https://www.ss.com/msg/en/real-estate/flats/riga/centre/agcch.html,Dzirnavu 53,3,119,5/6,Recon.,"3,997 €","475,650  €"
Piedāvājumā skaists un plašs dzīvoklis renovētā pirmskara namā p,https://www.ss.com/msg/en/real-estate/flats/riga/centre/ajxpo.html,Dzirnavu 53,4,132,3/6,Recon.,"3,330 €","439,560  €"
"Pašā centrā, Tērbatas un Ģertrūdes ielu krustojumā, vēsturiskā 1",https://www.ss.com/msg/en/real-estate/flats/riga/centre/bejpfb.html,Terbatas 41/43,4,120,4/6,Pre-war house,"1,742 €","209,000  €"
Tiek pārdots mājīgs un funkcionāls 2 istabu dzīvoklis Stabu ielā,https://www.ss.com/msg/en/real-estate/flats/riga/centre/ajxpp.html,Stabu 49,2,34,5/5,Pre-war house,"2,500 €","85,000  €"
"Unikāls dzīvoklis ar eksluzīvu interjeru. 
Dzīvoklis tiek pārdo",https://www.ss.com/msg/en/real-estate/flats/riga/centre/djjki.html,Lachplesha 62,3,136,3/5,Pre-war house,"1,618 €","220,000  €"
Divistabu dzīvoklis divstāvu koka mājā. Dzīvoklī ir divas istaba,https://www.ss.com/msg/en/real-estate/flats/riga/centre/gbcel.html,Laboratorijas 1b,2,39,2/2,Pre-war house,974 €,"38,000  €"
"Pārdod plašu trīs istabu dzīvoklis Rīgas centrā, ar balkonu paga",https://www.ss.com/msg/en/real-estate/flats/riga/centre/agcgo.html,Merkela 8,3,91,5/6,Pre-war house,988 €,"89,900  €"
Pārdodam studio tipa dzīvokli renovētā ēkā - Alūksnes ielā 1. Dz,https://www.ss.com/msg/en/real-estate/flats/riga/centre/ajjoc.html,Aluksnes 1,1,24,2/5,Recon.,"2,454 €","58,900  €"
"Izsmalcināta rezidence Rīgas Klusajā centrā, saulainajā Vīlandes",https://www.ss.com/msg/en/real-estate/flats/riga/centre/aggjl.html,Vilandes 8,4,165,2/5,Recon.,"3,321 €","548,000  €"
"В квартире высокие потолки и просторные комнаты, окна выходят на",https://www.ss.com/msg/en/real-estate/flats/riga/centre/dbihi.html,Brivibas 163,4,108,2/5,Pre-war house,"1,713 €","185,000  €"
"Ekskluzīvs 3 līmeņu dzīvoklis 249 m2 platībā Andrejsalā, pie paš",https://www.ss.com/msg/en/real-estate/flats/riga/centre/bcipje.html,Eksporta 8,5,249,2/3,Recon.,"1,968 €","490,000  €"
"Ekskluzīvs 3 līmeņu dzīvoklis 249 m2 platībā Andrejsalā, pie paš",https://www.ss.com/msg/en/real-estate/flats/riga/centre/ecnmf.html,Eksporta 8,5,249,2/3,New,"1,968 €","490,000  €"
Plašs četru istabu dzīvoklis ar privātu garāžu - privātmājas saj,https://www.ss.com/msg/en/real-estate/flats/riga/centre/fxfxd.html,Brivibas 118,4,129,1/2,Pre-war house,"1,550 €","200,000  €"
"Dzīvoklis ar skatu uz Jauno Rīgas teātri. 

Piedāvājumā elegan",https://www.ss.com/msg/en/real-estate/flats/riga/centre/aghbj.html,Lachplesha 24,3,75,6/6,Recon.,"4,067 €","305,000  €"
"Silts, ar saulainu un plašu skatu, 2-istabu dzīvoklis 10 min no",https://www.ss.com/msg/en/real-estate/flats/riga/centre/aamgl.html,Artilerijas 43,2,43,2/2,Pre-war house,881 €,"37,890  €"
Pārdod gaišu un modernu 3 istabu dzīvokli jaunā projektā Rūpniec,https://www.ss.com/msg/en/real-estate/flats/riga/centre/dgxgl.html,Rupniecibas 25,3,80,4/6,New,"3,488 €","279,000  €"
"Pārdod trīsistabu dzīvkoli ar potenciālu. 

Dzīvoklim nepiecie",https://www.ss.com/msg/en/real-estate/flats/riga/centre/gihdc.html,Birznieka-Upisha 2..,3,60,1/5,Pre-war house,"1,133 €","68,000  €"
"Starpniekus lūdzu netraucēt- ne ar klientiem, ne bez tiem. 
Pār",https://www.ss.com/msg/en/real-estate/flats/riga/centre/beglih.html,Dzirnavu 113A,3,76,3/6,Pre-war house,"2,026 €","154,000  €"
Pārdod elegantu 3 istabu dzīvokli ar terasi projektā “Duntes ozo,https://www.ss.com/msg/en/real-estate/flats/riga/centre/acdgk.html,Duntes 28,3,131,9/16,New,"1,511 €","198,000  €"
Tiek pārdots trīsistabu dzīvoklis pašā Rīgas klusā centra sirdī,https://www.ss.com/msg/en/real-estate/flats/riga/centre/afijj.html,Dzirnavu 15,3,72,2/3,Pre-war house,"3,264 €","235,000  €"
Attīstītājs un īpašnieks – kompāniju grupa “R. Evolution” – pārd,https://www.ss.com/msg/en/real-estate/flats/riga/centre/dnbbh.html,Strelnieku 5,3,89,2/7,New,"4,427 €","394,000  €"
"Pārdod gaišu pagraba stāva telpu 37 m² platībā, Dagdas ielā 5, R",https://www.ss.com/msg/en/real-estate/flats/riga/centre/adnle.html,Dagdas 5,1,37,1/5,Pre-war house,676 €,"25,000  €"
Perspektīvs investīciju objekts Rīgas centrā ar potenciālu izvei,https://www.ss.com/msg/en/real-estate/flats/riga/centre/ecjkb.html,Bruninieku 89,1,235,5/5,Recon.,277 €,"65,000  €"
"Piedāvājam iegādāties telpas Baznīcas ielā 41/43. 
Uz doto brīd",https://www.ss.com/msg/en/real-estate/flats/riga/centre/elxfx.html,Baznicas 41/43,3,99,1/7,Spec. pr.,"1,707 €","169,000  €"
"Tiek pārdots stilīgs un plašs vienistabas dzīvoklis 36, 4 m² pla",https://www.ss.com/msg/en/real-estate/flats/riga/centre/gjjbc.html,Matisa 111,1,36,1/5,Pre-war house,"1,069 €","38,500  €"
"Pārdod plašu, gaišu un mājīgu 4ist. dzīvokli prestižā vietā Rīga",https://www.ss.com/msg/en/real-estate/flats/riga/centre/ecpcd.html,Pulkv. Briezha 7,4,109,7/7,Recon.,"2,661 €","290,000  €"
Предлагаем к продаже квартиру в престижном доме в Тихом центре Р,https://www.ss.com/msg/en/real-estate/flats/riga/centre/bfenho.html,Vidus 11,4,124,1/5,Recon.,"2,339 €","290,000  €"
"Plašs 4 istabu dzīvoklis jūgendstila ēkā Blaumaņa ielā 31
+ Pie",https://www.ss.com/msg/en/real-estate/flats/riga/centre/gjjdb.html,Blaumana 31,4,94,2/6,Pre-war house,"2,766 €","260,000  €"
"Forburgas kvartālā, vienā no Rīgas elegantākajiem un pieprasītāk",https://www.ss.com/msg/en/real-estate/flats/riga/centre/dffpb.html,Ausekla 5,6,205,2/6,Pre-war house,"3,366 €","690,000  €"
Tiek pārdots pilnībā renovēts 3-istabu dzīvoklis pašā Rīgas cent,https://www.ss.com/msg/en/real-estate/flats/riga/centre/bebmii.html,Lachplesha 65,3,84,2/6,Pre-war house,"2,500 €","210,000  €"
"3 istabu dzīvoklis ar stāvvietu Rīgas centrā. 
Ērts un pilnībā",https://www.ss.com/msg/en/real-estate/flats/riga/centre/ejgbk.html,Elijas 26,3,69,4/6,New,"3,188 €","220,000  €"
A+ energoefektivitāte. “Krasta Kvartāls” Bonava. Ļoti rets piedā,https://www.ss.com/msg/en/real-estate/flats/riga/centre/dxkid.html,Latgales 190,2,46,4/9,New,"2,717 €","125,000  €"
"Iztirgojam māju pa dzīvokļiem. 
Dzīvoklis Nr. 49
 Kluss, saula",https://www.ss.com/msg/en/real-estate/flats/riga/centre/bcijge.html,Chaka 133,1,28,4/6,Pre-war house,"1,518 €","42,500  €"
"2 konkrētas automašīnas vietas slēgtā pagalmā. 
Dzīvoklis renov",https://www.ss.com/msg/en/real-estate/flats/riga/centre/dgbjm.html,Brivibas 142,5,108,2/6,Recon.,"1,620 €","175,000  €"
Iztirgojam māju pa dzīvokļiem. Izvilkti jauni ūdens un kanalizāc,https://www.ss.com/msg/en/real-estate/flats/riga/centre/eofpp.html,Chaka 133,1,26,5/6,Pre-war house,"1,542 €","40,100  €"
"Kompakts un ļoti ekonomisks dzīvoklis pirmskara mūra mājā, kuru",https://www.ss.com/msg/en/real-estate/flats/riga/centre/aeefd.html,Chaka 133,1,34,3/6,Pre-war house,"1,214 €","41,260  €"
"Pārdod dzīvokli, kurā ziemā ir silti, bet vasarā patīkami vēss.",https://www.ss.com/msg/en/real-estate/flats/riga/centre/ajcxd.html,Nitaures 4,2,58,2/5,Stalin project,"1,983 €","115,000  €"
"Pārdod dzīvokli Rīgas centrā ar svaigu remontu

Gaišs un silts",https://www.ss.com/msg/en/real-estate/flats/riga/centre/deiop.html,Birznieka-Upisha 2..,2,35,4/6,New,"3,514 €","123,000  €"
Pārdodu remontējamu dzīvokli. Nomainīti logi. Ir gāzes pieslēgum,https://www.ss.com/msg/en/real-estate/flats/riga/centre/bcjnlx.html,Matisa 83,5,107,2/5,Pre-war house,"1,495 €","160,000  €"
"3 istabu dzīvoklis prestižajā Felicity Apartments projektā

Ja",https://www.ss.com/msg/en/real-estate/flats/riga/centre/bekfml.html,Birznieka-Upisha 1..,3,76,2/7,New,"3,026 €","230,000  €"
"Brooklyn Gates - Vēstures Šarms. Moderns Potenciāls. 

Piedāvā",https://www.ss.com/msg/en/real-estate/flats/riga/centre/adjln.html,Gertrudes 110,1,25,1/5,Pre-war house,"1,554 €","38,858  €"
Prestižākajā Rīgas rajonā pārdošanā nonācis liels 4 istabu dzīvo,https://www.ss.com/msg/en/real-estate/flats/riga/centre/dmkef.html,Ausekla 5,4,155,2/4,Recon.,"2,613 €","405,000  €"
Dzīvoklis vienā no skaistākajām jūgendstila ēkām Rīgas vēsturisk,https://www.ss.com/msg/en/real-estate/flats/riga/centre/acgnl.html,Ausekla 5,4,155,2/4,Recon.,"2,613 €","405,000  €"
"Pārdod saulainu, gaišu, plašu 2 istabu, mēbelētu, ērta plānojuma",https://www.ss.com/msg/en/real-estate/flats/riga/centre/dxgdd.html,Tomsona 30,2,75,3/9,New,"2,933 €","220,000  €"
"Piedāvājam unikālu iespēju iegādāties prestižu īpašumu, kas atsp",https://www.ss.com/msg/en/real-estate/flats/riga/centre/ahjhb.html,Baznicas 39,4,137,2/5,Recon.,"3,285 €","450,000  €"
"Zeme īpašumā, fasādes māja, slēgts pagalms, ieeja no ielas un pa",https://www.ss.com/msg/en/real-estate/flats/riga/centre/ahhxo.html,Baznicas 45,2,50,1/6,Pre-war house,"1,760 €","88,000  €"
Pārdod plašu četristabu dzīvokli Rīgas vēsturiskajā centrā – Ģer,https://www.ss.com/msg/en/real-estate/flats/riga/centre/aemcg.html,Gertrudes 55,4,86,2/6,Pre-war house,"2,058 €","177,000  €"
Pārdod augstas kvalitātes tikko remontētu dzīvokli rekonstruētā,https://www.ss.com/msg/en/real-estate/flats/riga/centre/bedjki.html,Baznicas 39,4,137,2/5,Recon.,"3,285 €","450,000  €"
Attīstītājs piedāvā iegādāties trīs istabu dzīvokli Nr. 3 projek,https://www.ss.com/msg/en/real-estate/flats/riga/centre/agelp.html,Skolas 17,3,63,2/7,New,"3,458 €","217,826  €"
Attīstītājs River properties piedāvā iegādāties divistabu dzīvok,https://www.ss.com/msg/en/real-estate/flats/riga/centre/adlkj.html,Skolas 17,2,50,2/7,New,"3,648 €","182,383  €"
Moderns 4-istabu dzīvoklis Rīgas centrā ar pārdomātu dizainu un,https://www.ss.com/msg/en/real-estate/flats/riga/centre/fdnjh.html,Ganibu d. 11,4,89,5/6,New,"3,348 €","298,000 €"
Piedāvājam iegādāties unikālu četru istabu dzīvokli prestižā jau,https://www.ss.com/msg/en/real-estate/flats/riga/centre/eoinp.html,Rupniecibas 44,4,164,6/7,New,"3,043 €","499,000  €"
Pārdod izremontētu dzīvokli Indrānu ielā 9 – gatavs dzīvošanai v,https://www.ss.com/msg/en/real-estate/flats/riga/centre/hekpk.html,Indranu 9,3,40,3/4,Pre-war house,"2,328 €","93,100  €"
"Plašums, kas pilsētas centrā sastopams arvien retāk – šis dzīvok",https://www.ss.com/msg/en/real-estate/flats/riga/centre/belofc.html,Rupniecibas 5,6,252,4/5,Recon.,"1,845 €","465,000  €"
"Kluss, saulains 2 istabu dzīvoklis (Nr. 36) ar saunu. Dzīvojamā",https://www.ss.com/msg/en/real-estate/flats/riga/centre/bcndgk.html,Chaka 133,2,43,2/6,Pre-war house,"1,738 €","74,750  €"
Pārdod dzīvokli ar balto apdari dzīvokli jaunajā projektā – Paus,https://www.ss.com/msg/en/real-estate/flats/riga/centre/cbjpl.html,Gertrudes 56,1,15,4/5,Recon.,"3,167 €","47,500  €"
Pārdod dzīvokli ar balto apdari dzīvokli jaunajā projektā – Paus,https://www.ss.com/msg/en/real-estate/flats/riga/centre/bcxmjd.html,Gertrudes 56,2,40,4/5,Recon.,"2,988 €","119,500  €"
Pārdod dzīvokli ar balto apdari dzīvokli jaunajā projektā – Paus,https://www.ss.com/msg/en/real-estate/flats/riga/centre/bckkxb.html,Gertrudes 56,2,30,4/5,Recon.,"2,883 €","86,500  €"
Pārdošanā 428 m² bēniņu telpas virs 5. stāva Staļina laika Ēkā.,https://www.ss.com/msg/en/real-estate/flats/riga/centre/bfffem.html,Ierochu 1,1,428,5/5,Stalin project,126 €,"54,000  €"
Pārdošanā unikāla investīciju iespēja pašā Rīgas centrā - plašs,https://www.ss.com/msg/en/real-estate/flats/riga/centre/bfdinx.html,Marijas 15,6,146,2/7,Pre-war house,"1,033 €","150,820  €"
Saulains 2-istabu dzīvoklis kvalitatīvā pirmskara mūra ēkā ar pi,https://www.ss.com/msg/en/real-estate/flats/riga/centre/beopdk.html,Brivibas 138,2,48,5/6,Pre-war house,"1,660 €","79,695  €"
"Pārdod plašu 3 istabu dzīvokli Rīgas centrā
Pārdošanā plašs un",https://www.ss.com/msg/en/real-estate/flats/riga/centre/beckbj.html,Lastadijas 60,3,109,2/4,Pre-war house,"1,900 €","207,100  €"
Šis gaišais studio tipa dzīvoklis Grīziņkalnā ir lieliska izvēle,https://www.ss.com/msg/en/real-estate/flats/riga/centre/aaadd.html,Sapieru 3B,1,31,1/5,New,"2,113 €","65,500  €"
Pārdošanā plašs un gaišs 4 istabu dzīvoklis vienā no pieprasītāk,https://www.ss.com/msg/en/real-estate/flats/riga/centre/adlbc.html,Grostonas 21,4,110,8/10,New,"3,136 €","345,000 €"
Pārdod plašu 2-istabu dzīvokli ar savu individuālo centrālapkuri,https://www.ss.com/msg/en/real-estate/flats/riga/centre/admpf.html,Valmieras 6,2,51,2/3,Pre-war house,637 €,"32,500  €"
Pārdošanā ekskluzīvs un gaumīgi iekārtots 3-istabu dzīvoklis jau,https://www.ss.com/msg/en/real-estate/flats/riga/centre/dojjm.html,Miera 57a,3,133,4/4,New,"2,989 €","397,600  €"
Продаю квартирa офис82.1м2.Высокий бельэтж. Два входа один с ули,https://www.ss.com/msg/en/real-estate/flats/riga/centre/fffmm.html,Blaumana 25,3,82,1/5,Pre-war house,"1,195 €","98,000  €"
Tiek pārdots investīciju dzīvoklis izīrēšanai ar auto stāvvietu,https://www.ss.com/msg/en/real-estate/flats/riga/centre/cholx.html,Ganibu d. 31b,1,30,2/5,Recon.,"1,267 €","38,000  €"
"Mājīgs un gaišs divistabu dzīvoklis Rīgas centrā ar patīkamu, au",https://www.ss.com/msg/en/real-estate/flats/riga/centre/ffnkd.html,Tallinas 52,2,59,3/5,Pre-war house,"1,864 €","110,000  €"
Предлагается светлая и полностью обновленная квартира на 1 этаже,https://www.ss.com/msg/en/real-estate/flats/riga/centre/bhkke.html,Ganibu d. 12A,2,44,1/2,Stalin project,"1,795 €","79,000  €"
"Namīpašnieks pārdot, tikko no īrniekiem atbrīvotu, 3 istabu dzīv",https://www.ss.com/msg/en/real-estate/flats/riga/centre/gjjhg.html,Stabu 6,3,66,2/6,Pre-war house,"1,364 €","90,000  €"
"Pārdod 1-istabas dzīvokli Sarkandaugavā ar kopējo platību 39, 7",https://www.ss.com/msg/en/real-estate/flats/riga/centre/exepf.html,Duntes 31,1,40,2/3,Pre-war house,813 €,"32,500  €"
"Pārdošanā ir skaists divu istabu dzīvoklis blakus parkam ""Ziedoņ",https://www.ss.com/msg/en/real-estate/flats/riga/centre/hegom.html,Chaka 72,2,35,3/4,Recon.,"2,457 €","86,000  €"
"Pārdodu nelielu, mājīgu dzīvokli ar visām ērtībām. Dzīvoklī ir u",https://www.ss.com/msg/en/real-estate/flats/riga/centre/bfecn.html,Petersalas 7,1,24,1/4,Pre-war house,"1,875 €","45,000  €"
"Pārdodam divu istabu dzīvokli ideālā lokācijā Rīgas centrā. 
Ēk",https://www.ss.com/msg/en/real-estate/flats/riga/centre/dxbhm.html,Ganibu d. 6,2,43,1/2,Stalin project,"1,160 €","49,900  €"
"Новинка на рынке недвижимости. 
Квартира под ремонт. 
Покупай",https://www.ss.com/msg/en/real-estate/flats/riga/centre/clhmo.html,Stabu 6,3,91,2/6,Pre-war house,"1,286 €","117,000  €"
Īpašnieks pārdod dzīvokli vēsturiskā ēkā pašā Rīgas centrā pie t,https://www.ss.com/msg/en/real-estate/flats/riga/centre/ahidj.html,Marijas 1,3,80,3/6,Pre-war house,"1,438 €","115,000  €"
2 istabu dzīvoklis renovētā un siltinātā pagalma ēkā Artilērijas,https://www.ss.com/msg/en/real-estate/flats/riga/centre/feocm.html,Artilerijas 11,2,36,3/3,Recon.,"2,306 €","83,000  €"
2 istabu dzīvoklis renovētā un siltinātā pagalma ēkā Artilērijas,https://www.ss.com/msg/en/real-estate/flats/riga/centre/defnj.html,Artilerijas 11,2,31,1/3,Recon.,"1,997 €","61,900  €"
"Divstāvu, četristabu dzīvoklis, 117, 5 kv. m, ar atsevišķu ieeju",https://www.ss.com/msg/en/real-estate/flats/riga/centre/hckoe.html,Birznieka-Upisha 1..,4,118,1/2,Recon.,"1,610 €","190,000  €"
"Jauns 3 istabu mansarda dzīvoklis renovētā mājā, Jāņa Asara iela",https://www.ss.com/msg/en/real-estate/flats/riga/centre/becjgn.html,Asara 11,3,78,6/6,Recon.,"2,821 €","220,000  €"
4-istabu dzīvoklis Unesco Pasaules Mantojuma namā - Eksporta iel,https://www.ss.com/msg/en/real-estate/flats/riga/centre/benoo.html,Eksporta 3,4,99,1/5,Pre-war house,"2,818 €","279,000  €"
"Rīgas centra jaunajā projektā “Tērbatas dārzs”, kas atrodas Tērb",https://www.ss.com/msg/en/real-estate/flats/riga/centre/ecpix.html,Terbatas 78A,3,77,4/7,New,"3,442 €","265,000  €"
"Rīgas centra jaunajā projektā “Tērbatas dārzs”, kas atrodas Tērb",https://www.ss.com/msg/en/real-estate/flats/riga/centre/ghgke.html,Terbatas 78A,1,28,6/7,New,"4,286 €","120,000  €"
"Rīgas centra jaunajā projektā “Tērbatas dārzs”, kas atrodas Tērb",https://www.ss.com/msg/en/real-estate/flats/riga/centre/aclke.html,Terbatas 78A,2,52,6/7,New,"3,923 €","204,000  €"
Tiek pārdots studijas tipa dzīvoklis ēkas 6. stāvā. Dzīvoklis mē,https://www.ss.com/msg/en/real-estate/flats/riga/centre/dioek.html,Klusa 20,1,26,5/9,Recon.,"1,269 €","33,000  €"
Sava ieeja + ~40 m² privāta ārtelpa 3 istabas 76 m² Tallinas iel,https://www.ss.com/msg/en/real-estate/flats/riga/centre/bcoogl.html,Tallinas 96,3,76,1/2,Recon.,"1,446 €","109,900  €"
Studio tipa dzīvoklis ar pilnu apdari Donberga kvartālā. Ģertrūd,https://www.ss.com/msg/en/real-estate/flats/riga/centre/abihn.html,Gertrudes 60,1,20,1/5,Pre-war house,"2,910 €","58,200  €"
