description,url,District,R.,m²,Floor,Series,Price
Meklējam jaunos saimniekus ļoti plašam un mājīgam dzīvoklim Ziep,https://www.ss.com/msg/en/real-estate/flats/riga/ziepniekkalns/gxmlb.html,Ziepniekkalns Kaplavas 5,3,114,4/5,New,"169,000  €"
"Stilīgs, ērts mājokļis un dzīves telpa urbānajam profesionālim,",https://www.ss.com/msg/en/real-estate/flats/riga/agenskalns/clfde.html,Agenskalns M. Nometnu 24,1,37,5/5,Recon.,"109,200  €"
"Divistabu dzīvoklis ar savu zaļo zonu no guļamistabas

Ēka atr",https://www.ss.com/msg/en/real-estate/flats/riga/centre/bemmol.html,Centre Matisa 101,2,27,1/3,Recon.,"62,790  €"
"Pārdod vienistabas dzīvokli ar kosmētisko remontu. 
Izskatu mai",https://www.ss.com/msg/en/real-estate/flats/riga/plyavnieki/cccxe.html,Plyavnieki Rudens 6,1,35,1/9,602-th,"48,000  €"
Dzīvoklis atrodas slēgtā un drošā dzīvojamajā kompleksā ar sakop,https://www.ss.com/msg/en/real-estate/flats/riga/yugla/bbcio.html,Yugla Juglas 10,4,138,7/9,New,"228,000  €"
"Pārdod 5 istabu dzīvokli ar vēsturisku šarmu Rīgas centrā

Pla",https://www.ss.com/msg/en/real-estate/flats/riga/centre/acldp.html,Centre Gertrudes 103,5,120,5/5,Pre-war house,"154,000  €"
Продается отличная 2х комнатная квартира. Квартира расположена н,https://www.ss.com/msg/en/real-estate/flats/riga/vecmilgravis/dmkko.html,Vecmilgravis Vecmilgravja 1. l. 49,2,51,1/5,Lit pr.,"39,500  €"
"Tiek pārdots plašs un gaišs 4-ist. dzīvoklis Purvciemā. 
Visā m",https://www.ss.com/msg/en/real-estate/flats/riga/purvciems/fnbdl.html,Purvciems Dzelzavas 55,4,76,3/9,467-th,"81,500  €"
Квартира полностью реновирована. Новая печь-камин. Все заменено,https://www.ss.com/msg/en/real-estate/flats/riga/sarkandaugava/hbgdf.html,Sarkandaugava Hapsalas 9,1,39,1/2,Spec. pr.,"35,000 €"
"Piedāvājumā mājīgs, funkcionāls un ērts vienistabas dzīvoklis Sa",https://www.ss.com/msg/en/real-estate/flats/riga/sarkandaugava/cbhnd.html,Sarkandaugava Viestura pr. 37,1,34,1/9,Spec. pr.,"36,500  €"
Pardodas 1-istabas dzīvoklis Pleksnes iela 6-15.Dzivoklis atroda,https://www.ss.com/msg/en/real-estate/flats/riga/daugavgriva/agddb.html,Daugavgriva Pleksnes 6,1,40,2/5,Sm.fam.,"33,500  €"
"Vieta, vieta, vieta. Tiek pārdots dzīvoklis ēkā, kas atrodas pre",https://www.ss.com/msg/en/real-estate/flats/riga/centre/blkmm.html,Centre Brivibas 19,4,94,5/6,Pre-war house,"199,500  €"
Balkons. Renovētā ēkā Rīgas centrā pārdod 4 istabu dzīvokli. Izv,https://www.ss.com/msg/en/real-estate/flats/riga/centre/cpgfl.html,Centre Stabu 16,4,109,4/6,Recon.,"185,500  €"
"Trīsistabu dzīvoklis skaisti renovētā ēkā

Ēka atrodas klusā i",https://www.ss.com/msg/en/real-estate/flats/riga/centre/aholk.html,Centre Matisa 101,3,37,1/3,Recon.,"84,640  €"
Piedāvājumā dzīvokļi unikālā koncepta projektā Brooklyn Gates -,https://www.ss.com/msg/en/real-estate/flats/riga/centre/efkbn.html,Centre Gertrudes 110,3,49,3/5,Recon.,"76,850  €"
"Pārdošanā gaišs un mājīgs 2 istabu dzīvoklis Rīgas centrā
Ķieģe",https://www.ss.com/msg/en/real-estate/flats/riga/grizinkalns/bplfnl.html,Grizinkalns Chaka 148,2,53,5/5,Pre-war house,"84,000  €"
Tiek pārdotas ilgtermiņa īres tiesības (Līgums uz 40 gadiem) Āge,https://www.ss.com/msg/en/real-estate/flats/riga/agenskalns/edcxd.html,Agenskalns M. Nometnu 5,1,39,3/5,Pre-war house,"13,000  €"
Pārdod gaišu un plašu 2 istabu dzīvokli (54 m²) kvalitatīvā 1959,https://www.ss.com/msg/en/real-estate/flats/riga/centre/afpjd.html,Centre Valdemara 147k-1,2,54,5/5,Spec. pr.,"99,900  €"
"Pārdod plašu 4 istabu dzīvokli pilsētas centrā, ēkas 5. stāvā.",https://www.ss.com/msg/en/real-estate/flats/riga/centre/chjkk.html,Centre Stabu 59,4,89,5/5,Pre-war house,"120,000  €"
"Pārdod plašu 4 izoletu istabu dzīvokli pilsētas centrā, ēkas 1.",https://www.ss.com/msg/en/real-estate/flats/riga/centre/bcijxb.html,Centre Stabu 59,4,87,1/5,Pre-war house,"109,000  €"
"Pārdod 2 istabu dzīvokli ar balkonu. 

-Lieliska lokācija;
-P",https://www.ss.com/msg/en/real-estate/flats/riga/kengarags/cjofo.html,Kengarags Latgales 258,2,45,5/5,Chrusch.,"63,498  €"
Tiek pārdots dzīvoklis ar telpām un pagrabu un parkinga vietu pi,https://www.ss.com/msg/en/real-estate/flats/riga/maskavas-priekshpilseta/ceknpb.html,Latgales priekshpilset Daugavpils 48a,3,42,5/6,Pre-war house,"34,698  €"
"Pārdod 1 ist dzīvokli ar parkingu un zemi īpašumā. 

-Dzīvokli",https://www.ss.com/msg/en/real-estate/flats/riga/yugla/admxh.html,Yugla Vangazhu 7,1,35,1/12,Spec. pr.,"52,698  €"
"Dzīvoklis jaunajā projektā ""Hill Garden Kapseļi"" – Āgenskalnā.",https://www.ss.com/msg/en/real-estate/flats/riga/agenskalns/agoxl.html,Agenskalns Kapselu 11,2,63,3/3,New,"240,160  €"
"Продается 4комнатная квартира и пятая как зал с кухней, в цену в",https://www.ss.com/msg/en/real-estate/flats/riga/centre/ebnmi.html,Centre Vesetas 15,5,150,4/5,New,"485,000  €"
"Pārdodu remontējamu 1.istabas dzīvokli Gaileņu ielā 8, Jaunciemā",https://www.ss.com/msg/en/real-estate/flats/riga/jaunciems/kfhfp.html,Jaunciems Gailenu 8,1,34,2/5,103-th,"26,498  €"
Pārdod vienistabas dzīvokli Sarkandaugavā. Nepieciešams remonts.,https://www.ss.com/msg/en/real-estate/flats/riga/sarkandaugava/afbhj.html,Sarkandaugava Zageru 6,1,26,3/4,Pre-war house,"17,900  €"
Plašs 3-istabu dzīvoklis ar pārdomātu plānojumu un izcilu skatu,https://www.ss.com/msg/en/real-estate/flats/riga/agenskalns/dhohh.html,Agenskalns Trijadibas 1A,3,131,3/7,New,"518,188  €"
"Dzīvoklis, kuru var pilnībā iekārtot pēc savas gaumes un realizē",https://www.ss.com/msg/en/real-estate/flats/riga/zasulauks/chpoh.html,Zasulauks Tapeshu 20,2,48,1/5,Spec. pr.,"42,000  €"
"Dzīvoklis, kuru var pilnībā iekārtot pēc savas gaumes un realizē",https://www.ss.com/msg/en/real-estate/flats/riga/agenskalns/dgoil.html,Agenskalns Tapeshu 20,2,48,1/5,Spec. pr.,"42,000  €"
Pārdod 2 istabu dzīvokli Pulkveža Brieža ielā 15 Klusais Centrs.,https://www.ss.com/msg/en/real-estate/flats/riga/centre/bciioj.html,Centre Pulkv. Briezha 15,2,37,3/7,Recon.,"108,000  €"
"Remontējams dzīvoklis klusā un zaļā pilsētas apkaimē, vietā, kas",https://www.ss.com/msg/en/real-estate/flats/riga/centre/fxxji.html,Centre Katrinas d. 20 k-2,2,41,4/5,Chrusch.,"47,000  €"
Dzīvo 2 istabu dzīvoklī vienlaikus zaļa miera apskautā krastā un,https://www.ss.com/msg/en/real-estate/flats/riga/yugla/akhfc.html,Yugla Juglas 23,2,49,2/6,New,"118,500 €"
"Telpas ir nodalītas, un zeme zem mājas ir privatizēta. Ir nomain",https://www.ss.com/msg/en/real-estate/flats/riga/ilguciems/flmdb.html,Ilguciems Slokas 95,2,46,1/5,Lit pr.,"43,000  €"
"Telpas ir nodalītas, un zeme zem mājas ir privatizēta. Ir nomain",https://www.ss.com/msg/en/real-estate/flats/riga/dzeguzhkalns/ajmpe.html,Dzeguzhkalns M. Stacijas 22,2,46,1/5,Lit pr.,"43,000  €"
"Saulains, plašs 2-istabu dzīvoklis ar pārdomātu plānojumu un bal",https://www.ss.com/msg/en/real-estate/flats/riga/kliversala/hifjk.html,Kliversala Trijadibas 1a,2,63,3/7,New,"2,840,047  €"
Svaigi izremontēts 2 istabu dzīvoklis Purvciemā – Andromedas gat,https://www.ss.com/msg/en/real-estate/flats/riga/purvciems/bdpljh.html,Purvciems Andromedas g. 10,2,50,5/5,Lit pr.,"65,900  €"
Pārdošanā gaišs un silts 1-istabas dzīvoklis vienā no pieprasītā,https://www.ss.com/msg/en/real-estate/flats/riga/dzeguzhkalns/hkmnb.html,Dzeguzhkalns Dzirciema 31,1,35,5/9,Spec. pr.,"46,500  €"
"Pārdod lielisku 3-istabu dzīvokli ar plašu 26 m² terasi, garāžu",https://www.ss.com/msg/en/real-estate/flats/riga/purvciems/cbnko.html,Purvciems Saktas 24,3,122,3/3,New,"226,540  €"
Plašs studio dzīvoklis ar pārdomātu plānojumu un balkonu - izcil,https://www.ss.com/msg/en/real-estate/flats/riga/agenskalns/bxegkd.html,Agenskalns Trijadibas 1a,1,44,2/7,New,"156,028  €"
"Pārdod skaistu dzīvokli unikālā dzīvojamā ēkā Hoft, Rīgas klusaj",https://www.ss.com/msg/en/real-estate/flats/riga/centre/genmm.html,Centre Strelnieku 5,3,85,4/6,New,"475,000  €"
Pārdodam gaišu vienistabu dzīvokli pamatīgā mājā. Lielisks piedā,https://www.ss.com/msg/en/real-estate/flats/riga/agenskalns/gxkhh.html,Agenskalns Darba 11,1,21,1/2,Pre-war house,"13,780  €"
Pārdodam gaišu divistabu dzīvokli pamatīgā mājā. Lielisks piedāv,https://www.ss.com/msg/en/real-estate/flats/riga/agenskalns/gbejo.html,Agenskalns Darba 11,2,23,2/2,Pre-war house,"15,780  €"
Saulains studio dzīvoklis ar pārdomātu plānojumu un balkonu - iz,https://www.ss.com/msg/en/real-estate/flats/riga/agenskalns/bchoxj.html,Agenskalns Trijadibas 1a,1,38,2/7,New,"129,774  €"
Tiek pārdots silts un gaišs dzīvoklis Teikā. Tas atrodas klusā v,https://www.ss.com/msg/en/real-estate/flats/riga/teika/cmobn.html,Teika Piebalgas 8,1,28,2/3,Pre-war house,"38,000  €"
Tiek pārdots liels dzīvoklis Teikā. Tas atrodas klusā vietā ar s,https://www.ss.com/msg/en/real-estate/flats/riga/teika/allpo.html,Teika Piebalgas 8,Other,113,1/3,Pre-war house,"93,800  €"
Pārdodam gaišu un plašu trīsistabu dzīvokli pamatīgā mājā. Lieli,https://www.ss.com/msg/en/real-estate/flats/riga/agenskalns/clmej.html,Agenskalns Kuldigas 45A,3,60,3/3,Pre-war house,"19,470  €"
Tiek pārdots saulains 2-istabu dzīvoklis. Lielisks piedāvājums i,https://www.ss.com/msg/en/real-estate/flats/riga/centre/eocxg.html,Centre Artilerijas 43,2,43,2/2,Pre-war house,"37,890  €"
"2 istabu dzīvoklis labā lokācijā

- Ērts plānojums: plaša vies",https://www.ss.com/msg/en/real-estate/flats/riga/shampeteris-pleskodale/bbimen.html,Shampeteris-Pleskodale Zalves 33,2,47,1/3,Chrusch.,"53,000  €"
"Продаю 3-комнатную квартиру. 2 изолированные комнаты, гостиная с",https://www.ss.com/msg/en/real-estate/flats/riga/centre/dcppn.html,Centre Gertrudes 69/71,3,82,2/6,Pre-war house,"130,000  €"
"Продаём капитально, качественно отремонтированную 3х комнатную к",https://www.ss.com/msg/en/real-estate/flats/riga/bolderaya/epoox.html,Bolderaya Lielupes 1 k-6,3,57,4/4,Chrusch.,"58,000  €"
"3 istabu dzīvoklis ar skatu uz plašu, zaļu pagalmu. Bez remonta.",https://www.ss.com/msg/en/real-estate/flats/riga/purvciems/dkglh.html,Purvciems Zhagatu 20,3,63,5/9,602-th,"62,900  €"
Apstiprināts projekts divstāvu mansarda dzīvoklim ar skatu virs,https://www.ss.com/msg/en/real-estate/flats/riga/centre/elxpc.html,Centre Valdemara 57/59,Other,331,6/6,Pre-war house,"346,750  €"
Pārdod saulainu un omulīgi iekārtotu 3 istabu dzīvokli ar mēbelē,https://www.ss.com/msg/en/real-estate/flats/riga/mezhciems/acmnj.html,Mezhciems Eizenshteina 59,3,63,5/9,602-th,"72,000  €"
Pārdod dzīvokli ar palīgtelpu. Tas atrodas 1903. gadā arhitekta,https://www.ss.com/msg/en/real-estate/flats/riga/centre/fhdej.html,Centre Valmieras 28,2,64,5/5,Recon.,"96,500  €"
Pārdošanā praktisks 3-istabu dzīvoklis ar zemiem komunālajiem ma,https://www.ss.com/msg/en/real-estate/flats/riga/purvciems/gehlo.html,Purvciems Ilukstes 103,3,69,5/5,103-th,"85,000  €"
"Pārdodam siltu, saulainu divistabu dzīvokli jaunajā projektā. Ba",https://www.ss.com/msg/en/real-estate/flats/riga/purvciems/bcodc.html,Purvciems Dzelzavas 74/K1,2,62,3/11,New,"160,000  €"
"2-istabu dzīvoklis ar virtuvi, iebūvētajiem skapjiem un indivuāl",https://www.ss.com/msg/en/real-estate/flats/riga/agenskalns/bjxiil.html,Agenskalns Jelgavas 65,2,38,1/4,Recon.,"104,000  €"
Tiek pārdots mājīgs un mūsdienīgs 2-istabu dzīvoklis pašā Vecrīg,https://www.ss.com/msg/en/real-estate/flats/riga/vecriga/bxxxf.html,Vecriga Kungu 25,2,68,2/6,New,"171,000  €"
"Pārdod mājīgu divistabu dzīvokli Rīgā – Matīsa ielā 59, Centrā.",https://www.ss.com/msg/en/real-estate/flats/riga/centre/cihpo.html,Centre Matisa 59,2,57,3/5,Pre-war house,"112,200  €"
"Dzīvoklis ar autonomu gāzes apkuri klusā, zaļā rajonā. 
Galvenā",https://www.ss.com/msg/en/real-estate/flats/riga/purvciems/ixjkh.html,Purvciems Vejavas 5,2,47,2/2,Spec. pr.,"49,990  €"
"Pārdod 2-istabu dzīvokli lieliskā vietā. 

Pārdod gaišu un sil",https://www.ss.com/msg/en/real-estate/flats/riga/kengarags/cippc.html,Kengarags Latgales 250 k1,2,42,5/5,Chrusch.,"43,000  €"
"Pārdod koptu un siltu 1-istabas dzīvokli renovētā, ēkas vidus da",https://www.ss.com/msg/en/real-estate/flats/riga/centre/bfdgp.html,Centre Stabu 52,1,19,2/3,Pre-war house,"48,995  €"
Pārdod dzīvokli mājas piektajā stāvā. Plānojumā ir trīs istabas:,https://www.ss.com/msg/en/real-estate/flats/riga/ilguciems/oiddp.html,Ilguciems Cementa 18,3,56,5/5,Lit pr.,"62,700 €"
"Brooklyn Gates - Vēstures Šarms. Moderns Potenciāls. 

Piedāvā",https://www.ss.com/msg/en/real-estate/flats/riga/maskavas-priekshpilseta/cclhpi.html,Latgales priekshpilset Daugavpils 57,3,43,2/5,Pre-war house,"65,816  €"
"Pārdodu plašu, gaišu un saulainu 3 istabu divlīmeņu dzīvokli Tei",https://www.ss.com/msg/en/real-estate/flats/riga/teika/bephdx.html,Teika Burtnieku 36A,3,96,4/5,New,"199,000  €"
"Tiek pārdots plašs 2-istabu dzīvoklis ar augstiem griestiem, klu",https://www.ss.com/msg/en/real-estate/flats/riga/vecmilgravis/fhbdf.html,Vecmilgravis Anitas 9,2,62,2/2,Stalin project,"33,000 €"
"Pardod 2 istabu dzīvokli teicamā vietā - Vaidavas iela 10
Pārdo",https://www.ss.com/msg/en/real-estate/flats/riga/teika/bcjlee.html,Teika Ieriku 8,2,41,3/5,Chrusch.,"43,888  €"
"Pardod 2 istabu dzīvokli teicamā vietā
Pārdod 2 istabu dzīvokli",https://www.ss.com/msg/en/real-estate/flats/riga/purvciems/fcebg.html,Purvciems Vaidavas 10,2,41,3/5,Chrusch.,"43,888 €"
Продаётся 2-комнатная квартира в Плявниеках по адресу: ул. Salna,https://www.ss.com/msg/en/real-estate/flats/riga/plyavnieki/ahpci.html,Plyavnieki Salnas 28,2,51,2/9,602-th,"63,000  €"
"Tiek pārdots mājīgs divistabu dzīvoklis Rīgā, Salacas ielā 21.",https://www.ss.com/msg/en/real-estate/flats/riga/krasta-st-area/fellp.html,Krasta st. area Salacas 21,2,49,5/9,467-th,"65,000  €"
"Pārdod gaišu vienistabas dzīvokli Rīgā – Ilūkstes ielā 20, Pļavn",https://www.ss.com/msg/en/real-estate/flats/riga/plyavnieki/bemofx.html,Plyavnieki Ilukstes 20,1,34,5/9,602-th,"44,500  €"
"Pārdošanā 1 istabas dzīvoklis ideālā lokācijā. 

Dzīvoklis ir",https://www.ss.com/msg/en/real-estate/flats/riga/imanta/ccohp.html,Imanta Kleistu 19,1,36,9/9,602-th,"40,500  €"
Tiek pārdots kompakts un mājīgs viena istabas dzīvoklis pirmskar,https://www.ss.com/msg/en/real-estate/flats/riga/kengarags/bjmfof.html,Kengarags Latgales 223,1,27,3/3,Pre-war house,"30,000  €"
"Dzīvoklis ar kamīnu, balkonu un savu stāvvietu pašā pilsētas sir",https://www.ss.com/msg/en/real-estate/flats/riga/centre/chxji.html,Centre Merkela 8,4,115,5/6,Pre-war house,"192,000  €"
"Новые батареи, стеклопакеты, бойлер.",https://www.ss.com/msg/en/real-estate/flats/riga/kengarags/dljki.html,Kengarags Latgales 417,4,76,9/9,467-th,"70,000 €"
Tiek pārdots kompakts un mājīgs viena istabas dzīvoklis pirmskar,https://www.ss.com/msg/en/real-estate/flats/riga/krasta-st-area/ggjec.html,Krasta st. area Latgales 223,1,27,3/3,Pre-war house,"30,000  €"
"Pārdod 2 istabu dzīvokli Sarkandaugavā. 

Dzīvoklis atrodas kl",https://www.ss.com/msg/en/real-estate/flats/riga/sarkandaugava/dlpxk.html,Sarkandaugava Sarkandaugavas 33,2,52,2/6,Pre-war house,"24,900  €"
"Iegādei pieejams 3-istabu dzīvoklis 74.7 m² platībā, kas atrodas",https://www.ss.com/msg/en/real-estate/flats/riga/agenskalns/bimmom.html,Agenskalns Ranka d. 30,3,75,8/30,New,"247,112  €"
"Iegādei pieejams 1-istabas dzīvoklis 37.4 m² platībā, kas atroda",https://www.ss.com/msg/en/real-estate/flats/riga/agenskalns/blgpdm.html,Agenskalns Ranka d. 30,1,37,19/30,New,"112,893  €"
"Attīstītājs ""Yit Latvija"" piedāvā iegādāties jaunu 2-istabu dzīv",https://www.ss.com/msg/en/real-estate/flats/riga/mezhciems/gjebf.html,Mezhciems Kaivas 48b,2,44,2/6,New,"114,100  €"
"Attīstītājs ""Yit Latvija"" piedāvā iegādāties jaunu 3-istabu dzīv",https://www.ss.com/msg/en/real-estate/flats/riga/mezhciems/ikejd.html,Mezhciems Kaivas 48b,3,60,5/6,New,"158,000  €"
"River Breeze Residences 6.stāva penthouse dzīvoklis, kas pieejam",https://www.ss.com/msg/en/real-estate/flats/riga/agenskalns/bjolej.html,Agenskalns Kugu 28,5,219,6/7,New,"1,101,500  €"
Pārdodam plašu un mājīgu 3 istabu dzīvokli klusā Dzirnavu ielas,https://www.ss.com/msg/en/real-estate/flats/riga/centre/bcjegd.html,Centre Dzirnavu 3,3,94,3/5,Recon.,"199,000 €"
Pārdod mājīgu 1 istabas dzīvokli ar kopējo platību 36 m² piepras,https://www.ss.com/msg/en/real-estate/flats/riga/kengarags/bpbxo.html,Kengarags Lokomotives 52,1,36,2/12,Czech pr.,"38,000 €"
"Pārdod gaišu un koptu 3 istabu dzīvokli Imantā. 

Dzīvoklis ir",https://www.ss.com/msg/en/real-estate/flats/riga/imanta/dnoci.html,Imanta Kleistu 11,3,62,9/9,602-th,"69,000  €"
"Iegādei pieejams 4-istabu dzīvoklis 84, 1 m² platībā, kas atroda",https://www.ss.com/msg/en/real-estate/flats/riga/agenskalns/belbxg.html,Agenskalns Ranka d. 30,4,84,19/30,New,"197,018  €"
"Zeme īpašumā, labiekārtota apzaļumota teritorija, lodžija, logi",https://www.ss.com/msg/en/real-estate/flats/riga/darzciems/cfgmoj.html,Darzciems Laudonas 3,2,53,1/5,103-th,"57,000  €"
"Iegādei pieejams 1-istabas dzīvoklis 39.2 m² platībā, kas atroda",https://www.ss.com/msg/en/real-estate/flats/riga/agenskalns/bikjnl.html,Agenskalns Ranka d. 30,1,39,12/30,New,"155,636  €"
"Pārdodu gaišu, labiekārtotu 1-istabas dzīvokli Purvciemā, Ilūkst",https://www.ss.com/msg/en/real-estate/flats/riga/purvciems/aghbn.html,Purvciems Ilukstes 54-3,1,42,2/5,Sm.fam.,"48,900  €"
"Attīstītājs pārdod 3 istabu dzīvokli projektā ""Deglava Gleznotāj",https://www.ss.com/msg/en/real-estate/flats/riga/plyavnieki/bknmcf.html,Plyavnieki Dravnieku 3 K-1,3,62,1/10,New,"136,000  €"
No attīstītāja- 3 istabu dzīvoklis ar diviem sanmezgliem projekt,https://www.ss.com/msg/en/real-estate/flats/riga/plyavnieki/fefki.html,Plyavnieki Dravnieku 3 K-2,3,64,1/10,New,"142,646  €"
"Attīstītājs piedāvā 4 istabu dzīvoklis projektā ""Deglava Gleznot",https://www.ss.com/msg/en/real-estate/flats/riga/plyavnieki/deoxi.html,Plyavnieki Dravnieku 3 K-3,4,86,6/10,New,"190,357  €"
"Svaigi remontēts, moderns 2-istabu dzīvoklis ar balkonu pašā Ķen",https://www.ss.com/msg/en/real-estate/flats/riga/kengarags/behkk.html,Kengarags Prushu 3 K2,2,38,5/5,Lit pr.,"61,000  €"
"Plašs un gaišs 4 istabu dzīvoklis lieliskā lokācijā. 

Pārdoša",https://www.ss.com/msg/en/real-estate/flats/riga/dreilini/cfmcdl.html,Dreilini Valtera 5,4,78,9/9,New,"105,000  €"
"Attīstītājs piedāvā iegādāties divistabu dzīvokli ""Deglava Glezn",https://www.ss.com/msg/en/real-estate/flats/riga/plyavnieki/dpebj.html,Plyavnieki Dravnieku 3,2,49,7/10,New,"123,194  €"
"Jauni stāvvadi. Ar skaistiem skatiem pa logu- gaišs, izremontēts",https://www.ss.com/msg/en/real-estate/flats/riga/ilguciems/exmik.html,Ilguciems Spilves 17,2,50,5/5,Lit pr.,"64,500  €"
Tikko pēc remonta pārdošanā gaišs un mājīgs 2 istabu dzīvoklis P,https://www.ss.com/msg/en/real-estate/flats/riga/purvciems/ahkei.html,Purvciems Vaidavas 2,2,41,2/5,Chrusch.,"59,000  €"
Pārdodās 3 istabu dzīvoklis ar kvalitatīvu kapitālo remontu. Dzī,https://www.ss.com/msg/en/real-estate/flats/riga/ilguciems/ffbkl.html,Ilguciems Riekstu 24,3,50,1/3,Chrusch.,"87,000  €"
"Iegādei tiek piedāvāts jauns, energoefektīvs dzīvoklis jaunajā p",https://www.ss.com/msg/en/real-estate/flats/riga/tornjakalns/fhdbm.html,Tornjakalns Bieshu 9,3,67,2/5,New,"180,000  €"
Небольшие коммунальные платежи + индивидуальные счетчики отоплен,https://www.ss.com/msg/en/real-estate/flats/riga/imanta/hfigi.html,Imanta Akaciju 6,1,46,9/9,New,"127,000  €"
Piedāvājam pārdošanai lielisku un saulainu 2-istabu dzīvokli jau,https://www.ss.com/msg/en/real-estate/flats/riga/centre/hdfol.html,Centre Gertrudes 65B,2,66,2/6,New,"179,420  €"
"Pārdod 2-istabu dzīvokli Zolitūdē, Paula Lejiņa ielā 14

Pārdo",https://www.ss.com/msg/en/real-estate/flats/riga/zolitude/ejgxg.html,Zolitude Lejina 14,2,61,9/9,119-th,"64,000  €"
"Gaišs, kluss trīsistabu dzīvoklis pagalma mājā. Viesistaba apvie",https://www.ss.com/msg/en/real-estate/flats/riga/centre/behldk.html,Centre Lachplesha 45,3,55,4/5,Pre-war house,"111,000  €"
"Pārdodam dzīvokli Slokas ielā 103. Papildus dzīvoklim ir šķūnis,",https://www.ss.com/msg/en/real-estate/flats/riga/imanta/aimgx.html,Imanta Slokas 103,1,21,2/2,Spec. pr.,"28,000  €"
"Pārdodam gaišu un ļoti klusu 2-istabu dzīvokli Rīgas centrā, Brī",https://www.ss.com/msg/en/real-estate/flats/riga/centre/clbmf.html,Centre Brivibas 92/94,2,52,2/5,Spec. pr.,"89,000  €"
Pieejams vēl tikai 2 mājas jaunā A klases privātmāju ciemā Kalna,https://www.ss.com/msg/en/real-estate/flats/riga/plyavnieki/blxecd.html,Plyavnieki Ulbrokas 3,4,104,1/1,New,"199,680  €"
"Piedāvājam pārdošanai 3-istabu dzīvokli jaunajā projektā ""Ģertrū",https://www.ss.com/msg/en/real-estate/flats/riga/centre/benokc.html,Centre Gertrudes 65,3,52,2/6,New,"150,220  €"
"Divstāvu dzīvoklis jaunā, apsargātā ciematā Juglasciemā, Pečorīt",https://www.ss.com/msg/en/real-estate/flats/riga/mezhciems/dmjnf.html,Mezhciems Juglas 1,4,82,2/2,New,"180,000  €"
"Divstāvu dzīvoklis jaunā, apsargātā ciematā Juglasciemā, Pečorīt",https://www.ss.com/msg/en/real-estate/flats/riga/yugla/aflbj.html,Yugla Juglas 1,4,82,2/2,New,"180,000  €"
"Tiek pārdods kompakts trīs istabas dzīvoklis (60 kv. m)
Atrašan",https://www.ss.com/msg/en/real-estate/flats/riga/centre/bcdxj.html,Centre Strelnieku 19,3,60,2/3,Recon.,"164,000  €"
"Piedāvājumā pārdošanai 2 istabu dzīvoklis, Lielirbes ielā, Rīgas",https://www.ss.com/msg/en/real-estate/flats/riga/shampeteris-pleskodale/bbcfin.html,Shampeteris-Pleskodale Lielirbes 6,2,47,4/7,Spec. pr.,"59,000  €"
Pārdošanā tiek piedāvāts saulains un atjaunots 92 m² mājoklis St,https://www.ss.com/msg/en/real-estate/flats/riga/sarkandaugava/belefm.html,Sarkandaugava Patversmes 30,4,92,2/5,Stalin project,"199,000  €"
Pārdošanā pieejams gaišs un plašs trīsistabu dzīvoklis ar pārdom,https://www.ss.com/msg/en/real-estate/flats/riga/plyavnieki/bkldnp.html,Plyavnieki Salnas 21,3,88,1/9,New,"159,900  €"
"Pārdošanā 2 istabu dzīvoklis ar segtu terasi, skatu uz zaļu paga",https://www.ss.com/msg/en/real-estate/flats/riga/ziepniekkalns/ffpdh.html,Ziepniekkalns Batas 3a,2,91,1/4,New,"135,000  €"
Dzīvoklis atrodas ēkas augstajā pirmajā stāvā. Hruščova laika pr,https://www.ss.com/msg/en/real-estate/flats/riga/agenskalns/dnfkn.html,Agenskalns Kalnciema 1/1,2,41,1/5,Chrusch.,"47,000  €"
"Aprīkots, mēbelēts un gaišs 2-istabu dzīvoklis ar lodžiju Rīgā,",https://www.ss.com/msg/en/real-estate/flats/riga/vecaki/ipjxl.html,Vecaki Vecaku pr. 205B,2,67,1/4,New,"155,000  €"
"Pārdodu pilnīgi jaunu 43 m² dzīvokli jaunā, energoefektīvā daudz",https://www.ss.com/msg/en/real-estate/flats/riga/ziepniekkalns/ambho.html,Ziepniekkalns Malu 18,2,43,3/4,New,"107,500  €"
Īpašnieks pārdod ļoti perspektīvu dzīvokli sagatavotu remontam b,https://www.ss.com/msg/en/real-estate/flats/riga/shampeteris-pleskodale/bbxedg.html,Shampeteris-Pleskodale Volguntes 16b,5,115,1/2,Pre-war house,"115,000  €"
"Pārdod gaišu 2 istabu dzīvokli. 

Dzīvoklis atrodas Staļina la",https://www.ss.com/msg/en/real-estate/flats/riga/ilguciems/agbph.html,Ilguciems Benes 1A,2,44,3/3,Stalin project,"60,000  €"
"Pārdod 2 istabu dzīvokli Sarkandaugavā. 
Dzīvoklī veikts kosmēt",https://www.ss.com/msg/en/real-estate/flats/riga/sarkandaugava/finon.html,Sarkandaugava Aptiekas 6,2,48,4/5,Pre-war house,"59,000  €"
"Īpašnieks pārdod gaišu, saulainu un mājīgu 4-istabu dzīvokli (dz",https://www.ss.com/msg/en/real-estate/flats/riga/centre/aimcm.html,Centre Artilerijas 66B,4,64,3/5,Pre-war house,"118,900 €"
Продаётся светлая и аккуратная 2-комнатная квартира в Риге.,https://www.ss.com/msg/en/real-estate/flats/riga/kengarags/ekcbn.html,Kengarags Aglonas 28,2,51,1/5,Lit pr.,"54,900  €"
"Pārdošanā četristabu dzīvoklis ar kopējo platību 60, 1 m² Bruņin",https://www.ss.com/msg/en/real-estate/flats/riga/centre/bcimcf.html,Centre Bruninieku 20,4,60,2/6,Recon.,"145,000  €"
"Plašs 4 istabu dzīvoklis Zolitūdē – 119. sērijas projektā

Zol",https://www.ss.com/msg/en/real-estate/flats/riga/zolitude/fhfgj.html,Zolitude Imantas 16. l. 18,4,94,3/9,119-th,"112,000  €"
Pārdošanā nonācis silts un saulains 3-istabu dzīvokli Iļģuciemā,https://www.ss.com/msg/en/real-estate/flats/riga/ilguciems/dmljj.html,Ilguciems Dzirciema 61,3,59,7/9,467-th,"60,900  €"
"Pārdošanā renovēts 1 istabu dzīvoklis Rīgas centrā

Adrese: Br",https://www.ss.com/msg/en/real-estate/flats/riga/centre/eohfx.html,Centre Bruninieku 121,1,27,1/4,Recon.,"58,000  €"
Pārdod 2 istabu dzīvokli ar divām stāvvietām (pazemes un virszem,https://www.ss.com/msg/en/real-estate/flats/riga/ziepniekkalns/bxcdnj.html,Ziepniekkalns Dignajas 3B,2,60,2/7,New,"134,000  €"
Pārdod gaišu un plašu 3 istabu dzīvokli klusā un zaļā Imantas da,https://www.ss.com/msg/en/real-estate/flats/riga/imanta/hchxc.html,Imanta Slokas 185,3,60,5/5,Lit pr.,"78,000 €"
Teikā – 3-istabu dzīvoklis ar savu garāžu mājā kur notiek renovā,https://www.ss.com/msg/en/real-estate/flats/riga/teika/bciokl.html,Teika Brivibas g. 209,3,66,2/5,Pre-war house,"137,000  €"
"Pārdod elegantu, pilnībā mēbelētu dzīvokli Raiņa namā – Raiņa bu",https://www.ss.com/msg/en/real-estate/flats/riga/centre/abpli.html,Centre Raina boul. 27,2,48,3/6,Recon.,"189,000  €"
Premium 2 istabu dzīvoklis ar terasi jaunajā projektā Stabu 2A,https://www.ss.com/msg/en/real-estate/flats/riga/centre/afjoe.html,Centre Stabu 2A,2,57,4/7,New,"184,500  €"
"Продается двухкомнатная квартира со всей мебелью , что на фото,",https://www.ss.com/msg/en/real-estate/flats/riga/sarkandaugava/nhfnm.html,Sarkandaugava Limbazhu 11,2,41,4/5,Chrusch.,"46,500  €"
"Pārdod gaišu 1 istabas dzīvokli Bišumuižā, Gulbju ielā 1.

Dzī",https://www.ss.com/msg/en/real-estate/flats/riga/katlakalns/dmgeh.html,Katlakalns Gulbju 1,1,24,2/2,Pre-war house,"28,560 €"
"Torņakalnā, Jelgavas ielā 68, vērienīgā, autentiskā projektā, ka",https://www.ss.com/msg/en/real-estate/flats/riga/tornjakalns/bilmf.html,Tornjakalns Jelgavas 68,3,66,2/2,Recon.,"235,000  €"
"Pārdod 2 istabu dzīvokli ar logiem kas vērsti uz pagalma pusi, t",https://www.ss.com/msg/en/real-estate/flats/riga/centre/afjbp.html,Centre Valmieras 6,2,34,3/3,Pre-war house,"31,800  €"
Pārdodas 104.sērijas vienistabas dzīvoklis vienā no labākajām Pļ,https://www.ss.com/msg/en/real-estate/flats/riga/plyavnieki/fgdkg.html,Plyavnieki Dravnieku 4,1,50,3/12,104-th,"51,800  €"
"Divas izolētas istabas, dzīvoklis ir noēnots un vasarā nav karst",https://www.ss.com/msg/en/real-estate/flats/riga/kengarags/bbkdlk.html,Kengarags Vizlas 6,2,49,1/5,Lit pr.,"42,000  €"
"Mājīgs 1-istabas dzīvoklis Centrā. 

Par īpašumu :
+ Mēbeles",https://www.ss.com/msg/en/real-estate/flats/riga/centre/fdknl.html,Centre Valmieras 32,1,20,1/2,Pre-war house,"22,500 €"
Tiek pārdots studio tipa dzīvoklis Ķengaragā. Bis sistēmā ir aps,https://www.ss.com/msg/en/real-estate/flats/riga/kengarags/ahbhl.html,Kengarags Prushu 21/2,1,17,1/4,Sm.fam.,"29,000  €"
Pārdošanā plašs 2 istabu dzīvoklis renovētā 8 dzīvokļu mājā Rīga,https://www.ss.com/msg/en/real-estate/flats/riga/centre/bcommc.html,Centre Tallinas 96,2,60,2/2,Recon.,"82,500  €"
"Plašs divistabu dzīvoklis ar augstiem griestiem 3, 25 gāzes apku",https://www.ss.com/msg/en/real-estate/flats/riga/agenskalns/bkgoel.html,Agenskalns Slokas 29,2,64,1/5,Pre-war house,"77,000  €"
Предлагается к продаже светлая и функциональная 2-комнатная квар,https://www.ss.com/msg/en/real-estate/flats/riga/centre/aebfc.html,Centre Chaka 121,2,54,6/6,Recon.,"72,000  €"
"Продается квартира в одноэтажном доме, отдельный вход со двора,",https://www.ss.com/msg/en/real-estate/flats/riga/centre/bclifc.html,Centre Maiznicas 4,2,65,1/1,Pre-war house,"53,000  €"
"Kombo -

- Dzīvokļa īpašums, 
- Domājamā daļa no zemes, 
- I",https://www.ss.com/msg/en/real-estate/flats/riga/centre/aehdc.html,Centre Dzirnavu 72,4,87,3/5,Recon.,"139,000  €"
Pārdošanā plašs 3 istabu dzīvoklis ar pabeigtiem apdares darbiem,https://www.ss.com/msg/en/real-estate/flats/riga/centre/aeljp.html,Centre Tallinas 96,3,76,2/2,Recon.,"117,900  €"
Продаю уютную двухкомнатную квартиру. Квартира оборудована бытов,https://www.ss.com/msg/en/real-estate/flats/riga/purvciems/adpjf.html,Purvciems Madonas 2,2,45,1/5,New,"96,000  €"
Pārdod plašu un gaišu 2 istabu dzīvokli Irlavas ielā 4 ar pazeme,https://www.ss.com/msg/en/real-estate/flats/riga/shampeteris-pleskodale/bxbkdl.html,Shampeteris-Pleskodale Irlavas 4,2,66,2/4,New,"120,000  €"
Pārdod gatavu ienesīgu biznesu pašā Vecrīgas sirdī. Oriģināls dz,https://www.ss.com/msg/en/real-estate/flats/riga/vecriga/adfgb.html,Vecriga Kaleju 61,1,36,2/3,Pre-war house,"120,000  €"
Piedāvājam rezervācijai divu istabu dzīvokli ar platību 46 m² vē,https://www.ss.com/msg/en/real-estate/flats/riga/centre/heonx.html,Centre Bruninieku 41,4,46,4/5,Pre-war house,"87,400  €"
Māju apsaimnieko dzīvokļu īpašnieku biedrība. Ēkai ir nomainīts,https://www.ss.com/msg/en/real-estate/flats/riga/yugla/afmxh.html,Yugla Murjanu 99,2,43,5/5,Lit pr.,"44,000  €"
Pārdošanā 2 istabu dzīvoklis Skanstē – lieliska iespēja izveidot,https://www.ss.com/msg/en/real-estate/flats/riga/centre/begpnc.html,Centre Tomsona 23,2,43,4/5,Chrusch.,"72,500  €"
Pārdošanā 2 istabu dzīvoklis renovētā 8 dzīvokļu mājā Rīgas cent,https://www.ss.com/msg/en/real-estate/flats/riga/centre/bclicm.html,Centre Tallinas 96,2,41,2/2,Recon.,"72,900  €"
2 istabu dzīvoklis ķieģeļu mājā ar individuālu gāzes apkuri un i,https://www.ss.com/msg/en/real-estate/flats/riga/darzciems/befhnn.html,Darzciems Zeltinu 61,2,47,1/2,Spec. pr.,"50,000  €"
"Pārdod 2 Istabu Dzīvokli – Silts, Saulains AR Skatu UZ Daugavu",https://www.ss.com/msg/en/real-estate/flats/riga/vecmilgravis/bbxbbx.html,Vecmilgravis Meldru 6,2,44,5/5,Chrusch.,"34,000  €"
Piedāvājam rezervācijai 3-istabu dzīvokli ar platību 73 m² vēstu,https://www.ss.com/msg/en/real-estate/flats/riga/centre/aenid.html,Centre Bruninieku 41,3,73,2/5,Pre-war house,"138,700  €"
Piedāvājam rezervācijai 4-istabu dzīvokli ar platību 82.8 m² vēs,https://www.ss.com/msg/en/real-estate/flats/riga/centre/agfho.html,Centre Bruninieku 41,4,83,3/5,Pre-war house,"157,320  €"
"Pārdod 2 istabu dzīvokli klusā un zaļā vietā. 

Dzīvoklis atro",https://www.ss.com/msg/en/real-estate/flats/riga/ilguciems/oidxe.html,Ilguciems Spilves 5A,2,46,1/2,Pre-war house,"39,000  €"
Attīstītājs piedāvā 2 istabu dzīvokli ar vēsturisku šarmu renovē,https://www.ss.com/msg/en/real-estate/flats/riga/agenskalns/afmio.html,Agenskalns M. Nometnu 24,2,67,5/5,New,"165,200  €"
"Stilīgs, ērts mājokļis un dzīves telpa urbānajam profesionālim,",https://www.ss.com/msg/en/real-estate/flats/riga/agenskalns/boxkp.html,Agenskalns M. Nometnu 24,1,29,1/5,Recon.,"83,275  €"
Īpašnieks pārdod telpas dzīvoklim/birojam pašā Rīgas centrā. Ir,https://www.ss.com/msg/en/real-estate/flats/riga/centre/diejg.html,Centre Tomsona 11,3,88,1/5,Stalin project,"140,800  €"
"Pārdošanā saulains 3 istabu dzīvoklis ar ērtu Plānojumu. 
Dzīvok",https://www.ss.com/msg/en/real-estate/flats/riga/kengarags/fkkxn.html,Kengarags Lokomotives 72,3,58,1/9,467-th,"50,000  €"
Pārdošanā pārdomāti iekārtots studio tipa dzīvoklis renovētā ēkā,https://www.ss.com/msg/en/real-estate/flats/riga/centre/gcjnl.html,Centre Barona 24/26,1,26,6/6,Recon.,"99,500  €"
"Jūsu jaunās mājas. 

Īstās dzīvokļa Krāsas nevar nodot caur bi",https://www.ss.com/msg/en/real-estate/flats/riga/plyavnieki/fmxkc.html,Plyavnieki Salnas 21,2,71,7/9,New,"119,000  €"
"Viens no retajiem Franču projekta dzīvokļiem Rīgā: 16. stāvs, te",https://www.ss.com/msg/en/real-estate/flats/riga/purvciems/bmhob.html,Purvciems Madonas 23,2,60,16/18,Spec. pr.,"66,300  €"
Собственник продает однокомнатную квартиру. Совмещенный санузел,https://www.ss.com/msg/en/real-estate/flats/riga/centre/ahbbm.html,Centre Bruninieku 93A,1,22,1/5,Pre-war house,"37,000  €"
Dzīvoklis vēsturiskā ēkā ar mūsdienu tehnoloģijām un izsmalcināt,https://www.ss.com/msg/en/real-estate/flats/riga/centre/hbplk.html,Centre Baznicas 7,5,155,3/5,Pre-war house,"595,000  €"
Продаю однокомнатную квартиру. Тихое место. Есть парковка. Обычн,https://www.ss.com/msg/en/real-estate/flats/riga/tornjakalns/acgcx.html,Tornjakalns Viesites 10,1,40,1/5,Sm.fam.,"35,500  €"
Piedāvājumā plašs un saulains četristabu dzīvoklis vienā no zaļā,https://www.ss.com/msg/en/real-estate/flats/riga/imanta/gxili.html,Imanta Viksnes 21,4,157,6/7,New,"258,000  €"
Šis gaišais studio tipa dzīvoklis Grīziņkalnā ir lieliska izvēle,https://www.ss.com/msg/en/real-estate/flats/riga/grizinkalns/bpnoko.html,Grizinkalns Sapieru 3b,1,31,1/5,New,"65,500  €"
Pārdodu plašu un gaismas piepildītu 4 istabu ģimenes dzīvokli vi,https://www.ss.com/msg/en/real-estate/flats/riga/imanta/bebbib.html,Imanta M. Krūmu 10,4,76,9/9,602-th,"89,900  €"
Piedāvājam iespēju iegādāties trīs istabu dzīvokli “Purvciema mā,https://www.ss.com/msg/en/real-estate/flats/riga/purvciems/idege.html,Purvciems Brantkalna 1A,3,69,3/7,New,"175,570  €"
"Izvēlies Magdalēnas kvartāls vietu, kur pilsēta satiekas ar Mier",https://www.ss.com/msg/en/real-estate/flats/riga/centre/cpfjx.html,Centre Antonijas 17A,3,142,2/6,New,"563,000  €"
Pārdošanā 2 istabu dzīvoklis 60 m² platībā vienā no Rīgas skaist,https://www.ss.com/msg/en/real-estate/flats/riga/centre/fcpoe.html,Centre Antonijas 20,2,60,6/7,Recon.,"225,000  €"
Pārdodam gaišu vienistabas dzīvokli. Lielisks piedāvājums remont,https://www.ss.com/msg/en/real-estate/flats/riga/maskavas-priekshpilseta/ajjxh.html,Latgales priekshpilset Ebreju 4,1,28,2/2,Pre-war house,"12,590  €"
Tiek pārdots gaišs 5 istabu dzīvoklis pamatīgā koka mājā. Lielis,https://www.ss.com/msg/en/real-estate/flats/riga/vecmilgravis/dcbgm.html,Vecmilgravis Gales 5,5,116,2/2,Pre-war house,"38,780  €"
New Hanza apartamenti projektā rezervēšanai ir pieejams trīsista,https://www.ss.com/msg/en/real-estate/flats/riga/centre/bcjbeo.html,Centre G. Kluca 10,3,71,2/9,New,"264,600 €"
Pillar attīstītajā New Hanza apartamenti projektā rezervēšanai i,https://www.ss.com/msg/en/real-estate/flats/riga/centre/bclfkb.html,Centre G. Kluca 10,4,90,8/9,New,"361,900  €"
Piedāvājam iespēju iegādāties divu istabu dzīvokli “Purvciema mā,https://www.ss.com/msg/en/real-estate/flats/riga/purvciems/gnegk.html,Purvciems Brantkalna 1A,2,53,1/7,New,"122,414  €"
"Dzīvot pie Daugavas pastaigas gar upi, zaļums aiz logiem un viss",https://www.ss.com/msg/en/real-estate/flats/riga/kengarags/noidi.html,Kengarags Latgales 258 k-7,2,43,2/5,Chrusch.,"60,000  €"
"Pārdošanā dzīvoklis Āgenskalnā, Bišu ielā 13.

Īpašnieks pārdo",https://www.ss.com/msg/en/real-estate/flats/riga/agenskalns/ixkgd.html,Agenskalns Bishu 13,4,49,2/2,Pre-war house,"37,000 €"
"Pārdod mājīgu 3-istabu dzīvokli Iļģuciemā, Vaidelotes ielā 18.",https://www.ss.com/msg/en/real-estate/flats/riga/ilguciems/bohpg.html,Ilguciems Vaidelotes 18,3,53,5/5,Chrusch.,"60,000  €"
"Pārdodam mājīgu, saulainu un energoefektīvu (A klase) pilnībā mē",https://www.ss.com/msg/en/real-estate/flats/riga/teika/fxfol.html,Teika Raunas 56,3,78,3/4,New,"218,000  €"
Piedāvājam iespēju iegādāties divu istabu dzīvokli “Dreiliņu pri,https://www.ss.com/msg/en/real-estate/flats/riga/dreilini/cfdcfm.html,Dreilini Valtera 1,2,50,3/9,New,"119,500  €"
"Pārdod plašu, kapitāli izremontētu 4 istabu dzīvokli Dārzciemā.",https://www.ss.com/msg/en/real-estate/flats/riga/darzciems/cffcnc.html,Darzciems Zundфnu 5,4,73,5/9,602-th,"95,000  €"
Piedāvājam iespēju iegādāties plašu trīs istabu dzīvokli “Dreili,https://www.ss.com/msg/en/real-estate/flats/riga/dreilini/cgoxxp.html,Dreilini Valtera 1,3,73,6/9,New,"173,200  €"
3-istabu apartaments ar saulainu terasi Rīgas klusajā centrā.,https://www.ss.com/msg/en/real-estate/flats/riga/centre/denlk.html,Centre Ganu 2,3,117,5/5,Pre-war house,"280,000  €"
Gaumīgs un skaisti iekārtots četru istabu dzīvoklis renovētā nam,https://www.ss.com/msg/en/real-estate/flats/riga/centre/bcikjd.html,Centre Alauksta 7,4,75,1/4,Recon.,"239,000  €"
"Pārdošanā pieejams studio tipa dzīvoklis ar saunu, dzakuzzi, duš",https://www.ss.com/msg/en/real-estate/flats/riga/vecriga/ceidj.html,Vecriga Meistaru 6,1,42,1/5,Pre-war house,"115,000  €"
"Moderns dzīvoklis, svaigi pēc kapitālā remonta ar atvērtā tipa p",https://www.ss.com/msg/en/real-estate/flats/riga/vecriga/nehhp.html,Vecriga Mucenieku 3,1,34,3/5,Recon.,"125,000  €"
Piedāvājam iespēju iegādāties divu istabu dzīvokli “Dreiliņu pri,https://www.ss.com/msg/en/real-estate/flats/riga/dreilini/cgoxxm.html,Dreilini Valtera 1,2,50,4/9,New,"118,100  €"
Divstāvīgs dzīvoklis ar privātmājas sajūtu ar 2 lielām terasēm u,https://www.ss.com/msg/en/real-estate/flats/riga/centre/cnopc.html,Centre Rupniecibas 50,4,140,5/5,New,"410,000  €"
Dzīvoklī ir nomainīti logi. Nomainīti stāvvadi. Zeme zem mājas i,https://www.ss.com/msg/en/real-estate/flats/riga/purvciems/dnjeb.html,Purvciems Brantkalna 11,3,75,1/9,119-th,"62,000  €"
"Продаётся уютная, светлая 1 комнатная квартира в тихом центре. У",https://www.ss.com/msg/en/real-estate/flats/riga/centre/hdfkk.html,Centre Zirnu 6,1,32,2/6,Chrusch.,"63,000  €"
Продажа двухуровневой квартиры в Дарзциемс с полной готовностью,https://www.ss.com/msg/en/real-estate/flats/riga/darzciems/bmoxih.html,Darzciems Rezeknes 27B,4,156,2/3,Spec. pr.,"370,000  €"
Piedāvājam iespēju iegādāties divu istabu dzīvokli “Dreiliņu pri,https://www.ss.com/msg/en/real-estate/flats/riga/dreilini/cfnckf.html,Dreilini Valtera 1,2,50,2/9,New,"115,600  €"
"Zeme īpašumā, pagalma māja, slēgts pagalms, ieeja no pagalma, kā",https://www.ss.com/msg/en/real-estate/flats/riga/centre/bdpgph.html,Centre Stabu 46,3,71,2/6,Pre-war house,"135,000  €"
"Продаю светлую, чистую, уютную квартиру. 

+ Ремонт в ванной (",https://www.ss.com/msg/en/real-estate/flats/riga/vecmilgravis/affok.html,Vecmilgravis Melidas 3-1,2,50,5/5,Lit pr.,"55,550 €"
Хорошая квартира после ремонта в уютном и тихом центре района; р,https://www.ss.com/msg/en/real-estate/flats/riga/vecmilgravis/cfjxx.html,Vecmilgravis Edzhina g. 9,3,68,1/5,Lit pr.,"60,000  €"
"Dzīvoklis energoefektīvā jaunajā projektā “Mimosa"". 

Dzīvokli",https://www.ss.com/msg/en/real-estate/flats/riga/imanta/befxjn.html,Imanta Akaciju 2F,4,78,8/9,New,"212,120  €"
"Mimosa- jauns, energoefektīvs dzīvokļu projekts Imantā. 

Trīs",https://www.ss.com/msg/en/real-estate/flats/riga/imanta/hxxnl.html,Imanta Akaciju 2F,4,78,4/9,New,"203,715  €"
"Jaunais projekts Mimosa ir radīts cilvēkiem, kas zina, ko vēlas.",https://www.ss.com/msg/en/real-estate/flats/riga/imanta/fbbni.html,Imanta Akaciju 2F,3,60,3/9,New,"155,900  €"
"Mimosa- jauns, energoefektīvs dzīvokļu projekts Imantā. 

Trīs",https://www.ss.com/msg/en/real-estate/flats/riga/imanta/bfdhxl.html,Imanta Akaciju 2F,4,72,1/9,New,"194,220  €"
"Izremontēts. Logi uz iekšpagalmu. Ļoti silts. Mēbeles. 
Mājīgs",https://www.ss.com/msg/en/real-estate/flats/riga/mangali/ahmcj.html,Mangali Ezera 17,2,39,1/2,Pre-war house,"44,000  €"
Tiek pārdots 2 istabu dzīvoklis ar divām izolētām istabām. Atsev,https://www.ss.com/msg/en/real-estate/flats/riga/imanta/bemhbn.html,Imanta Dubultu 20,2,50,2/5,Lit pr.,"52,750  €"
Piedāvājumā no attīstītāja 2-istabu dzīvoklis Nr. 14 prestižajā,https://www.ss.com/msg/en/real-estate/flats/riga/centre/acdgx.html,Centre Pulkv. Briezha 15,2,48,2/7,Recon.,"152,960  €"
"Tiek pārdots plašs 3 istabu dzīvoklis Rīgā, Īslīces ielā 1. Dzīv",https://www.ss.com/msg/en/real-estate/flats/riga/ziepniekkalns/elngg.html,Ziepniekkalns Islices 1,3,78,4/10,119-th,"90,000 €"
"Saules puse, mājās apsaimniekotais - dzīvokļu Reznas 10b sabiedr",https://www.ss.com/msg/en/real-estate/flats/riga/maskavas-priekshpilseta/gkgnb.html,Latgales priekshpilset Reznas 10b,1,26,5/5,Chrusch.,"30,000  €"
"Pārdod plašu 3 istabu dzīvokli pilsētas centrā, ēkas 5. stāvā.",https://www.ss.com/msg/en/real-estate/flats/riga/centre/agfgi.html,Centre Stabu 59,3,76,5/5,Pre-war house,"117,000  €"
"Pārdod plašu 3 istabu dzīvokli pilsētas centrā, ēkas 4. stāvā.",https://www.ss.com/msg/en/real-estate/flats/riga/centre/bciipe.html,Centre Stabu 59,3,68,4/5,Pre-war house,"103,000  €"
"Pārdod plašu 3 istabu dzīvokli pilsētas centrā, ēkas 2. stāvā.",https://www.ss.com/msg/en/real-estate/flats/riga/centre/fxghb.html,Centre Stabu 59,3,64,2/5,Pre-war house,"77,900  €"
"Īpašnieks pārdod gaišu divistabu dzīvokli 65, 3 m² jaunajā proje",https://www.ss.com/msg/en/real-estate/flats/riga/purvciems/cxcok.html,Purvciems Stirnu 1,2,65,7/9,New,"135,000  €"
"Pārdod plašu, mājīgu un funkcionāli izplānotu 2-istabas dzīvokli",https://www.ss.com/msg/en/real-estate/flats/riga/bierini/bdfxhc.html,Bierini Ives 3,2,46,3/3,Pre-war house,"109,200  €"
Attīstītājs piedāvā iegādāties dzīvokli pilnībā renovētā mājā Da,https://www.ss.com/msg/en/real-estate/flats/riga/maskavas-priekshpilseta/ahcfi.html,Latgales priekshpilset Daugavpils 10,2,31,3/4,Recon.,"77,300  €"
Pārdod dzīvokli Krasta ielas rajonā – pretī t/c Akropole Riga,https://www.ss.com/msg/en/real-estate/flats/riga/krasta-st-area/agkol.html,Krasta st. area Ritupes 30,3,64,5/9,467-th,"81,900  €"
Pārdod mājīgu un funkcionāli izplānotu 2-istabas dzīvokli (41.5,https://www.ss.com/msg/en/real-estate/flats/riga/bierini/ckebe.html,Bierini Ives 3,2,42,3/3,Pre-war house,"101,675  €"
"Mājā nodota ekspuatācījā. 

Dzīvokļi ar pilnu apdari renovētā",https://www.ss.com/msg/en/real-estate/flats/riga/centre/afpgc.html,Centre Zvaigzhnu 21,2,35,4/6,Recon.,"83,760  €"
"Gaišs un kluss 2 istabu dzīvoklis Teikā Brīvības gatvē

Pārdod",https://www.ss.com/msg/en/real-estate/flats/riga/teika/gjppe.html,Teika Brivibas g. 229,2,42,3/5,Spec. pr.,"61,900  €"
"Unikālais dzīvoklis ar balkonu, vienīgais projekta. 65.9 m2 dzīv",https://www.ss.com/msg/en/real-estate/flats/riga/centre/ddngl.html,Centre Lachplesha 36,3,68,2/5,Recon.,"260,305  €"
"Дом сдан в эксплуатацию. 
Полностью реновированный дом в самом",https://www.ss.com/msg/en/real-estate/flats/riga/centre/cxfpn.html,Centre Lachplesha 36,2,45,1/5,Recon.,"149,410  €"
Gaumīgs 3-istabu dzīvoklis mūsdienīgā dzīvojamajā kompleksā ar s,https://www.ss.com/msg/en/real-estate/flats/riga/plyavnieki/hbgmg.html,Plyavnieki Salnas 21,3,88,1/9,New,"159,900  €"
Attīstītājs piedāvā dzīvokļus pilnībā atjaunotā vēsturiskā ēkā R,https://www.ss.com/msg/en/real-estate/flats/riga/centre/bhxkd.html,Centre Lachplesha 36,2,36,4/5,Recon.,"127,050  €"
"Pārdošanā plašs un gaišs 3 istabu dzīvoklis Viestura prospektā,",https://www.ss.com/msg/en/real-estate/flats/riga/sarkandaugava/fghpp.html,Sarkandaugava Viestura pr. 95,3,95,9/11,New,"172,000  €"
"Katrīnas iela 5 ir vēsturiska daudzdzīvokļu ēka, kuras pirmsākum",https://www.ss.com/msg/en/real-estate/flats/riga/centre/amfbl.html,Centre Katrinas 5,2,36,2/4,Recon.,"97,104  €"
Pārdodam gaišu un plašu trīsistabu dzīvokli. Lielisks piedāvājum,https://www.ss.com/msg/en/real-estate/flats/riga/chiekurkalns/cifbh.html,Chiekurkalns Teraudlietuves 16,3,47,2/2,Pre-war house,"25,690  €"
Продаётся светлая и просторная квартира в тихом зелёном районе М,https://www.ss.com/msg/en/real-estate/flats/riga/mezhciems/ffjxp.html,Mezhciems Liduma 8,3,68,1/5,Lit pr.,"86,000  €"
Pārdodam gaišu un plašu trīsistabu dzīvokli Rīgas centrā. Lielis,https://www.ss.com/msg/en/real-estate/flats/riga/centre/adfjn.html,Centre Gertrudes 105,3,60,2/5,Pre-war house,"90,000  €"
Apartamenti īstiem pilsētas dzīves baudītājiem. Nāc un dzīvo – v,https://www.ss.com/msg/en/real-estate/flats/riga/centre/hdmob.html,Centre Skolas 20,3,130,3/6,Recon.,"389,000  €"
"Вблизи центра Риги. Благоустроенный район Марас сад, пруд Марас,",https://www.ss.com/msg/en/real-estate/flats/riga/agenskalns/bchnml.html,Agenskalns Gardenes 7,1,30,5/5,Chrusch.,"44,000  €"
Tiek pārdots silts un gaišs 2 istabu dzīvoklis specprojektā ar p,https://www.ss.com/msg/en/real-estate/flats/riga/shkirotava/ihlip.html,Shkirotava Lubanas 120,2,47,1/2,Spec. pr.,"38,890  €"
Pārdodam gaišu un plašu divistabu dzīvokli stabilā ķieģeļu mājā.,https://www.ss.com/msg/en/real-estate/flats/riga/agenskalns/godep.html,Agenskalns Bauskas 149,2,55,2/3,Pre-war house,"36,700  €"
Pārdodam gaišu un plašu divistabu dzīvokli stabilā ķieģeļu mājā.,https://www.ss.com/msg/en/real-estate/flats/riga/ziepniekkalns/ajbbb.html,Ziepniekkalns Bauskas 149,2,55,2/3,Pre-war house,"36,700  €"
Pārdodam gaišu un plašu divistabu dzīvokli stabilā ķieģeļu mājā.,https://www.ss.com/msg/en/real-estate/flats/riga/katlakalns/bhhie.html,Katlakalns Bauskas 149,2,55,2/3,Pre-war house,"36,700  €"
Tiek pārdots silts un gaišs 2 istabu dzīvoklis specprojektā ar p,https://www.ss.com/msg/en/real-estate/flats/riga/plyavnieki/ahilj.html,Plyavnieki Lubanas 120,2,47,1/2,Spec. pr.,"38,890  €"
"Pārdod dzīvokli jaunajā dzīvojamajā projektā Island Park, Zaķusa",https://www.ss.com/msg/en/real-estate/flats/riga/zakusala/cgchfl.html,Zakusala Zakusalas bund 27,3,84,1/3,New,"180,000  €"
"Pārdod dzīvokli jaunajā dzīvojamajā projektā, Rīgas centrā, Daug",https://www.ss.com/msg/en/real-estate/flats/riga/centre/bcilhf.html,Centre Krasta 1,1,28,3/3,New,"80,655  €"
Patiesi autentisks dzīvoklis prestižā vietā - Rīgas klusajā cent,https://www.ss.com/msg/en/real-estate/flats/riga/centre/bdpelc.html,Centre Vilandes 5,3,73,4/5,Recon.,"167,000  €"
"Terase, izsmalcināta arhitektūra un mūsdienīgs komforts – šis 3",https://www.ss.com/msg/en/real-estate/flats/riga/centre/bdpffx.html,Centre Valdemara 41a,3,64,5/7,New,"256,000  €"
Pārdod loft stila dzīvokli 28 m² pilsētas centrā. Īpašums ir per,https://www.ss.com/msg/en/real-estate/flats/riga/centre/bcjldn.html,Centre Birznieka-Upisha 20,1,28,4/6,New,"103,000  €"
Īpašnieks pārdod remontējamu dzīvokli. Ļoti izdevīga lokācija -,https://www.ss.com/msg/en/real-estate/flats/riga/kengarags/bedenh.html,Kengarags Prushu 22/2,2,42,1/5,Chrusch.,"32,500 €"
"Tikko pabeigts kapitālais remonts. 
Virtuves iekārta ar iebūvēt",https://www.ss.com/msg/en/real-estate/flats/riga/grizinkalns/cehopn.html,Grizinkalns Pernavas 30B,2,35,2/3,Pre-war house,"71,000  €"
"Pārdod gaišu, plašu dizainiski interesantu, saulainu dzīvokli Ķī",https://www.ss.com/msg/en/real-estate/flats/riga/kipsala/nppdf.html,Kipsala Oglu 26,3,104,3/3,New,"320,000  €"
"Pārdod gaišu 2 istabu dzīvokli Rostokas ielā 42, Rīgā

Piedāvā",https://www.ss.com/msg/en/real-estate/flats/riga/zolitude/afelb.html,Zolitude Rostokas 42,2,61,3/9,119-th,"73,000  €"
"Rīgas centra jaunajā projektā “Tērbatas dārzs”, kas atrodas Tērb",https://www.ss.com/msg/en/real-estate/flats/riga/centre/begoef.html,Centre Terbatas 78A,3,79,6/7,New,"322,000  €"
Piedāvājam iegādāties ērtu divistabu istabu dzīvokli vienā no ie,https://www.ss.com/msg/en/real-estate/flats/riga/yugla/aijmc.html,Yugla Silciema 15 k-4,2,46,1/5,Chrusch.,"45,000  €"
"Pārdod modernu 2 istabu dzīvokli pilnībā renovētā mājā. 

Gaiš",https://www.ss.com/msg/en/real-estate/flats/riga/kliversala/amlie.html,Kliversala Uzvaras boul. 3a,2,53,3/5,Recon.,"120,000  €"
"Piedāvājumā jauns, tikko izremontēts dzīvoklis, kur viss ir ļoti",https://www.ss.com/msg/en/real-estate/flats/riga/ziepniekkalns/ehcbn.html,Ziepniekkalns Zalenieku 21,2,57,1/4,New,"165,000  €"
"Lv/ru

Tiek pārdots 1-istabas dzīvoklis pie Mežaparka ieejas a",https://www.ss.com/msg/en/real-estate/flats/riga/chiekurkalns/bhlnf.html,Chiekurkalns Rusova 24,1,40,5/5,Sm.fam.,"33,500  €"
"Pārdošanā pieejams skaists dzīvoklis ar balkonu. 
Īpašums atrod",https://www.ss.com/msg/en/real-estate/flats/riga/imanta/bebpex.html,Imanta Jurmalas g. 82k1,2,47,8/10,New,"123,900  €"
Lielisks dzīvoklis pašā pilsētas centrā. Tas atrodas fasādes māj,https://www.ss.com/msg/en/real-estate/flats/riga/centre/gjodj.html,Centre Dzirnavu 55,5,135,2/4,Pre-war house,"270,000  €"
Premium 3 istabu dzīvoklis Mežaparka ielokā Kapitālais remonts P,https://www.ss.com/msg/en/real-estate/flats/riga/mangali/gcnbm.html,Mangali Ledurgas 24,3,61,7/9,467-th,"116,900  €"
Īsta pērle Vecrīgas sirdī pretī Sv. Pētera baznīcai. Pārdodas bē,https://www.ss.com/msg/en/real-estate/flats/riga/vecriga/bekchf.html,Vecriga Skarnu 7,Other,124,6/6,Pre-war house,"50,000  €"
"Pārdošanā mājīgs, pilnībā mēbelēts dzīvoklis renovētā mājā. Dzīv",https://www.ss.com/msg/en/real-estate/flats/riga/kliversala/hgjph.html,Kliversala Uzvaras boul. 3A,1,25,2/5,Recon.,"56,000  €"
"Продаётся трёхкомнатная квартира в кирпичной ""брежневке"" в Кенга",https://www.ss.com/msg/en/real-estate/flats/riga/kengarags/ibxij.html,Kengarags Lokomotives 20,3,56,3/5,Spec. pr.,"62,000  €"
"Pārdod mājīgu divu līmeņu studijas tipa dzīvokli Čiekurkalnā
Ti",https://www.ss.com/msg/en/real-estate/flats/riga/chiekurkalns/fifxe.html,Chiekurkalns Chiekurkalna 3. cr. l.,2,46,4/4,New,"108,000  €"
"Dzīvoklis, kurā varat īstenot savas dizaina idejas. 

Dzīvokli",https://www.ss.com/msg/en/real-estate/flats/riga/plyavnieki/beidnh.html,Plyavnieki Krustpils 73/2,2,47,1/3,Chrusch.,"32,000  €"
Projekts nodots ekspluatācijā un palikuši vien pēdējie dzīvokļi.,https://www.ss.com/msg/en/real-estate/flats/riga/darzciems/bmnjlx.html,Darzciems Rumbulas 14,2,48,4/5,New,"120,750  €"
Piedāvājam iespēju iegādāties plašu četru istabu dzīvokli “Dreil,https://www.ss.com/msg/en/real-estate/flats/riga/dreilini/cfjnjm.html,Dreilini Valtera 1B,4,81,2/4,New,"193,000  €"
"Pārdod plašas un funkcionālas telpas Rīgas centrā, kas šobrīd re",https://www.ss.com/msg/en/real-estate/flats/riga/centre/aechh.html,Centre Cesu 41 k-2,3,75,1/3,Pre-war house,"43,500  €"
4 istabu dzīvoklis mierīgā rajonā. Plaša viesistaba un 3 izolēta,https://www.ss.com/msg/en/real-estate/flats/riga/purvciems/bemmo.html,Purvciems Stirnu 37,4,75,4/9,602-th,"84,000  €"
Piedāvājam iespēju iegādāties plašu četru istabu dzīvokli “Dreil,https://www.ss.com/msg/en/real-estate/flats/riga/dreilini/cfncfp.html,Dreilini Valtera 1B,4,81,4/4,New,"197,000  €"
"Premium klases dzīvokļi Rīgas centrā – Lāčplēša ielā 36.

Ēka",https://www.ss.com/msg/en/real-estate/flats/riga/centre/chccp.html,Centre Lachplesha 36,3,69,5/5,Recon.,"261,060  €"
Attīstītājs piedāvā iegādāties dzīvokli pilnībā renovētā mājā Da,https://www.ss.com/msg/en/real-estate/flats/riga/centre/ahhxi.html,Centre Sadovnikova 30,2,29,2/5,Recon.,"70,800  €"
Moderns A+ energoefektivitātes klases 2 istabu dzīvoklis (nr. 36,https://www.ss.com/msg/en/real-estate/flats/riga/shampeteris-pleskodale/bbfedd.html,Shampeteris-Pleskodale Stendes 10,2,40,5/6,New,"118,000  €"
"Pārdošanā ir nonācis skaists, gaišs 2-istabu dzīvoklis Rīgas cen",https://www.ss.com/msg/en/real-estate/flats/riga/centre/dpied.html,Centre Stabu 33,2,47,2/2,Recon.,"85,000  €"
"Skanstes Virsotnes projektā, Skanstes ielā 29A, piedāvājumā gaiš",https://www.ss.com/msg/en/real-estate/flats/riga/centre/bcipdm.html,Centre Skanstes 29a,2,67,11/24,New,"178,000  €"
"Pārdošanā elegants 3 istabu dzīvoklis Ausekļa ielā 3, vēsturiska",https://www.ss.com/msg/en/real-estate/flats/riga/centre/beglii.html,Centre Ausekla 3,3,72,1/5,Pre-war house,"165,000  €"
Piedāvājam iespēju iegādāties plašu četru istabu dzīvokli “Dreil,https://www.ss.com/msg/en/real-estate/flats/riga/dreilini/acikc.html,Dreilini Valtera 1A,4,79,4/4,New,"181,400  €"
Ekskluzīvs un plašs dzīvoklis specprojektā ar lieliem logiem un,https://www.ss.com/msg/en/real-estate/flats/riga/zasulauks/gixkf.html,Zasulauks Tapeshu 25,2,58,5/5,Spec. pr.,"47,900  €"
Elegants 3-istabu dzīvoklis ar saunu pie Viesturdārza - Klusais,https://www.ss.com/msg/en/real-estate/flats/riga/centre/bgfjb.html,Centre Rupniecibas 21,3,94,2/7,New,"295,000  €"
"Ja Jūs novērtējat mājīgumu un komfortu, iegādei piedāvājam 2. is",https://www.ss.com/msg/en/real-estate/flats/riga/plyavnieki/bklnef.html,Plyavnieki Jasmuizhas 18/1,2,49,3/9,New,"94,900  €"
Pārdod ekonomisku dzīvokli skaistā vēsturiskā Staļina laikā celt,https://www.ss.com/msg/en/real-estate/flats/riga/mangali/pflnj.html,Mangali Ezera 1,2,58,4/4,Stalin project,"42,000  €"
"Pārdodu dzīvokli Staļina laika mājā. 
Dzīvoklis atrodas 2. stāv",https://www.ss.com/msg/en/real-estate/flats/riga/kengarags/apdnj.html,Kengarags Latgales 385,2,50,2/3,Stalin project,"58,000  €"
"Piedāvājam skaistu 2 istabu dzīvokli ar terasi Rīgas centrā. 
D",https://www.ss.com/msg/en/real-estate/flats/riga/centre/algxi.html,Centre Pulkv. Briezha 21,2,72,3/7,New,"241,000  €"
"Pārdod plašu un ļoti gaišu dzīvokli ar skaistu skatu. 
+Plašs u",https://www.ss.com/msg/en/real-estate/flats/riga/plyavnieki/gddih.html,Plyavnieki J. Vaciesha 2c,3,76,16/16,Spec. pr.,"74,500  €"
Pārdod 2 dzīvokļus (41 m²) ar apvienošanas iespēju un atsevišķu,https://www.ss.com/msg/en/real-estate/flats/riga/bierini/dbeln.html,Bierini Liepajas 37b,3,41,1/1,Pre-war house,"38,000 €"
"Продаётся светлая 3-комнатная квартира с балконом. 

Квартира",https://www.ss.com/msg/en/real-estate/flats/riga/sarkandaugava/ahjgd.html,Sarkandaugava Tvaika 54k-2,3,55,5/4,Chrusch.,"52,200  €"
"Plašs 3 istabu dzīvoklis Pļavniekos, Jasmuižas ielā. Piedāvājumā",https://www.ss.com/msg/en/real-estate/flats/riga/plyavnieki/ckifn.html,Plyavnieki Jasmuizhas 11,3,64,8/8,602-th,"79,800 €"
"Gaišs dzīvoklis ar pārdomātu plānojumu, kas tiek pārdots ar mēbe",https://www.ss.com/msg/en/real-estate/flats/riga/zolitude/afcnl.html,Zolitude Biezina 9,2,58,5/9,119-th,"77,500 €"
Īpašnieks pārdod gaišu un siltu divu istabu dzīvokli lieliskā vi,https://www.ss.com/msg/en/real-estate/flats/riga/yugla/chxko.html,Yugla Malienas 76,2,47,5/5,Lit pr.,"57,900 €"
Attīstītājs piedāvā iegādāties dzīvokli 1912. gadā celtā pirmska,https://www.ss.com/msg/en/real-estate/flats/riga/centre/afmhc.html,Centre Brivibas 190,1,29,4/6,Recon.,"46,746  €"
"Kluss, gaišs un saulains dzīvoklis Stabu ielā. 

Dzīvoklī ir 4",https://www.ss.com/msg/en/real-estate/flats/riga/centre/hcmbk.html,Centre Stabu 62a,4,109,3/5,Pre-war house,"220,000  €"
Attīstītājs un īpašnieks – kompāniju grupa “R. Evolution” – pārd,https://www.ss.com/msg/en/real-estate/flats/riga/centre/apchl.html,Centre Strelnieku 5,3,139,5/7,New,"583,000  €"
"Pārdodam dzīvokli Ostas prospektā 4, 5 stāvu mājas 4. stāvā. 
V",https://www.ss.com/msg/en/real-estate/flats/riga/mangali/dffon.html,Mangali Ostas pr. 4,2,47,4/5,Chrusch.,"42,000  €"
"Dzīvoklis kā privātmāja Rīgas centrā, rajonā starp veco jūgensti",https://www.ss.com/msg/en/real-estate/flats/riga/centre/cbojk.html,Centre Lenсu 1,5,162,3/3,Pre-war house,"305,000 €"
"Lv

Pārdod dzīvokli Vecrīgas sirdī. 

Plašs un gaumīgs dzīvo",https://www.ss.com/msg/en/real-estate/flats/riga/vecriga/exioc.html,Vecriga Kalku 2,2,54,2/5,Stalin project,"159,000  €"
Pārdod 2 istabu dzīvokli ar platību: 50 kv. m lietuviešu projekt,https://www.ss.com/msg/en/real-estate/flats/riga/imanta/aomhi.html,Imanta Dubultu 21,2,50,5/5,Lit pr.,"59,000  €"
"Plašs 4 istabu dzīvoklis klusā Teikas vietā Laukalnes ielā

Pā",https://www.ss.com/msg/en/real-estate/flats/riga/teika/bcijmm.html,Teika Launkalnes 6,4,69,2/2,Pre-war house,"75,000 €"
Plašs un gaumīgs 5 istabu dzīvoklis Pļavniekos – Saharova ielā 1,https://www.ss.com/msg/en/real-estate/flats/riga/plyavnieki/bkcxli.html,Plyavnieki Saharova 13,5,124,4/12,104-th,"176,100 €"
Pārdošanā nonākuši 2 atsevišķi dzīvokļa īpašumi ar domājamām daļ,https://www.ss.com/msg/en/real-estate/flats/riga/teika/bdnhxg.html,Teika Ropazhu 41,2,58,2/3,Pre-war house,"50,000  €"
"Gaišs 1-istabas dzīvoklis izcilā vietā Rīgas centrā. 

Par īpa",https://www.ss.com/msg/en/real-estate/flats/riga/centre/bedxdg.html,Centre J. Dalina 2,1,30,1/5,Chrusch.,"35,000  €"
"Pārdod gaišu 1-istabas dzīvokli Purvciemā, Pūces ielā 53

Sako",https://www.ss.com/msg/en/real-estate/flats/riga/purvciems/ecgom.html,Purvciems Puces 53,1,32,3/9,467-th,"46,000  €"
Teikas sirdī tiek piedāvāts pārdošanai plašs un mājīgi iekārtots,https://www.ss.com/msg/en/real-estate/flats/riga/teika/bdoohx.html,Teika Struktoru 13,2,74,4/4,Stalin project,"88,000  €"
"Ekskluzīvs skats uz Sv. Pētera baznīcu. 

Dzīvoklis atrodas re",https://www.ss.com/msg/en/real-estate/flats/riga/vecriga/cidki.html,Vecriga Grecinieku 11,3,76,4/5,Recon.,"169,000  €"
"Продаётся уютная квартира у парка и моря. 

Квартира освобожде",https://www.ss.com/msg/en/real-estate/flats/riga/daugavgriva/amfjx.html,Daugavgriva Parades 16,2,53,4/5,103-th,"36,500  €"
"Pārdod skaistu, pilnībā mēbelētu 3 istabu dzīvokli Rīgas centrā,",https://www.ss.com/msg/en/real-estate/flats/riga/centre/bedfpb.html,Centre Chaka 30a,3,70,6/7,Recon.,"235,000  €"
Продаётся просторная двухкомнатная квартира в кирпичном доме ста,https://www.ss.com/msg/en/real-estate/flats/riga/teika/aibed.html,Teika Brivibas g. 211,2,55,3/5,Stalin project,"70,000  €"
Владелец продает 2-х комнатную квартиру. Одна комната проходная;,https://www.ss.com/msg/en/real-estate/flats/riga/yugla/cxfeb.html,Yugla Malienas 64,2,47,5/5,Chrusch.,"37,000  €"
Jūsu uzmanībai stilīgs 3 istabu dzīvoklis pilsētas centrā pēc ka,https://www.ss.com/msg/en/real-estate/flats/riga/centre/adbgb.html,Centre Lugazhu 6,3,62,4/5,Lit pr.,"97,000  €"
"Pretī parkam tiek piedāvāts silts, gaišs un mājīgs trīsistabu dz",https://www.ss.com/msg/en/real-estate/flats/riga/maskavas-priekshpilseta/cmome.html,Latgales priekshpilset Lomonosova 2,3,47,2/4,Pre-war house,"59,900  €"
"Pārdod 2 istabu dzīvokli Čiekurkalnā – 27, 1 m², 24 000 € Cena i",https://www.ss.com/msg/en/real-estate/flats/riga/chiekurkalns/bhklm.html,Chiekurkalns Saulkrastu 2,2,27,1/2,Stalin project,"24,000 €"
Pārdodas nekustamais īpašums ar milzīgu potenciālu pašā Rīgas si,https://www.ss.com/msg/en/real-estate/flats/riga/centre/bednkg.html,Centre Blaumana 25,3,82,1/5,Pre-war house,"88,000  €"
"Īpašnieks pārdod divstāvu penthausu ar pilnu apdari, dzīvoklis a",https://www.ss.com/msg/en/real-estate/flats/riga/centre/gfogx.html,Centre Rupniecibas 50,5,138,6/7,New,"410,000 €"
"Продаётся 3х комнатная квартира в Илгуциемсе, со свежим косметич",https://www.ss.com/msg/en/real-estate/flats/riga/ilguciems/afhlk.html,Ilguciems Lilijas 15a,3,54,5/5,Chrusch.,"56,000  €"
Unikāls 130 m² dzīvoklis Rīgas centrā ar autostāvvietu un iespēj,https://www.ss.com/msg/en/real-estate/flats/riga/centre/bebdxd.html,Centre Lachplesha 70B,5,130,3/6,Pre-war house,"230,000  €"
Pārdod mājīgu un labiekārtotu 2 istabu dzīvokli ļoti labā stāvok,https://www.ss.com/msg/en/real-estate/flats/riga/teika/bexjjn.html,Teika Bikernieku 16A,2,55,4/5,New,"145,000 €"
"Mājīgs divistabu dzīvoklis, 45 kv. m, 1/12 st. , specproj. 
Ist",https://www.ss.com/msg/en/real-estate/flats/riga/yugla/cxxkc.html,Yugla Vidzemes al. 1,2,45,1/12,Spec. pr.,"49,000  €"
"3 istabu dzīvoklis Vecmīlgrāvī, bez starpniekiem
Pārdod gaišu u",https://www.ss.com/msg/en/real-estate/flats/riga/vecmilgravis/fgcki.html,Vecmilgravis Kavu 10,3,68,5/5,Lit pr.,"52,300  €"
"Pārdod saulainu 2 istabu dzīvokli pirmskara mājā

Lielisks cen",https://www.ss.com/msg/en/real-estate/flats/riga/agenskalns/bbohii.html,Agenskalns Bauskas 149,2,55,2/3,Pre-war house,"36,500  €"
"Pārdodu 1-istabas dzīvokli Rīgas centrā, ļoti labā vietā, strauj",https://www.ss.com/msg/en/real-estate/flats/riga/centre/acxpj.html,Centre Asara 12a,1,21,1/2,Pre-war house,"15,499  €"
"Pārdod 2 istabu dzīvokli, Kalnciema ielā 1, 3 korpuss mājā, kas",https://www.ss.com/msg/en/real-estate/flats/riga/agenskalns/blgdol.html,Agenskalns Kalnciema 1 k3,2,40,2/5,Chrusch.,"68,000  €"
Pārdod pilnībā izremontētu 2 istabu dzīvokli. Dzīvoklis atrodas,https://www.ss.com/msg/en/real-estate/flats/riga/ilguciems/ohnde.html,Ilguciems Dzirciema 74,2,42,3/5,Chrusch.,"68,000  €"
"Pārdod mājīgu un siltu dzīvokli Čehu projektā ar lodžiju. 

-D",https://www.ss.com/msg/en/real-estate/flats/riga/kengarags/bdmkjd.html,Kengarags Aglonas 2,1,36,6/12,Czech pr.,"40,498  €"
Pārdošanā 2-istabu dzīvoklis. Zeme ietilpst īpašuma sastāvā. Ist,https://www.ss.com/msg/en/real-estate/flats/riga/imanta/cphmi.html,Imanta Dammes 33,2,49,4/5,Lit pr.,"54,800  €"
"Pārdod pilnvērtīgu 3.istabu dzīvokli ar balkonu. 

-Dzīvoklis",https://www.ss.com/msg/en/real-estate/flats/riga/maskavas-priekshpilseta/cflifb.html,Latgales priekshpilset Latgales 254 k3,3,61,4/5,Lit pr.,"54,798  €"
Pārdošanā 3 istabu dzīvoklis (divas atsevišķas guļamistabas) pro,https://www.ss.com/msg/en/real-estate/flats/riga/teika/agnmd.html,Teika Ropazhu 12,3,124,2/9,New,"225,000 €"
"Pārdodu 1-istabas dzīvokli pirmskara mūra mājā, 4/5 stāvs. Dzīvo",https://www.ss.com/msg/en/real-estate/flats/riga/sarkandaugava/adcfh.html,Sarkandaugava Sarkandaugavas 19a,1,25,4/5,Pre-war house,"16,500  €"
Продаю 1 комнатную квартиру со всеми удобствами. Зарегистрирован,https://www.ss.com/msg/en/real-estate/flats/riga/centre/gggnf.html,Centre Bruninieku 92B,1,32,2/3,Pre-war house,"36,000  €"
2-istabu dzīvoklis ar plašu terasi un skatu uz pievilcīgu pilsēt,https://www.ss.com/msg/en/real-estate/flats/riga/centre/dblce.html,Centre Stabu 77,2,79,6/6,Recon.,"135,000  €"
Tikko pēc remonta – gaišs 2 izolētu istabu dzīvoklis renovētā un,https://www.ss.com/msg/en/real-estate/flats/riga/ilguciems/cjndj.html,Ilguciems Palangas 6,2,49,1/5,Recon.,"64,500  €"
"Izolētas istabas, lodžija, pakešu logi, remonts, met. durvis, mē",https://www.ss.com/msg/en/real-estate/flats/riga/vecmilgravis/ahgki.html,Vecmilgravis Meldru 24,3,61,4/5,Lit pr.,"55,000  €"
"Iek pārdots 3. istabas dzīvoklis. 
+dzīvoklis nav stūra
+nomai",https://www.ss.com/msg/en/real-estate/flats/riga/purvciems/eoxkx.html,Purvciems Dzelzavas 35,3,61,6/9,602-th,"62,000  €"
Удобная квартира в хорошей локации - до Даугавы только десятки м,https://www.ss.com/msg/en/real-estate/flats/riga/kengarags/fcxfb.html,Kengarags Latgales 268,2,45,5/5,Lit pr.,"39,900  €"
"Tiek pārdots 2 istabu dzīvoklis Ķengaragā
Gaišs un mājīgs dzīvo",https://www.ss.com/msg/en/real-estate/flats/riga/kengarags/bcfin.html,Kengarags Latgales 285/5,2,45,3/5,Lit pr.,"70,000 €"
"Gaišs un plašs dzīvoklis bez remonta renovētā namā. 
Dzīvokļa p",https://www.ss.com/msg/en/real-estate/flats/riga/centre/bcxnje.html,Centre Lachplesha 35,3,89,3/6,Recon.,"147,378  €"
"Ļoti gaišs, pilnībā atjaunots 3 istabu dzīvoklis 6. stāvā, foršā",https://www.ss.com/msg/en/real-estate/flats/riga/centre/affgx.html,Centre Avotu 8k - 1,3,64,6/6,Pre-war house,"158,000  €"
"Īpašnieks pārdod 2 istabu dzīvokli Ķengaragā, Lokomotīves ielā 4",https://www.ss.com/msg/en/real-estate/flats/riga/kengarags/ambxl.html,Kengarags Lokomotives 46,2,49,3/5,Lit pr.,"45,300 €"
Pārdošanā plašs dzīvoklis vienā no pieprasītākajām Rīgas centra,https://www.ss.com/msg/en/real-estate/flats/riga/centre/bcohxb.html,Centre Skolas 22a,3,125,2/6,Pre-war house,"227,000  €"
Эксклюзивная и просторная квартира в спецпроекте с большими окна,https://www.ss.com/msg/en/real-estate/flats/riga/agenskalns/blfpdj.html,Agenskalns Tapeshu 25,2,58,5/5,Spec. pr.,"47,900  €"
Pārdošanā gaišs un mājīgs studijas tipa mansarda dzīvoklis pilnī,https://www.ss.com/msg/en/real-estate/flats/riga/centre/ehxci.html,Centre Artilerijas 52,1,28,5/5,Recon.,"95,000  €"
Plašs 3 guļamistabu dzīvoklis ar panorāmas skatu uz Daugavu un P,https://www.ss.com/msg/en/real-estate/flats/riga/kliversala/djjpc.html,Kliversala Kugu 28,4,172,5/7,New,"980,000  €"
Pārdod elegantu klasiskā stila dzīvokli pilnībā renovētā jūgends,https://www.ss.com/msg/en/real-estate/flats/riga/centre/gcjkg.html,Centre Alberta 1,5,161,2/5,Recon.,"770,000  €"
Pārdošanā gaišs un telpisks dzīvoklis 157.7 m2 platībā vienā no,https://www.ss.com/msg/en/real-estate/flats/riga/centre/bcbchl.html,Centre Maiznicas 12,5,158,4/5,Pre-war house,"350,000  €"
Pārdod divu līmeņu dzīvokli ar iespēju pabeigt apdari pēc saviem,https://www.ss.com/msg/en/real-estate/flats/riga/centre/bclxnb.html,Centre Eksporta 12,5,108,7/7,Recon.,"220,000  €"
"Īpašnieks pārdod plašu, gaišu 2-istabu mansarda dzīvokli pilnībā",https://www.ss.com/msg/en/real-estate/flats/riga/centre/bclghf.html,Centre Stabu 99,2,67,6/6,Recon.,"138,000  €"
Īpašnieks pārdod telpas dzīvoklim/birojam pašā Rīgas centrā. Ir,https://www.ss.com/msg/en/real-estate/flats/riga/centre/eockg.html,Centre Tomsona 11,3,83,1/5,Stalin project,"133,270  €"
A+ energoefektivitātes klases 2 istabu dzīvoklis (nr. 3) pieejam,https://www.ss.com/msg/en/real-estate/flats/riga/shampeteris-pleskodale/bbcfjx.html,Shampeteris-Pleskodale Stendes 10,2,41,1/6,New,"96,000  €"
Attīstītājs piedāvā iegādāties dzīvokli pilnībā renovētā mājā Da,https://www.ss.com/msg/en/real-estate/flats/riga/maskavas-priekshpilseta/blfonm.html,Latgales priekshpilset Daugavpils 12,2,43,2/5,Recon.,"105,200  €"
Продаю земля в собственности. Железная дверь. Стеклопакеты. Балк,https://www.ss.com/msg/en/real-estate/flats/riga/dzeguzhkalns/ekbkx.html,Dzeguzhkalns Daugavgrivas 74a,1,30,6/12,Spec. pr.,"32,900  €"
"Tiek pārdots dzīvoklis Līksnas ielā 20, Rīgā. 
Kopējā platība:",https://www.ss.com/msg/en/real-estate/flats/riga/maskavas-priekshpilseta/bcjedf.html,Latgales priekshpilset Liksnas 20,3,35,1/2,Pre-war house,"17,000  €"
"Iegādei pieejams 3-istabu dzīvoklis 78 m² platībā, kas atrodas m",https://www.ss.com/msg/en/real-estate/flats/riga/agenskalns/bejnmd.html,Agenskalns Ranka d. 30,3,78,15/30,New,"252,739  €"
"Pārdod gaišu un mājīgu 3 istabu dzīvokli Pļavniekos
Pārdod saul",https://www.ss.com/msg/en/real-estate/flats/riga/plyavnieki/cphhh.html,Plyavnieki Grestes 6,3,62,5/9,602-th,"95,000  €"
Piedāvājam iegādāties modernu 3 istabu dzīvokli ar pilnu apdari,https://www.ss.com/msg/en/real-estate/flats/riga/centre/agleo.html,Centre Blaumana 20,2,68,2/7,New,"267,900  €"
"Iegādei pieejams 2-istabu dzīvoklis 68.1 m² platībā, kas atrodas",https://www.ss.com/msg/en/real-estate/flats/riga/agenskalns/biginp.html,Agenskalns Ranka d. 30,2,68,14/30,New,"242,501  €"
"Katrīnas iela 5 ir vēsturiska daudzdzīvokļu ēka, kuras pirmsākum",https://www.ss.com/msg/en/real-estate/flats/riga/centre/bocli.html,Centre Katrinas 5,4,95,3/4,Recon.,"273,105  €"
"Pārdod mūsdienīgu, mājīgu un pilnībā aprīkotu 3 istabu dzīvokli",https://www.ss.com/msg/en/real-estate/flats/riga/sarkandaugava/dnlll.html,Sarkandaugava Patversmes 30,3,65,4/4,Stalin project,"148,000 €"
"Iegādei pieejams 1-istabas dzīvoklis 40.5 m² platībā, kas atroda",https://www.ss.com/msg/en/real-estate/flats/riga/agenskalns/bjoplo.html,Agenskalns Ranka d. 30,1,41,14/30,New,"144,383  €"
"Katrīnas iela 5 ir vēsturiska daudzdzīvokļu ēka, kuras pirmsākum",https://www.ss.com/msg/en/real-estate/flats/riga/centre/bcojbk.html,Centre Katrinas 5,3,66,4/4,Recon.,"185,736  €"
"Dzīvoklis atrodas Juglas rajonā, klusā daļā. Dzīvokļa logi vērst",https://www.ss.com/msg/en/real-estate/flats/riga/yugla/aopdl.html,Yugla Ciemupes 1,3,99,1/10,New,"210,000  €"
"Продается квартира, которая используется в настоящий момент, как",https://www.ss.com/msg/en/real-estate/flats/riga/centre/ccmbf.html,Centre Brivibas 114,3,48,1/6,Pre-war house,"52,000  €"
"Katrīnas iela 5 ir vēsturiska daudzdzīvokļu ēka, kuras pirmsākum",https://www.ss.com/msg/en/real-estate/flats/riga/centre/feigo.html,Centre Katrinas 5,2,37,2/4,Recon.,"99,736  €"
"Divu istabu dzīvoklis jaunā projektā Rīgas centrā. 
Unikāla ies",https://www.ss.com/msg/en/real-estate/flats/riga/centre/aenkm.html,Centre Blaumana 20,2,57,4/7,New,"243,100  €"
"Katrīnas iela 5 ir vēsturiska daudzdzīvokļu ēka, kuras pirmsākum",https://www.ss.com/msg/en/real-estate/flats/riga/centre/gpiik.html,Centre Katrinas 5,3,53,2/4,Recon.,"150,858  €"
For sale: a renovated 3-room apartment in a green and peaceful a,https://www.ss.com/msg/en/real-estate/flats/riga/ilguciems/adflg.html,Ilguciems Riekstu 15,3,67,5/5,Lit pr.,"85,000  €"
Pārdod plašu 6 istabu dzīvokli Mežaparkā ar iespēju izveidot div,https://www.ss.com/msg/en/real-estate/flats/riga/mezhapark/beijhm.html,Mezhapark Sudrabu Edzhus 22,6,134,2/2,Recon.,"259,000 €"
Iegādei pieejams elegants 2 istabu dzīvoklis Rīgas prestižajā Kl,https://www.ss.com/msg/en/real-estate/flats/riga/centre/ghffc.html,Centre Pulkv. Briezha 10,2,46,5/5,Recon.,"174,267  €"
"Piedāvājam neatkārtojamu penthouse dzīvokli ar 3 guļamistabām, m",https://www.ss.com/msg/en/real-estate/flats/riga/tornjakalns/dgoeo.html,Tornjakalns Tornakalna 2,4,178,5/5,New,"399,000  €"
Remontējams vienistabas dzīvoklis mazģimeņu projektā Pļavniekos.,https://www.ss.com/msg/en/real-estate/flats/riga/plyavnieki/bebcld.html,Plyavnieki Dzenu 6,1,39,4/5,Sm.fam.,"32,000  €"
Dzīvoklis Madonas ielā 27 piedāvā ērtu un praktisku dzīves vidi,https://www.ss.com/msg/en/real-estate/flats/riga/purvciems/dixlo.html,Purvciems Madonas 27,2,60,2/9,119-th,"64,500  €"
"Pārdošanā ekskluzīvs, dizaineru veidots un pilnībā aprīkots dzīv",https://www.ss.com/msg/en/real-estate/flats/riga/centre/bcjdbj.html,Centre Brivibas 92,2,61,3/5,Recon.,"149,900  €"
3 stāvu dzīvoklis rindu mājā atrodas privātajā sektorā. Slēgts p,https://www.ss.com/msg/en/real-estate/flats/riga/teika/feole.html,Teika Vaveres 4,4,168,3/3,New,"240,000  €"
"Pārdod saulainu, siltu divistabu dzīvokli Imantas zaļākajā vietā",https://www.ss.com/msg/en/real-estate/flats/riga/imanta/cbmgk.html,Imanta Kleistu 11,2,59,4/16,New,"125,000  €"
"Tiek pārdots 3 istabu dzīvoklis projektā ""Vāgnera Rezidence"" Vec",https://www.ss.com/msg/en/real-estate/flats/riga/centre/bcleld.html,Centre Teatra 7,3,86,2/4,New,"300,000  €"
"Dzīvoklis ar terasi renovētā ēkā. 
Plānojums:
virtuve-viesista",https://www.ss.com/msg/en/real-estate/flats/riga/centre/ajbcx.html,Centre Vagnera 20,4,101,2/3,Recon.,"311,860  €"
"Piedāvājumā dzīvokļi unikālā koncepta projektā Brooklyn Gates, D",https://www.ss.com/msg/en/real-estate/flats/riga/maskavas-priekshpilseta/bfeonm.html,Latgales priekshpilset Daugavpils 57,3,49,3/5,Recon.,"76,850  €"
"Viesturdārza Rezidence ir dzīvojamā ēka Rīgas klusajā centrā, ku",https://www.ss.com/msg/en/real-estate/flats/riga/centre/acike.html,Centre Vashingtona pl. 2,1,22,4/6,Recon.,"92,820  €"
Pārdod pilnībā mēbelētu un ar sadzīves tehniku aprīkotu dzīvokli,https://www.ss.com/msg/en/real-estate/flats/riga/vecriga/cfefl.html,Vecriga Kungu 25,2,95,5/5,New,"245,000  €"
Pārdodam savu gaišo un mājīgo 1 istabas dzīvokli Slāvu ielā. Dzī,https://www.ss.com/msg/en/real-estate/flats/riga/plyavnieki/gecmk.html,Plyavnieki Slavu 23,1,33,8/9,467-th,"40,600  €"
"Piedāvājam iegādāties plašu un gaišu divas istabu dzīvokli. 
Dz",https://www.ss.com/msg/en/real-estate/flats/riga/bolderaya/fpogb.html,Bolderaya Gobas 20,2,55,4/9,Spec. pr.,"45,800  €"
Unikāls 7- istabu dzīvoklis pašā Daugavas krastā ar skatu uz Āge,https://www.ss.com/msg/en/real-estate/flats/riga/kliversala/kmexd.html,Kliversala Trijadibas 1A,Other,250,3/7,New,"1,190,000  €"
"Pārdod mājīgu trīsistabu dzīvokli 75 m² platībā, 119. sērijas mā",https://www.ss.com/msg/en/real-estate/flats/riga/purvciems/feffe.html,Purvciems Virshu 13,3,75,2/9,119-th,"82,500  €"
Mājīgs A+ energoefektivitātes klases 2 istabu dzīvoklis (nr. 28),https://www.ss.com/msg/en/real-estate/flats/riga/shampeteris-pleskodale/bejxnx.html,Shampeteris-Pleskodale Stendes 10,2,40,4/6,New,"118,000  €"
"Dzīvoklim ir ērts un parocīgs plānojums - viesistaba, guļamistab",https://www.ss.com/msg/en/real-estate/flats/riga/purvciems/bexxmg.html,Purvciems Ilukstes 99,2,58,2/16,Spec. pr.,"52,500  €"
Pārdošanā plašs un funkcionāls 5 istabu dzīvoklis klusā pilsētas,https://www.ss.com/msg/en/real-estate/flats/riga/centre/cxcdd.html,Centre Hospitalu 36A,5,146,6/6,Pre-war house,"243,000  €"
Pārdod gaišu 3 istabu dzīvokli ar augstiem griestiem un skatu uz,https://www.ss.com/msg/en/real-estate/flats/riga/ilguciems/eokjo.html,Ilguciems Lilijas 28,3,70,2/6,New,"158,000  €"
"Piedāvājam iegādāties īpašumu, kurā apvienota pilsētas ērtības a",https://www.ss.com/msg/en/real-estate/flats/riga/plyavnieki/enxmf.html,Plyavnieki Dravnieku 1-k1,3,68,9/10,New,"171,500  €"
Ideālā zaļajā zonā Mežaparkā blakus Kīšezeram liels 3 istabu dzī,https://www.ss.com/msg/en/real-estate/flats/riga/mezhapark/bfnkm.html,Mezhapark Ezermalas 2a,3,80,2/12,Czech pr.,"83,000  €"
Pilnībā mēbelēts 2 istabu studio dzīvoklis ar privātu terasi pre,https://www.ss.com/msg/en/real-estate/flats/riga/centre/bcoepi.html,Centre Chaka 30A,2,42,1/7,Recon.,"140,000  €"
"Dzīvoklis ir normalā stāvoklī, nav stūras, zeme īpašumā, silts,",https://www.ss.com/msg/en/real-estate/flats/riga/yugla/ahjxh.html,Yugla Silciema 5,2,44,1/5,Chrusch.,"48,000  €"
Pārdod trīslīmeņu dzīvokli stratēģiski izdevīgā lokācijā E. Birz,https://www.ss.com/msg/en/real-estate/flats/riga/centre/clxkk.html,Centre Birznieka-Upisha 6,3,71,2/3,Pre-war house,"104,900  €"
"Tiek pārdots brīnišķīgs, gaišs dzīvoklis ar tikko veiktu kapitāl",https://www.ss.com/msg/en/real-estate/flats/riga/kengarags/eblnb.html,Kengarags Salaspils 6 k. 4,2,39,4/5,Lit pr.,"58,500  €"
Pārdodu 2 istabu dzīvokli jaunajā projektā pēc kvalitatīva remon,https://www.ss.com/msg/en/real-estate/flats/riga/centre/cigee.html,Centre Katrinas d. 14,2,52,2/3,New,"136,250  €"
"Saulains 3 istabu dzīvoklis pirmskara ēkā Rīgas Centrā. 

Dzīv",https://www.ss.com/msg/en/real-estate/flats/riga/centre/gcefc.html,Centre Valdemara 123,3,67,5/6,Pre-war house,"80,000  €"
Kluss un saulains 2 istabu dzīvoklis “City Zen” ar autostāvvietu,https://www.ss.com/msg/en/real-estate/flats/riga/imanta/afpij.html,Imanta Viksnes 21,2,63,7/1,Spec. pr.,"138,000 €"
"Silts, gaišs dzīvoklis ķieģeļu mājā. Plaša istaba – 21, 6 m², vi",https://www.ss.com/msg/en/real-estate/flats/riga/mezhapark/bbdxb.html,Mezhapark Viestura pr. 97,1,35,6/9,Spec. pr.,"42,500  €"
"Pārdod 2-istabu dzīvokli Torņakalnā - Pilns Remonts, klusa vieta",https://www.ss.com/msg/en/real-estate/flats/riga/tornjakalns/cncgj.html,Tornjakalns Mukusalas 35,2,28,1/2,Pre-war house,"54,000  €"
"Pārdod divistabu dzīvokli Rīgā – Melīdas ielā 3 k-1, Vecmīlgrāvī",https://www.ss.com/msg/en/real-estate/flats/riga/vecmilgravis/dgmbm.html,Vecmilgravis Melidas 3/1,2,36,2/5,Lit pr.,"43,000  €"
"Pārdodam kvalitatīvi izremontētu, ļoti siltu dzīvokli, kurš atro",https://www.ss.com/msg/en/real-estate/flats/riga/shampeteris-pleskodale/ablje.html,Shampeteris-Pleskodale Volguntes 17a,2,40,1/2,Recon.,"78,700  €"
"3-istabu dzīvoklis Āgenskalnā, Rododendru ielā 7
Mājīgs, silts",https://www.ss.com/msg/en/real-estate/flats/riga/agenskalns/adobf.html,Agenskalns Rododendru 7,3,60,4/5,Spec. pr.,"65,000  €"
"Trīsistabu dzīvoklis pie Latgales parka Balvu ielā 7
Pārdod 3 i",https://www.ss.com/msg/en/real-estate/flats/riga/maskavas-priekshpilseta/gibmo.html,Latgales priekshpilset Balvu 7,3,59,4/5,Chrusch.,"54,000  €"
Владелец продаёт 1-комнатную квартиру 103серии в тихом спокойном,https://www.ss.com/msg/en/real-estate/flats/riga/shampeteris-pleskodale/elkmf.html,Shampeteris-Pleskodale Zalves 52,1,33,5/5,103-th,"46,700  €"
"Ekskluzīvs dzīvoklis ar panorāmas skatu uz upi, pilsētu un Vanšu",https://www.ss.com/msg/en/real-estate/flats/riga/agenskalns/cxbefn.html,Agenskalns Ranka d. 31,2,55,3/4,Recon.,"169,000 €"
"Istaba ir 23 kvadrātmetru liela, un tajā visā sienas garumā atro",https://www.ss.com/msg/en/real-estate/flats/riga/purvciems/fmhee.html,Purvciems Virshu 4,1,49,3/12,104-th,"58,000  €"
Piedāvājam iegādāties 45m² plašas puspagraba telpas mūra ēkā Rīg,https://www.ss.com/msg/en/real-estate/flats/riga/centre/acdgj.html,Centre Bruninieku 68A,1,45,1/4,Pre-war house,"29,500  €"
Pārdošanā plašs divu līmeņu 4 istabu dzīvoklis ar lielu terasi J,https://www.ss.com/msg/en/real-estate/flats/riga/yugla/gmkkd.html,Yugla Juglas 21A,4,110,1/2,New,"250,000  €"
Īpašnieks piedāvā par izdevīgu cenu iegādāties 2-istabu dzīvokli,https://www.ss.com/msg/en/real-estate/flats/riga/kengarags/bedgg.html,Kengarags Latgales 268,2,43,4/5,Lit pr.,"37,800  €"
"Pašā Rīgas centrā, blakus Vērmanes darzam, piedāvājam dzīvokli,",https://www.ss.com/msg/en/real-estate/flats/riga/centre/fdkjk.html,Centre Kalnina 6,2,61,2/6,Pre-war house,"172,000  €"
Īpašnieks pārdod dzīvokli pēc tikko pabeigta kapitālā remonta. D,https://www.ss.com/msg/en/real-estate/flats/riga/kengarags/fjpeg.html,Kengarags Latgales 285,2,45,2/5,Lit pr.,"70,000  €"
"Blaumaņa iela 12, Rīga 64 m² 250 000 Eur

Pārdošanā elegants u",https://www.ss.com/msg/en/real-estate/flats/riga/centre/bepoom.html,Centre Blaumana 12,3,64,6/6,Recon.,"250,000  €"
"Plašs 4 istabu dzīvoklis projektā ""Deglava Gleznotāju rezidence""",https://www.ss.com/msg/en/real-estate/flats/riga/plyavnieki/aaaep.html,Plyavnieki Dravnieku 3 K-3,4,98,3/10,New,"215,129  €"
"Tiek pārdots divistabu dzīvoklis Ķengaragā, ļoti labā vietā, lab",https://www.ss.com/msg/en/real-estate/flats/riga/kengarags/bdmipb.html,Kengarags Lokomotives 44,2,39,4/5,Lit pr.,"41,900 €"
"Trīsistabu dzīvoklis ""Deglava Gleznotāju rezidence"" noslēdzošajā",https://www.ss.com/msg/en/real-estate/flats/riga/plyavnieki/beckfj.html,Plyavnieki Dravnieku 3,3,64,9/10,New,"154,442  €"
"Dzīvoklis silts, ēkas vidū, dzelzs durvis. Vajadzīgs remonts. At",https://www.ss.com/msg/en/real-estate/flats/riga/mezhciems/dnjmm.html,Mezhciems Eizenshteina 13,2,50,3/5,Lit pr.,"56,500  €"
Attīstītājs piedāvā iegādāties dzīvokli pilnībā renovētā mājā Da,https://www.ss.com/msg/en/real-estate/flats/riga/centre/bcjfdc.html,Centre Sadovnikova 30,2,35,2/5,Recon.,"86,000  €"
Attīstītājs piedāvā iegādāties dzīvokli pilnībā renovētā mājā Da,https://www.ss.com/msg/en/real-estate/flats/riga/maskavas-priekshpilseta/bldbkb.html,Latgales priekshpilset Daugavpils 10,2,31,2/5,Recon.,"77,000  €"
"Mājīgs, plašs dzīvoklis. Klusā vietā- blakus mežam. Visas istaba",https://www.ss.com/msg/en/real-estate/flats/riga/purvciems/gfcfx.html,Purvciems Lielvardes 107,3,70,1/12,104-th,"73,500  €"
"Pārdod plašu 1 istabas dzīvokli Purvciemā, 119. sērijas mājā.",https://www.ss.com/msg/en/real-estate/flats/riga/purvciems/fdbxj.html,Purvciems Virshu 7,1,46,7/9,119-th,"62,000  €"
"Atvērta rezervācija. 

Dzīvokļi ar pilnu apdari renovētā ēkā,",https://www.ss.com/msg/en/real-estate/flats/riga/centre/becooe.html,Centre Zvaigzhnu 21,2,26,2/5,Recon.,"61,920  €"
"1-istabas dzīvoklis pie Botāniskā dārza – klusa, zaļa vide un ēr",https://www.ss.com/msg/en/real-estate/flats/riga/zasulauks/hdncl.html,Zasulauks Kudras 7,1,32,4/5,Lit pr.,"49,000  €"
Īpašnieks pārdod 2-istabu dzīvokli specprojekta/mazģimeņ u sērij,https://www.ss.com/msg/en/real-estate/flats/riga/purvciems/bcofe.html,Purvciems Stirnu 22,2,38,2/5,Spec. pr.,"43,800  €"
Tiek pārdots pilnībā mēbelēts un dzīvošanai aprīkots 4 istabu dz,https://www.ss.com/msg/en/real-estate/flats/riga/centre/bcjxhh.html,Centre Birznieka-Upisha 13,4,112,5/7,New,"308,000  €"
"Plašs 3 istabu dzīvoklis franču projektā komforts, ko sajutīsiet",https://www.ss.com/msg/en/real-estate/flats/riga/plyavnieki/behcip.html,Plyavnieki Lubanas 123,3,67,2/16,Spec. pr.,"98,000  €"
"Piedāvājam iegādāties plašu un mājīgu 5 istabu dzīvokli (150, 9",https://www.ss.com/msg/en/real-estate/flats/riga/centre/bemgbb.html,Centre Valdemara 39,5,150,3/6,Recon.,"250,000  €"
Labdien. Pardodam ļoti labi novietotu dzīvokli pieprasītā Veseta,https://www.ss.com/msg/en/real-estate/flats/riga/centre/eicfo.html,Centre Vesetas 10,4,103,1/8,Spec. pr.,"199,000 €"
Tiek piedāvāts kapitāli izremontētais dzīvoklis Rīgas klusajā ce,https://www.ss.com/msg/en/real-estate/flats/riga/centre/adlgj.html,Centre Artilerijas 44,3,95,2/4,Pre-war house,"199,500 €"
"Pārdod 3 istabu dzīvokli Klusajā centrā, Eksporta ielā 12. Ēka r",https://www.ss.com/msg/en/real-estate/flats/riga/centre/abfhx.html,Centre Eksporta 12,3,79,1/6,Recon.,"139,000  €"
"Pārdod 5 ist. dzīvokli (97 kv. m) Teikā (Vef), 1982. gadā būvēta",https://www.ss.com/msg/en/real-estate/flats/riga/teika/engfh.html,Teika Ropazhu 21,5,97,3/5,Spec. pr.,"110,000 €"
"Lieliska atrašanās vieta, skaists skats pa logiem un ērts plānoj",https://www.ss.com/msg/en/real-estate/flats/riga/zolitude/aifcd.html,Zolitude Imantas 16. l. 18,4,82,8/9,119-th,"77,500  €"
Pārdošanā elegants divu līmeņu dzīvoklis klusajā centrā – presti,https://www.ss.com/msg/en/real-estate/flats/riga/centre/gfhco.html,Centre Dzirnavu 34,6,155,4/5,Recon.,"297,000  €"
"Pārdod 3 istabu dzīvokli Rīgas centrā, Tērbatas ielā 20. Dzīvokl",https://www.ss.com/msg/en/real-estate/flats/riga/centre/bcikjx.html,Centre Terbatas 20,3,68,3/6,Recon.,"248,400  €"
"Pārdod 2 istabu dzīvokli Rīgas centrā, Tērbatas ielā 20. Dzīvokl",https://www.ss.com/msg/en/real-estate/flats/riga/centre/bciggf.html,Centre Terbatas 20,2,48,3/6,Recon.,"159,500  €"
Продаётся светлая и просторная 3-комнатная квартира с капитальны,https://www.ss.com/msg/en/real-estate/flats/riga/purvciems/dkdmd.html,Purvciems Saktas 4,3,63,1/9,602-th,"85,000  €"
"Piemērots izīrēšanai vai pašiem dzīvošanai. 
Dzīvoklis Nr. 55",https://www.ss.com/msg/en/real-estate/flats/riga/centre/bedjbl.html,Centre Chaka 133,1,32,4/6,Pre-war house,"46,998  €"
"Siltas, sausas, saulainas augsta puspagraba telpas kuras var izm",https://www.ss.com/msg/en/real-estate/flats/riga/centre/ahdpo.html,Centre Chaka 133,4,125,1/6,Pre-war house,"67,541  €"
"Pārdod 3 istabu dzīvokli Teikā, Palmu ielā 14.

Dzīvoklis atro",https://www.ss.com/msg/en/real-estate/flats/riga/teika/bkecc.html,Teika Palmu 14,3,57,1/5,Spec. pr.,"74,000  €"
"Pārdodam dzīvokli skaistā lokācijā Rīgas centrā, ar skatu uz Par",https://www.ss.com/msg/en/real-estate/flats/riga/centre/aehbe.html,Centre Raina boul. 17,5,189,5/5,Recon.,"330,000  €"
"Vai Jums ir vajadzīgs labs 3-istabu dzīvoklis? 

+ Dzīvoklis i",https://www.ss.com/msg/en/real-estate/flats/riga/imanta/eljhb.html,Imanta Zentenes 22,3,62,3/9,602-th,"62,000  €"
Кооперативная квартира в прекрасной локации прямо напротив Ботан,https://www.ss.com/msg/en/real-estate/flats/riga/agenskalns/bmpfh.html,Agenskalns Rododendru 1,1,27,2/5,Chrusch.,"48,000 €"
"Продаётся светлая и уютная квартира со свежим ремонтом 

Кварт",https://www.ss.com/msg/en/real-estate/flats/riga/centre/aoobo.html,Centre Chaka 121,1,40,2/6,Pre-war house,"76,000 €"
"Pārdod 2-istabu dzīvoklis. 

+ Dzīvoklis ir ļoti saulains, šād",https://www.ss.com/msg/en/real-estate/flats/riga/imanta/afxlg.html,Imanta Kurzemes pr. 94,2,51,5/9,602-th,"49,000  €"
"Продаётся 1 комнатная квартира со всеми удобствами. Не угловая,",https://www.ss.com/msg/en/real-estate/flats/riga/teika/exdxl.html,Teika Burtnieku 33,1,18,4/5,Chrusch.,"23,000  €"
"Pilsētas centrā tiek pārdots mājīgs, saulains un labi uzturēts t",https://www.ss.com/msg/en/real-estate/flats/riga/centre/agcfg.html,Centre Gertrudes 84,3,81,2/6,Pre-war house,"149,999  €"
Pārdod 3 istabu dzīvokli pašā Rīgas centrā. Dzīvoklis pārdodas k,https://www.ss.com/msg/en/real-estate/flats/riga/centre/hdpbb.html,Centre Brivibas 60,3,55,4/4,Pre-war house,"125,000  €"
Īpašnieks pārdod 4 istabu dzīvokli Rīgas centrā. Zeme īpašumā. D,https://www.ss.com/msg/en/real-estate/flats/riga/centre/bhenj.html,Centre Stabu 84,4,95,3/4,Pre-war house,"107,000  €"
Pārdošanā elegants un pilnībā mēbelēts 3 istabu dzīvoklis Rūpnie,https://www.ss.com/msg/en/real-estate/flats/riga/centre/bkkbm.html,Centre Rupniecibas 44,3,140,4/6,New,"365,000  €"
Pārdodu stilīgu premium klases divistabu dzīvokli pašā Rīgas cen,https://www.ss.com/msg/en/real-estate/flats/riga/centre/bekbjm.html,Centre Artilerijas 19,2,42,2/5,Pre-war house,"130,000  €"
"Ēka celta 1911. gadā no silikātķieģeļiem, saglabājot pirmskara a",https://www.ss.com/msg/en/real-estate/flats/riga/centre/cdofk.html,Centre Matisa 119,3,84,4/5,Pre-war house,"113,940  €"
"Pārdošanā plašs 3 istabu dzīvoklis Lielajā ielā 59, Bolderājā. D",https://www.ss.com/msg/en/real-estate/flats/riga/bolderaya/bleib.html,Bolderaya Liela 59,3,73,5/5,Spec. pr.,"63,000  €"
Продаётся двухкомнатная квартира в отличном месте - на границе Т,https://www.ss.com/msg/en/real-estate/flats/riga/purvciems/cefmk.html,Purvciems Vaidavas 1,2,37,3/5,Lit pr.,"39,800  €"
Tiek pārdots plašs un elegants piecu istabu dzīvoklis Rīgas cent,https://www.ss.com/msg/en/real-estate/flats/riga/centre/adjib.html,Centre Barona 92,5,139,2/6,Pre-war house,"347,000  €"
"Šarmants 2-istabu dzīvoklis vēsturiskā pirmskara mūra ēkā
Piedā",https://www.ss.com/msg/en/real-estate/flats/riga/centre/akcpo.html,Centre Barona 80,2,45,4/5,Pre-war house,"98,000  €"
"Skanstes rajonā tiek pārdots mājīgs, silts, gaišs un nav stūra t",https://www.ss.com/msg/en/real-estate/flats/riga/centre/aempf.html,Centre Zirnu 5 k. 2,3,60,4/9,467-th,"102,000  €"
"Gaišs dzīvoklis projektā Metropolia, 2 caurstaigājamas istabas,",https://www.ss.com/msg/en/real-estate/flats/riga/imanta/bdfmm.html,Imanta Anninmuizhas boulevard,2,60,6/17,New,"127,000  €"
"Labs variants studentam, kas plāno studēt Rīgā. Pārdod stilīgu,",https://www.ss.com/msg/en/real-estate/flats/riga/ilguciems/ibchg.html,Ilguciems Saulgozhu 21,1,31,5/5,Chrusch.,"44,800  €"
"Investīciju objekts Rīgā – A. Deglava ielā 39
Pārdošanā perspek",https://www.ss.com/msg/en/real-estate/flats/riga/purvciems/ebfin.html,Purvciems Deglava 39,Other,295,2/2,Priv.house,"120,000  €"
"Jauna A klases privātmāja jaunā ciematā Kalnavotiņi - komfortam,",https://www.ss.com/msg/en/real-estate/flats/riga/dreilini/agexi.html,Dreilini Ulbrokas 1,4,104,1/1,New,"199,500  €"
"Pasīvais ienākums 17, 5 % gadā. 
Stabils un drošs ieguldījums a",https://www.ss.com/msg/en/real-estate/flats/riga/yugla/ixibb.html,Yugla Tirzas 3,Other,110,1/6,Chrusch.,"35,000  €"
"Pārdod 2-istabu dzīvokli Juglā Silciema iela 15 k-2
Pārdod mājī",https://www.ss.com/msg/en/real-estate/flats/riga/yugla/exlkf.html,Yugla Silciema 15к2,2,44,5/5,Chrusch.,"37,500  €"
Pārdod trīsistabu dzīvokli lieliskā lokācijā – Aleksandra Bieziņ,https://www.ss.com/msg/en/real-estate/flats/riga/zolitude/ejkcb.html,Zolitude Biezina 9,3,82,4/9,119-th,"81,000  €"
"Pārdod mājīgu, plašu un gaišu 3-istabu dzīvokli ar kopējo platīb",https://www.ss.com/msg/en/real-estate/flats/riga/vecmilgravis/cjncc.html,Vecmilgravis Dombrovska 75,3,71,1/5,103-th,"73,000  €"
Brīvības ielā 190 jaunu dzīvi sāk 1912. gadā pēc arhitekta Nikol,https://www.ss.com/msg/en/real-estate/flats/riga/centre/bdphnn.html,Centre Brivibas 190,3,48,2/6,Recon.,"109,480  €"
"Gaišs un plašs dzīvoklis vispieprasītākajā rajonā. 
Dzīvoklis s",https://www.ss.com/msg/en/real-estate/flats/riga/plyavnieki/bkldb.html,Plyavnieki Plavnieku 12,1,40,5/9,602-th,"44,000  €"
"Plašs 4 istabu dzīvoklis Pļavniekos, Ilūkstes ielā
Pārdošanā pl",https://www.ss.com/msg/en/real-estate/flats/riga/plyavnieki/bexmix.html,Plyavnieki Ilukstes 95,4,97,5/9,119-th,"84,000  €"
Продаётся 4х комнатная квартира в Пурвциемсе(р-он Деглавского мо,https://www.ss.com/msg/en/real-estate/flats/riga/purvciems/ffmkj.html,Purvciems Marcienas 2,4,89,4/9,119-th,"115,000  €"
"Jaunais dzīvokļu projekts Rīgā – Hospitāļu iela 49

Mūsdienīga",https://www.ss.com/msg/en/real-estate/flats/riga/centre/bednxo.html,Centre Hospitalu 49,2,45,2/8,New,"143,200  €"
"Pārdodu 2 istabu dzīvokli

+ laba lokācija
+ atbrīvots, nav p",https://www.ss.com/msg/en/real-estate/flats/riga/agenskalns/ankni.html,Agenskalns Parslas 21,2,29,1/3,Pre-war house,"23,000 €"
"Pārdodam pārdomātu un mājīgu 3 istabu dzīvokli, kas atrodas māja",https://www.ss.com/msg/en/real-estate/flats/riga/sarkandaugava/bxlmh.html,Sarkandaugava Ziemelu 3,3,75,1/5,Spec. pr.,"99,800  €"
"Pārdodu dzīvokli

+ laba lokācija
+ mainīti stāvvadi
+ atbrī",https://www.ss.com/msg/en/real-estate/flats/riga/dzeguzhkalns/bfccnl.html,Dzeguzhkalns Usmas 3,1,41,5/5,Sm.fam.,"29,400 €"
"Pārdošanā plašs 1 istabu dzīvoklis Vidzemes alejā 3, Juglā. Dzīv",https://www.ss.com/msg/en/real-estate/flats/riga/yugla/aflbd.html,Yugla Vidzemes al. 3,1,33,7/9,Spec. pr.,"45,500  €"
Pārdod plašu un ekskluzīvu četristabu dzīvokli Rīgas centrā – Pē,https://www.ss.com/msg/en/real-estate/flats/riga/centre/flejk.html,Centre Pernavas 41,4,105,6/6,Recon.,"277,440  €"
Pārdod īpašumu skaistā saulainā vietā. Dzīvoklis atrodas brīvība,https://www.ss.com/msg/en/real-estate/flats/riga/yugla/oiddg.html,Yugla Brivibas g. 399,2,41,5/5,Chrusch.,"59,000  €"
Īpašnieks pārdod dzīvokli ar 4 metrus augstiem griestiem jaunajā,https://www.ss.com/msg/en/real-estate/flats/riga/centre/adinf.html,Centre Brivibas 201,2,57,3/5,New,"113,500  €"
Īpašnieks pārdod dzīvokli ar panorāmas logiem jaunajā projektā –,https://www.ss.com/msg/en/real-estate/flats/riga/centre/bjxcf.html,Centre Brivibas 201,1,37,4/5,New,"76,500  €"
Projekta attīstītājs piedāvā iegādāties dzīvokli ar 4 metrus aug,https://www.ss.com/msg/en/real-estate/flats/riga/centre/fpbhb.html,Centre Brivibas 201,2,38,2/5,New,"79,500  €"
Pārdošanā plašs un gaišs 3-istabu dzīvoklis ar zemiem komunālaji,https://www.ss.com/msg/en/real-estate/flats/riga/plyavnieki/ahccj.html,Plyavnieki Salnas 11,3,63,4/9,602-th,"75,000  €"
Īpašnieks pārdod dzīvokli ar 4 metrus augstiem griestiem jaunajā,https://www.ss.com/msg/en/real-estate/flats/riga/centre/bdpngb.html,Centre Brivibas 201,2,56,3/5,New,"112,500  €"
Īpašnieks pārdod dzīvokli ar balkonu un 3 metrus augstiem griest,https://www.ss.com/msg/en/real-estate/flats/riga/centre/ceglm.html,Centre Brivibas 201,3,76,4/5,New,"164,500  €"
Īpašnieks pārdod dzīvokli ar 4 metrus augstiem griestiem jaunajā,https://www.ss.com/msg/en/real-estate/flats/riga/centre/bcigjm.html,Centre Brivibas 201,3,84,2/5,New,"151,900  €"
Attīstītājs un īpašnieks – kompāniju grupa R. Evolution – pārdod,https://www.ss.com/msg/en/real-estate/flats/riga/agenskalns/eikfe.html,Agenskalns Ranka d. 34,4,110,13/23,New,"381,000  €"
Īpašnieks pārdod Fantastisku un izlolotu dzīvokli Rīgas centrā.,https://www.ss.com/msg/en/real-estate/flats/riga/centre/bdpfgb.html,Centre Brivibas 95,2,64,7/7,Pre-war house,"198,000  €"
"Dzīvoklis ar stavvietu atrodas skaistā vēsturiskā ēkā, kas izvie",https://www.ss.com/msg/en/real-estate/flats/riga/centre/bcbbih.html,Centre Avotu 8 k-1,2,61,2/6,Pre-war house,"114,000  €"
Pārdod 2 istabu dzīvokli Bolderājā. Dzīvoklis ir labā tehniskā u,https://www.ss.com/msg/en/real-estate/flats/riga/bolderaya/gmeff.html,Bolderaya Gobas 22,2,46,4/5,103-th,"44,000  €"
"Pārdod labiekārtotas ofisa telpas 61 m2 platībā, tika pārbūvētas",https://www.ss.com/msg/en/real-estate/flats/riga/centre/egool.html,Centre Tomsona 39,2,61,2/10,New,"110,000  €"
"Pārdod trīs istabu dzīvokli, divas atsevišķas vannas istabas, ie",https://www.ss.com/msg/en/real-estate/flats/riga/plyavnieki/dggph.html,Plyavnieki Rudens 5,3,62,2/9,602-th,"85,000  €"
Pillar piedāvā iespēju iegādāties trīs istabu dzīvokli ar virtuv,https://www.ss.com/msg/en/real-estate/flats/riga/mezhciems/fgmke.html,Mezhciems Eizenshteina 47A,3,64,7/10,New,"165,900  €"
Pārdod mēbelētu 2 istabu dzīvokli Mūkusalas iela ar skatu uz Dau,https://www.ss.com/msg/en/real-estate/flats/riga/agenskalns/gpbhg.html,Agenskalns Mukusalas 25,2,49,3/5,New,"157,000  €"
"Pardodu dzivokli Bauskas iela 15, māja pēc gazes sprādziena 5 st",https://www.ss.com/msg/en/real-estate/flats/riga/tornjakalns/epiid.html,Tornjakalns Bauskas 15,1,44,1/5,Sm.fam.,"10,500  €"
"Pilnībā mēbelēts dzīvoklis gatavs ērtai dzīvošanai

Dzīvoklis",https://www.ss.com/msg/en/real-estate/flats/riga/teika/ffcpo.html,Teika Talivalzha 20,2,68,1/3,New,"160,000  €"
"Pārdod 2 istabu dzīvokli Rīgas centrā. 
Dzīvoklim nepieciešams",https://www.ss.com/msg/en/real-estate/flats/riga/centre/aohin.html,Centre Matisa 84,2,25,1/2,Pre-war house,"18,900  €"
"В продаже 1-комнатная квартира, р-н бумажной фабрики Югла. Чугун",https://www.ss.com/msg/en/real-estate/flats/riga/breksi/cdjjkj.html,Breksi Bikernieku 218,1,33,4/5,103-th,"31,000  €"
Rīgas centrā tiek pārdots 2-istabu saulains un elegants dzīvokli,https://www.ss.com/msg/en/real-estate/flats/riga/centre/bxixc.html,Centre Brivibas 68,2,49,2/6,Recon.,"170,100  €"
"Pārdod mājīgu, siltu, ne stūra 3 istabu dzīvokli. Dzīvoklis tiek",https://www.ss.com/msg/en/real-estate/flats/riga/plyavnieki/bkfofe.html,Plyavnieki Dzenu 1,3,62,4/9,602-th,"123,000  €"
"Pārdod divu guļamistabu dzīvokli Rīgas Sirdī

Šis gaišais un p",https://www.ss.com/msg/en/real-estate/flats/riga/centre/hhcfk.html,Centre Blaumana 25,2,47,3/5,Pre-war house,"128,000  €"
"Ja meklējat mājas sajūtu, nevis tikai dzīvokli – šis piedāvājums",https://www.ss.com/msg/en/real-estate/flats/riga/dzeguzhkalns/hnnof.html,Dzeguzhkalns Purva 16,4,71,1/2,Pre-war house,"91,500  €"
Pārdod 2 istabas dzīvokli Ķengarāgā. Istabas izolētas. Balkons.,https://www.ss.com/msg/en/real-estate/flats/riga/kengarags/ajpjn.html,Kengarags Maltas 15,2,44,5/5,Lit pr.,"42,000  €"
"Pārdod 3 istabu dzīvokli Rīgā, Iļģuciemā, Stūres ielā 6. 

Dzī",https://www.ss.com/msg/en/real-estate/flats/riga/ilguciems/dexnb.html,Ilguciems Stures 6,3,68,4/5,Lit pr.,"63,000  €"
"Pārdošanā plašs, saulains, silts 2 istabu dzīvoklis Dārzciemā, D",https://www.ss.com/msg/en/real-estate/flats/riga/darzciems/cellbg.html,Darzciems Darzciema 131,2,47,4/5,103-th,"54,999  €"
Pārdošanā jauns divistabu dzīvoklis projektā - Čiekurkalna Lofti,https://www.ss.com/msg/en/real-estate/flats/riga/chiekurkalns/febbh.html,Chiekurkalns Chiekurkalna 7. cr. l.,2,31,1/4,New,"82,650  €"
"Meklējat mājokli zaļā, klusā un koptā Rīgas rajonā ar izcilu inf",https://www.ss.com/msg/en/real-estate/flats/riga/purvciems/fiikg.html,Purvciems Raunas 20A,1,31,5/5,Chrusch.,"30,000  €"
Gaišs un izdevīgs studijas tipa dzīvoklis lieliska izvēle dzīvoš,https://www.ss.com/msg/en/real-estate/flats/riga/sarkandaugava/aohnj.html,Sarkandaugava Kakasekla d. 20,1,24,2/2,Pre-war house,"13,500  €"
Gaišs un mājīgs 2 istabu dzīvoklis dzīvojamajā projektā “Zem ozo,https://www.ss.com/msg/en/real-estate/flats/riga/imanta/amkno.html,Imanta Slokas 111H,2,67,1/4,New,"137,000  €"
Pārdodam kompaktu un funkcionālu 1 istabas dzīvokli. Dzīvoklis t,https://www.ss.com/msg/en/real-estate/flats/riga/centre/aonkj.html,Centre Bruninieku 121B,1,29,1/6,Recon.,"65,000  €"
Piedāvāju pārņemt īres līgumu ar izpirkuma tiesībām par 3 istabu,https://www.ss.com/msg/en/real-estate/flats/riga/darzciems/lehhb.html,Darzciems Deglava 108,3,77,5/9,119-th,"82,000  €"
Pārdodam gaišu 2 istabu dzīvokli ar patīkamu mājīgumasajūtu Kriš,https://www.ss.com/msg/en/real-estate/flats/riga/centre/ahgxi.html,Centre Barona 96/98,2,52,4/5,Stalin project,"112,000  €"
Īpašnieks pārdod 3 istabu dzīvokli 112 m² Rīgas klusajā centrā,https://www.ss.com/msg/en/real-estate/flats/riga/centre/afgdb.html,Centre Republikas pl. 3,3,112,3/7,New,"245,000  €"
Pārdod mūsdienīgu un pārplānotu 2 istabu dzīvokli pie Biķernieku,https://www.ss.com/msg/en/real-estate/flats/riga/teika/bbolpl.html,Teika Keguma 52,2,55,5/5,103-th,"81,200  €"
"Dzīvoklis atrodas Volguntes iela 17a. 

Pārdodam kvalitatīvi i",https://www.ss.com/msg/en/real-estate/flats/riga/agenskalns/hxlbi.html,Agenskalns Nometnu 17,2,40,1/2,Recon.,"78,700  €"
Iekšpagalma dzīvoklis Rīgas centrā ar ērtu infrastruktūru blakus,https://www.ss.com/msg/en/real-estate/flats/riga/centre/bexlne.html,Centre Valdemara 57/59,2,73,5/6,Pre-war house,"124,500  €"
"Pārdodu divistabu dzīvokli (38.47 m²) Ķengaragā, Latgales ielā 3",https://www.ss.com/msg/en/real-estate/flats/riga/kengarags/ffiix.html,Kengarags Latgales 303,2,38,4/5,Lit pr.,"41,000  €"
"Pārdošanā unikāls trīsistabu dzīvoklis, kura lielākā priekšrocīb",https://www.ss.com/msg/en/real-estate/flats/riga/kengarags/bklocf.html,Kengarags Latgales 425,3,76,4/9,467-th,"85,000  €"
Pārdod gaišu un mājīgu 2 istabu dzīvokli Dzirciemā. Dzīvoklis at,https://www.ss.com/msg/en/real-estate/flats/riga/dzeguzhkalns/oifph.html,Dzeguzhkalns Tapeshu 45,2,37,1/5,Lit pr.,"45,000  €"
Dzīvoklī tikko pabeigts kvalitatīvs kapitālais remonts viss veik,https://www.ss.com/msg/en/real-estate/flats/riga/purvciems/bodbg.html,Purvciems Dzelzavas 40,2,61,9/12,104-th,"111,000  €"
Mājīgs trīsistabu dzīvoklis Rīgas centrā. Atrodas pie Gaisa tilt,https://www.ss.com/msg/en/real-estate/flats/riga/centre/abiie.html,Centre Brivibas 177,3,67,3/6,Spec. pr.,"118,000  €"
"Silts un mājīgs 3 istabu dzīvoklis, 74 m2, augstais beletāžas 1.",https://www.ss.com/msg/en/real-estate/flats/riga/centre/bcncdd.html,Centre Stabu 46/48,3,74,1/5,Recon.,"115,000  €"
Продаётся просторная 1-комнатная квартира-студия в новом проекте,https://www.ss.com/msg/en/real-estate/flats/riga/zolitude/eehlm.html,Zolitude Gramzdas 80,1,55,1/4,New,"135,900  €"
"Продаю квартиру на Ваускас 15, после газового взрыва в доме на п",https://www.ss.com/msg/en/real-estate/flats/riga/tornjakalns/bgdlf.html,Tornjakalns Bauskas 15,1,43,3/5,Sm.fam.,"9,000  €"
"Iespēja iegādāties mūsdienīgu 2 istabu dzīvokli Teikā, Vidrižu i",https://www.ss.com/msg/en/real-estate/flats/riga/teika/behekb.html,Teika Vidrizhu 4,2,52,4/10,Spec. pr.,"147,000 €"
"Studio tipa dzīvoklis ar autostāvvietu Klusajā centrā. 

Pārdo",https://www.ss.com/msg/en/real-estate/flats/riga/centre/foppp.html,Centre Strelnieku 15,1,30,2/3,Recon.,"79,990  €"
Ar pilnu virtuves aprīkojumu un tehniku - pārdošanā tiek piedāvā,https://www.ss.com/msg/en/real-estate/flats/riga/agenskalns/bxiblg.html,Agenskalns Lielirbes 9a,3,47,3/4,Recon.,"119,000  €"
"Современная, атмосферная квартира с окнами на две стороны дома.",https://www.ss.com/msg/en/real-estate/flats/riga/ziepniekkalns/dfjec.html,Ziepniekkalns Kaplavas 5,2,75,3/5,New,"122,900  €"
"Pārdod 2.istabu dzīvokli bez mēbelēm, izdevīgā lokācijā - Rīgas",https://www.ss.com/msg/en/real-estate/flats/riga/purvciems/ibxnm.html,Purvciems Dzelzavas 11,2,43,4/5,Chrusch.,"68,000  €"
"Pārdod mājīgu, ekonomisku 2 istabu dzīvokli Rīgā, Čiekurkalnā ar",https://www.ss.com/msg/en/real-estate/flats/riga/chiekurkalns/cmlbi.html,Chiekurkalns Chiekurkalna 4. cr. l.,2,43,2/2,Spec. pr.,"49,000  €"
Dzīvoklis 24. stāvā ar panorāmas skatu uz Vecrīgu un 50 m² teras,https://www.ss.com/msg/en/real-estate/flats/riga/shampeteris-pleskodale/bbigol.html,Shampeteris-Pleskodale Lielirbes 11,3,178,24/25,New,"300,000  €"
Продаю светлую и просторую 3-комнатную квартиру на хорошем этаже,https://www.ss.com/msg/en/real-estate/flats/riga/daugavgriva/abfbd.html,Daugavgriva Lepju 5,3,58,2/5,Chrusch.,"47,000  €"
"Pārdod jaunu A+ klases daudzdzīvokļu mājas projektu Teikā. 
Pār",https://www.ss.com/msg/en/real-estate/flats/riga/teika/flfnk.html,Teika Kaukaza 11,3,75,2/4,New,"289,520  €"
"Pārdod jaunu A+ klases daudzdzīvokļu mājas projektu Teikā. 
Pār",https://www.ss.com/msg/en/real-estate/flats/riga/teika/aiexi.html,Teika Kaukaza 11,3,75,2/4,New,"289,135  €"
"Piedāvājumā stilīgs un mājīgs 1-istabas dzīvoklis Rīgas centrā,",https://www.ss.com/msg/en/real-estate/flats/riga/centre/dpjnh.html,Centre Klusa 16,1,26,1/4,Recon.,"72,000  €"
Īpašnieks pārdod aprīkotu dzīvokli energoefektīvā jaunajā projek,https://www.ss.com/msg/en/real-estate/flats/riga/aplokciems/bfonfl.html,Aplokciems Briezhu 7,3,53,2/6,New,"121,900  €"
Plašs dzīvoklis Purvciema centrā - 3 izolētas istabas + 2 autost,https://www.ss.com/msg/en/real-estate/flats/riga/purvciems/gxxfo.html,Purvciems Puces 45,3,94,6/7,New,"230,000  €"
"Pārdod istabu ar kosmētisku remontu. 
 Iebūvēts skapis. Mēbeles",https://www.ss.com/msg/en/real-estate/flats/riga/yugla/cmnpf.html,Yugla Markalnes 1,1,18,3/5,Sm.fam.,"13,000  €"
3 istabu dzīvoklis jaunajā projektā ar autostāvvietu un noliktav,https://www.ss.com/msg/en/real-estate/flats/riga/dreilini/cfkddi.html,Dreilini Bikernieku 15,3,55,3/5,New,"150,000  €"
Кирпичный прочный дом . Спецпроект. Не угловая. Большие комнаты.,https://www.ss.com/msg/en/real-estate/flats/riga/ziepniekkalns/efhcl.html,Ziepniekkalns Valdeku 17,2,51,1/5,Spec. pr.,"50,000  €"
Pārdodu lielisku trīsistabu dzīvokli pirmskara laika ķieģeļu māj,https://www.ss.com/msg/en/real-estate/flats/riga/centre/ehglm.html,Centre Ganibu d. 3,3,93,2/4,Pre-war house,"175,000  €"
"Īpašnieks pārdod pilnībā mēbelētu 1-istabas dzīvokli
Tiek pārdo",https://www.ss.com/msg/en/real-estate/flats/riga/ilguciems/hxohk.html,Ilguciems Bullu 31A,1,28,5/5,Lit pr.,"55,000 €"
"Īpašnieks pārdod saulainu dzīvokli lieliskā lokācijā, ēkas 2. st",https://www.ss.com/msg/en/real-estate/flats/riga/krasta-st-area/mxegp.html,Krasta st. area Latgales 202,2,39,2/5,Chrusch.,"45,000  €"
"Tiek pārdots mājīgs, gaišs un plašs trīs istabu dzīvoklis, kas l",https://www.ss.com/msg/en/real-estate/flats/riga/purvciems/bnpxf.html,Purvciems Deglava 59,3,76,4/6,119-th,"90,000  €"
Dzīvoklis ar lielisku potenciālu Sarkandaugavā Sarkandaugavas ie,https://www.ss.com/msg/en/real-estate/flats/riga/sarkandaugava/cxldd.html,Sarkandaugava Sarkandaugavas 25,1,35,1/2,Pre-war house,"21,000  €"
Saulains divistabu dzīvoklis Āgenskalnā autostāvvieta un nolikta,https://www.ss.com/msg/en/real-estate/flats/riga/agenskalns/dbeop.html,Agenskalns Kalnciema 23,2,35,1/3,Recon.,"140,000  €"
Продаётся полностью отремонтированная квартира рядом с Межапарко,https://www.ss.com/msg/en/real-estate/flats/riga/mezhapark/dkxbm.html,Mezhapark Viestura pr. 14,2,51,9/9,467-th,"77,000  €"
Piedāvājam pārdošanai 2-istabas dzīvokli tikko renovēta mājā.,https://www.ss.com/msg/en/real-estate/flats/riga/shampeteris-pleskodale/amhkm.html,Shampeteris-Pleskodale Zalves 44A,2,50,5/5,Spec. pr.,"55,000  €"
"Pārdod 1-istabu dzīvokli, kopējā platība 33 kv. m. 3./5. stāvs.",https://www.ss.com/msg/en/real-estate/flats/riga/bolderaya/acnng.html,Bolderaya Gobas 24,1,33,3/5,Spec. pr.,"32,500  €"
"Pārdodu saulainu un siltu 2 istabu dzīvokli centrā, Eksporta iel",https://www.ss.com/msg/en/real-estate/flats/riga/centre/ablpc.html,Centre Eksporta 14,2,55,5/5,Stalin project,"105,000  €"
"Ievācies uzreiz. 
Jauns 2-istabu dzīvoklis Juglā, Silciema ielā",https://www.ss.com/msg/en/real-estate/flats/riga/yugla/hblxo.html,Yugla Silciema 13,2,47,3/5,Lit pr.,"63,500  €"
"Īpašnieks pārdod 2 istabu dzīvokli 43, 5 m². 
Gaišs un kopts dz",https://www.ss.com/msg/en/real-estate/flats/riga/ziepniekkalns/hcnin.html,Ziepniekkalns Tumes 38,2,44,2/2,Chrusch.,"49,000  €"
"Pārdošanā plašs, pārdomāts 3 istabu dzīvoklis teicamā vietā ar a",https://www.ss.com/msg/en/real-estate/flats/riga/ziepniekkalns/aheki.html,Ziepniekkalns Ozolciema 12 k-4,3,74,1/11,119-th,"80,000  €"
"Dzīvokļa rezervācijas tiesību nodošana (cesija), Mooza Mežaparka",https://www.ss.com/msg/en/real-estate/flats/riga/mezhapark/cbehhk.html,Mezhapark Jauna Mezaparka 68,4,79,5/5,New,"299,000  €"
"Nestandarta planojums. Augsts pirmais stāvs - 1, 75 m. līdz palo",https://www.ss.com/msg/en/real-estate/flats/riga/centre/becebg.html,Centre Valdemara 143,3,60,1/6,Chrusch.,"70,000  €"
"Pārdod 61, 1 m² plašu 2 istabu dzīvokli Imantā, projektā “Dammes",https://www.ss.com/msg/en/real-estate/flats/riga/imanta/glkbp.html,Imanta Slokas 130A,2,61,4/7,New,"134,000  €"
"Pārdod jaunu, modernu un pilnībā aprīkotu 3 istabu dzīvokli jaun",https://www.ss.com/msg/en/real-estate/flats/riga/centre/bdpfbl.html,Centre Dainas 10A,3,65,3/6,New,"205,000  €"
Pārdodu dzīvokli ar iespēju izremontēt pēc saviem ieskatiem un v,https://www.ss.com/msg/en/real-estate/flats/riga/chiekurkalns/bkoghe.html,Chiekurkalns Chiekurkalna 1. l. 20,2,20,1/1,Pre-war house,"12,000  €"
"Pārdodu vienas istabas dzīvokli Rīgā, Ziepniekkalnā – Īslīces ie",https://www.ss.com/msg/en/real-estate/flats/riga/ziepniekkalns/cxddf.html,Ziepniekkalns Islices 14,1,29,5/12,Spec. pr.,"35,000 €"
"Atbrīvots dzīvoklis. Jauna virtuve ar kafijas stūrīti. Liela, st",https://www.ss.com/msg/en/real-estate/flats/riga/imanta/hfjoc.html,Imanta Kurzemes pr. 46,3,72,2/5,Lit pr.,"87,000  €"
Gaišs un mājīgs 2 istabu dzīvoklis pagalmā ēkā lieliska izvēle t,https://www.ss.com/msg/en/real-estate/flats/riga/centre/abogb.html,Centre Brivibas 159,2,46,2/5,Pre-war house,"90,000  €"
Красивая 2к квартира. Без посредников пожалуйста. Стратегически,https://www.ss.com/msg/en/real-estate/flats/riga/centre/bkheg.html,Centre Dzirnavu 3А,3,53,1/5,Pre-war house,"134,900  €"
"Квартира в зеленом районе, очень хорошая геолокация, сделан каче",https://www.ss.com/msg/en/real-estate/flats/riga/purvciems/cepno.html,Purvciems Marsa g. 2,2,40,4/5,Lit pr.,"85,300  €"
Dzīvoklis ar skatu uz majestātisku mežu un 3 pazemes autosstāvie,https://www.ss.com/msg/en/real-estate/flats/riga/plyavnieki/bipfkh.html,Plyavnieki Jasmuizhas 24,4,187,1/3,New,"370,000  €"
"Pārdošanā gaišs un kopts 1 istabas dzīvoklis 40, 8 m² platībā, 9",https://www.ss.com/msg/en/real-estate/flats/riga/ziepniekkalns/bxfof.html,Ziepniekkalns Ozolciema 52,1,41,2/9,Sm.fam.,"43,000  €"
Privātmājas plašums un komforts dzīvoklī – divu līmeņu dzīvoklis,https://www.ss.com/msg/en/real-estate/flats/riga/yugla/alcmk.html,Yugla Ciemupes 2,6,179,10/10,New,"210,000  €"
"Plašs 2 istabu dzīvoklis 55, 5 m² ķieģeļu mājā – īpaša projekta",https://www.ss.com/msg/en/real-estate/flats/riga/kengarags/bjmfeo.html,Kengarags Latgales 259/5,2,56,4/5,Spec. pr.,"80,000  €"
Tiek pārdots 2 istabu dzīvoklis ar izolētām istabām 3 stāvā ar k,https://www.ss.com/msg/en/real-estate/flats/riga/chiekurkalns/ambml.html,Chiekurkalns Chiekurkalna 4. cr. l.,2,54,3/9,Spec. pr.,"72,000 €"
"Stilīgs, ērts mājokļis un dzīves telpa urbānajam profesionālim,",https://www.ss.com/msg/en/real-estate/flats/riga/agenskalns/adggh.html,Agenskalns M. Nometnu 24,2,45,5/5,Recon.,"128,820  €"
Pārdošanā pieejams gaišs un plašs 3 istabu dzīvoklis ar pārdomāt,https://www.ss.com/msg/en/real-estate/flats/riga/plyavnieki/bkojdm.html,Plyavnieki Salnas 21,3,64,1/9,New,"129,000  €"
Lat/ang/rus/ Lieliska investīciju iespēja: kompakti divistabu dz,https://www.ss.com/msg/en/real-estate/flats/riga/centre/giekg.html,Centre Chaka 26a,2,42,1/5,Recon.,"106,800  €"
"Pārdod 3-istabu dzīvoklis ar panorāmas logiem, projektā ""Duntes",https://www.ss.com/msg/en/real-estate/flats/riga/centre/dpikp.html,Centre Duntes 28,3,71,4/16,New,"159,000  €"
Šobrīd tiek piedāvāta šī 1 istabu dzīvokļi lieliskajā renovētā ē,https://www.ss.com/msg/en/real-estate/flats/riga/agenskalns/ebfkm.html,Agenskalns M. Nometnu 24,1,32,2/5,Recon.,"89,600  €"
"Pārdod gaišu un plašu 3 istabu dzīvokli Pētersalā, klusā un ļoti",https://www.ss.com/msg/en/real-estate/flats/riga/centre/begpme.html,Centre Lugazhu 4,3,63,5/5,Lit pr.,"72,000  €"
"Pārdod gaišu un izremontētu 2-istabu dzīvokli Juglā
Tiek pārdot",https://www.ss.com/msg/en/real-estate/flats/riga/yugla/nkngp.html,Yugla Baltezera 10A,2,43,2/2,Chrusch.,"53,000  €"
Stilīga un ērta dzīves telpa pilsētvides profesionāļiem. Gaišs 1,https://www.ss.com/msg/en/real-estate/flats/riga/agenskalns/benped.html,Agenskalns M. Nometnu 24,1,28,2/5,New,"80,008  €"
"Gaišs un saulains divistabu dzīvoklis. 
Visā dzīvoklī veikts re",https://www.ss.com/msg/en/real-estate/flats/riga/agenskalns/aebmo.html,Agenskalns Melnsila 21,2,42,5/5,Chrusch.,"75,900  €"
Pārdošanā – Ienesošs Investīciju Dzīvoklis Rīgas Centrā (K. Baro,https://www.ss.com/msg/en/real-estate/flats/riga/centre/bijee.html,Centre Barona 24/26,1,27,5/6,Recon.,"105,600  €"
"Pārdošanā ir plašs un tikko izremontēts dzīvoklis, kurā ir 4 ist",https://www.ss.com/msg/en/real-estate/flats/riga/plyavnieki/ibdke.html,Plyavnieki Salnas 6,4,77,7/9,602-th,"112,260  €"
Pārdod kvalitatīvu un komfortablu 3 istabu dzīvokli Rīgas centrā,https://www.ss.com/msg/en/real-estate/flats/riga/centre/behofp.html,Centre Marijas 16,3,65,4/7,Recon.,"139,000  €"
"Pārdod vienistabas dzīvokli Dārzciemā, Franča Trasuna ielā 24. D",https://www.ss.com/msg/en/real-estate/flats/riga/darzciems/decnn.html,Darzciems Nicgales 64,1,21,8/9,Spec. pr.,"22,750 €"
Investīciju piedāvājums: divistabu dzīvoklis pašā Rīgas centrā.,https://www.ss.com/msg/en/real-estate/flats/riga/centre/bfbpm.html,Centre Chaka 26,2,37,1/7,Recon.,"116,750  €"
Investīciju piedāvājums: divistabu dzīvoklis pašā Rīgas centrā.,https://www.ss.com/msg/en/real-estate/flats/riga/centre/bmxmc.html,Centre Chaka 26,2,43,1/7,Recon.,"133,945  €"
Предлагается к продаже уютная и светлая 3-х комнатная квартира 6,https://www.ss.com/msg/en/real-estate/flats/riga/purvciems/affoj.html,Purvciems Dzelzavas 25,3,63,9/9,602-th,"72,500  €"
"Продаётся светлая, тёплая и уютная 2-комнатная квартира в Плявни",https://www.ss.com/msg/en/real-estate/flats/riga/plyavnieki/djdkf.html,Plyavnieki Salnas 34,2,51,9/9,602-th,"64,000  €"
"65.9 m², 2 комнаты (балкон 5 м²)
Проект Gaiļezera nami от Merks",https://www.ss.com/msg/en/real-estate/flats/riga/mezhciems/ehmef.html,Mezhciems Gailezera 15,2,66,8/9,New,"170,000  €"
"Продается уникальная квартира-студия площадью 15, 1 м2, располож",https://www.ss.com/msg/en/real-estate/flats/riga/centre/cndce.html,Centre Elizabetes 12,1,15,1/5,Recon.,"74,900  €"
Продаётся 3-комнатная квартира после капитального ремонта в Пляв,https://www.ss.com/msg/en/real-estate/flats/riga/plyavnieki/ejlnd.html,Plyavnieki Jasmuizhas 17,3,66,4/5,602-th,"95,000  €"
"Trīs izolētas istabas;
Četras lodžijas;
Plašs priekšnams ar vi",https://www.ss.com/msg/en/real-estate/flats/riga/ziepniekkalns/efmxo.html,Ziepniekkalns Islices 3,5,138,3/9,119-th,"120,000  €"
"Pārdodam plašu un gaišu dzīvokli Purvciema centrā. 
Zeme zem ēk",https://www.ss.com/msg/en/real-estate/flats/riga/purvciems/bbono.html,Purvciems Purvciema 46,1,42,4/5,Sm.fam.,"38,000  €"
A unique investment opportunity: a compact -room apartment in th,https://www.ss.com/msg/en/real-estate/flats/riga/centre/bfcip.html,Centre Chaka 26а,1,25,1/5,Recon.,"64,300  €"
Pārdošanā kvalitatīvs 2 istabu dzīvoklis renovētā iekšpagalma mā,https://www.ss.com/msg/en/real-estate/flats/riga/centre/adhld.html,Centre Chaka 113a,2,46,1/6,Recon.,"115,500  €"
"Reta iespēja - ideāls plānojums
Rare offer - ideal layout
Редк",https://www.ss.com/msg/en/real-estate/flats/riga/centre/aixdl.html,Centre Raina boul. 2,4,149,3/6,Recon.,"329,000  €"
Dzīvoklis atkal ir pieejams iegādei un gaida savu jauno īpašniek,https://www.ss.com/msg/en/real-estate/flats/riga/imanta/acnbp.html,Imanta Kurzemes pr. 164,2,53,7/9,602-th,"87,200  €"
Pārdod pilnībā renovētu 2 istabu dzīvokli Rīgas centrā - Katrīna,https://www.ss.com/msg/en/real-estate/flats/riga/centre/aebne.html,Centre Katrinas d. 14,2,77,3/4,New,"195,000  €"
"Pārdodam plašu 6 istabu dzīvokli izskatīgā Jūgendstila namā, lie",https://www.ss.com/msg/en/real-estate/flats/riga/centre/bckmdg.html,Centre Gertrudes 30,6,142,4/5,Pre-war house,"223,000  €"
Очень хорошее расположение - рядом находятся общественный трансп,https://www.ss.com/msg/en/real-estate/flats/riga/purvciems/afpfh.html,Purvciems Nicgales 9,2,44,1/5,Lit pr.,"47,500 €"
"Продаётся 2-х комнатная квартира рядом с центром. 12/12, 52 м².",https://www.ss.com/msg/en/real-estate/flats/riga/krasta-st-area/fhdfx.html,Krasta st. area Kojusalas 19,2,52,12/12,Czech pr.,"50,500  €"
"Pārdodu jauku divistabu dzīvokli Rīgas centrā , netālu no stacij",https://www.ss.com/msg/en/real-estate/flats/riga/centre/afjgm.html,Centre Raina boul. 31,2,37,5/6,Pre-war house,"89,000  €"
"Pārdod ģimenes dzīvokli Astra Lux projektā, Purvciemā
90 m² + n",https://www.ss.com/msg/en/real-estate/flats/riga/purvciems/gfokd.html,Purvciems Astras 8/1,3,90,6/24,New,"217,000  €"
"Quiet center, new, design masterpiece, sunny, top quality apartm",https://www.ss.com/msg/en/real-estate/flats/riga/centre/ddbdd.html,Centre Eksporta 4,6,205,2/6,Recon.,"690,000  €"
Продается двухкомнатная квартира в утепленном кирпичном доме.,https://www.ss.com/msg/en/real-estate/flats/riga/shampeteris-pleskodale/bxbigd.html,Shampeteris-Pleskodale Ventspils 65A,2,48,2/3,Recon.,"53,000 €"
"Pārdošana 3 istabās dzīvoklis, 602 sērija, kapitālais remonts ta",https://www.ss.com/msg/en/real-estate/flats/riga/purvciems/afhog.html,Purvciems Dzelzavas 76/2,3,62,9/5,602-th,"70,000  €"
Gaišs un plašs 3 istabu dzīvoklis (53 m²) Rīgas centrā lieliska,https://www.ss.com/msg/en/real-estate/flats/riga/centre/alono.html,Centre Dzirnavu 132,3,53,2/5,Pre-war house,"86,000 €"
"Продаётся просторная изящная квартира в историческом центре, в д",https://www.ss.com/msg/en/real-estate/flats/riga/centre/glmbi.html,Centre Pumpura 5,5,330,2/5,Recon.,"1,200,000  €"
"Продается просторная и светлая 5-комнатная двухэтажная квартира,",https://www.ss.com/msg/en/real-estate/flats/riga/centre/hhfip.html,Centre Zaubes 9А,5,191,6/6,New,"589,000  €"
Plašs 4 istabu dzīvoklis Pļavniekos – lieliska iespēja izveidot,https://www.ss.com/msg/en/real-estate/flats/riga/plyavnieki/cphnx.html,Plyavnieki Rudens 3,4,76,8/9,602-th,"72,000  €"
"Pārdod 2 istabu dzīvokli Imantā. 

Pārdod mājīgu un funkcionāl",https://www.ss.com/msg/en/real-estate/flats/riga/imanta/bexxhj.html,Imanta Kurzemes pr. 100,2,50,6/9,602-th,"52,000  €"
"Saimnieks pardod 2ist. dzivoklu , logi uz divam pusem. Ar remont",https://www.ss.com/msg/en/real-estate/flats/riga/vecmilgravis/bjdni.html,Vecmilgravis Kalngales 1,2,51,1/9,602-th,"57,000  €"
"Pilnībā atjaunots trīsistabu dzīvoklis, kopējā platība pēc inv.",https://www.ss.com/msg/en/real-estate/flats/riga/kengarags/bkiiom.html,Kengarags Aglonas 14,3,61,2/5,Lit pr.,"67,500 €"
"Pārdod siltu un saulainu 1-istabu dzīvokli Ķengaragā. 
Dzīvokli",https://www.ss.com/msg/en/real-estate/flats/riga/kengarags/bexljd.html,Kengarags Vishku 19,1,30,4/5,Lit pr.,"30,900  €"
"Pārdod remontējamu, bet uzreiz arī apdzīvojamu dzīvokli Jukuma V",https://www.ss.com/msg/en/real-estate/flats/riga/plyavnieki/bebohe.html,Plyavnieki J. Vaciesha 14,1,32,6/6,602-th,"39,900  €"
"Pārdod lielisku 3 istabu dzīvokli, kas pārbūvēts, lai būtu 3 izo",https://www.ss.com/msg/en/real-estate/flats/riga/imanta/agbkj.html,Imanta Jurmalas g. 93,3,62,1/9,602-th,"58,000  €"
Эксклюзивный пентхаус в проекте Astrolux. Потрясающий панорамный,https://www.ss.com/msg/en/real-estate/flats/riga/purvciems/fldbf.html,Purvciems Astras 8-A,5,322,24/24,New,"280,000  €"
"Продаем отличную квартиру с ремонтом. 
Земля в собственности.",https://www.ss.com/msg/en/real-estate/flats/riga/sarkandaugava/hxecl.html,Sarkandaugava Patversmes 5 k 1,1,30,2/5,Pre-war house,"24,900  €"
"Pārdod 2 izolētu istabu dzīvokli ar skatu uz zaļo zonu. 
Dzīvok",https://www.ss.com/msg/en/real-estate/flats/riga/ilguciems/bdbem.html,Ilguciems Spilves 37,2,50,2/5,Lit pr.,"59,500  €"
"Dzīvoklis skaistā zaļā Āgenskalna rajonā, skaistā klusā vietā ar",https://www.ss.com/msg/en/real-estate/flats/riga/agenskalns/bcecxm.html,Agenskalns Puku 7,2,71,1/2,Pre-war house,"129,000  €"
"Ievācies UN Dzīvo. 
Pārdodu dzīvokli pēc kapitālā remonta ar of",https://www.ss.com/msg/en/real-estate/flats/riga/purvciems/apcpg.html,Purvciems Dzelzavas 29,2,38,2/5,Lit pr.,"60,000  €"
Pārdod plašu un mājīgu 1 istabas dzīvokli 104. sērijas mājā ar l,https://www.ss.com/msg/en/real-estate/flats/riga/plyavnieki/fbibp.html,Plyavnieki Saharova 20,1,50,6/12,104-th,"52,500  €"
Pārdod plašu 3 istabu dzīvokli renovētā pirmskara ēkā Rīgas cent,https://www.ss.com/msg/en/real-estate/flats/riga/centre/apbfg.html,Centre Terbatas 38,3,82,4/7,Recon.,"200,000  €"
"Продаётся уютная и ухоженная 2-комнатная квартира на Югле, ул. С",https://www.ss.com/msg/en/real-estate/flats/riga/yugla/combx.html,Yugla Silciema 13,2,46,1/5,Lit pr.,"54,000  €"
"Plašs 3-istabu dzīvoklis ar 2 lodžijām. 

Ja vēlaties dzīvot I",https://www.ss.com/msg/en/real-estate/flats/riga/imanta/begcpe.html,Imanta Kurzemes pr. 56,3,69,4/5,Lit pr.,"67,000  €"
Pārdod gaišu un plašu divu guļamistabu dzīvokli lieliskā vietā.,https://www.ss.com/msg/en/real-estate/flats/riga/kengarags/njmfd.html,Kengarags Latgales 258/2,2,47,2/5,Lit pr.,"46,500  €"
Pārdošanā saulains 3 istabu dzīvoklis modernā jaunajā projektā M,https://www.ss.com/msg/en/real-estate/flats/riga/mezhapark/cjkgi.html,Mezhapark Kempes 2a,3,62,4/12,New,"216,500  €"
Piedāvājam iegādāties plašu un izsmalcinātu 3 istabu dzīvokli El,https://www.ss.com/msg/en/real-estate/flats/riga/centre/amgib.html,Centre Elizabetes 18,3,102,3/6,Recon.,"560,000  €"
"Īpašnieks pārdod atbrīvotu, tikko kvalitatīvi izremontētu 2 ista",https://www.ss.com/msg/en/real-estate/flats/riga/kengarags/dmfkn.html,Kengarags Latgales 307,2,50,1/5,Lit pr.,"59,000  €"
Īpašnieks pārdod 3-istabu dzīvokli Matīsa ielā lieliskā lokācijā,https://www.ss.com/msg/en/real-estate/flats/riga/centre/hdojl.html,Centre Matisa 20,3,60,3/3,Pre-war house,"46,000  €"
"Jauns 4-istabu dzīvoklis jaunā energoefektīvā mājā zaļā, mierpil",https://www.ss.com/msg/en/real-estate/flats/riga/other/flpei.html,Other Pupuķu 15,4,80,4/4,New,"210,140  €"
"Plašs un kluss dzīvoklis Rīgas centrā, kvalitatīvā pirmskara māj",https://www.ss.com/msg/en/real-estate/flats/riga/centre/bcnfeg.html,Centre Brivibas 72,5,131,2/6,Pre-war house,"199,800  €"
"Pārdodu 93 m² plašu puspagraba telpu īpašumu, kas pielāgots dzīv",https://www.ss.com/msg/en/real-estate/flats/riga/centre/bcohle.html,Centre Matisa 31,Other,94,1/4,Pre-war house,"28,000  €"
109 m² plašas pagraba telpas fantastiskā lokācijā ar lielisku in,https://www.ss.com/msg/en/real-estate/flats/riga/centre/bdpgpf.html,Centre Terbatas 39,6,110,1/5,Pre-war house,"27,500  €"
"Pārdodu pagraba telpu īpašumu, kas pielāgots dzīvošanai un izvei",https://www.ss.com/msg/en/real-estate/flats/riga/centre/bedljk.html,Centre Blaumana 16/18,1,34,1/5,Recon.,"18,900  €"
"Pārdošanā gaišs un mājīgs 2 istabu dzīvoklis Rīgas centrā. 

Ķ",https://www.ss.com/msg/en/real-estate/flats/riga/centre/biocb.html,Centre Chaka 148,2,53,5/5,Pre-war house,"84,000  €"
Pārdod 2-istabu dzīvokli Rīgas centrā – laba izvēle gan dzīvošan,https://www.ss.com/msg/en/real-estate/flats/riga/centre/bepgpf.html,Centre Stabu 15,2,50,2/6,Stalin project,"115,000  €"
Pārdošanā silts un gaišs 3 istabu dzīvoklis ar ērtu un praktisku,https://www.ss.com/msg/en/real-estate/flats/riga/sarkandaugava/bcklgd.html,Sarkandaugava Tvaika 16,3,55,4/5,Chrusch.,"54,000  €"
Pārdod plašu divu līmeņu dzīvokli ar pazemes autostāvvietu Ķīšez,https://www.ss.com/msg/en/real-estate/flats/riga/mezhapark/lemih.html,Mezhapark Ezermalas 13k6,5,149,4/5,New,"255,000  €"
"Labā stāvoklī, gatavs dzīvošanai saulains, gaišs dzīvoklis lieli",https://www.ss.com/msg/en/real-estate/flats/riga/centre/acklc.html,Centre Zvaigzhnu 26,2,46,2/7,Spec. pr.,"74,900  €"
"Rīgas centra jaunajā projektā “Tērbatas dārzs”, kas atrodas Tērb",https://www.ss.com/msg/en/real-estate/flats/riga/centre/bffxcl.html,Centre Terbatas 78A,3,67,2/7,New,"210,000  €"
"Pārdod saulainu 2 istabu dzīvokli ar lodžiju. 
Dzīvokļa plānoju",https://www.ss.com/msg/en/real-estate/flats/riga/imanta/adfgm.html,Imanta Viksnes 29A,2,51,7/9,602-th,"61,900  €"
"Pārdodu jauku, radošumu rosinošu dzīvokli centrā, Timoteja iela",https://www.ss.com/msg/en/real-estate/flats/riga/centre/bffehg.html,Centre Timoteja 1,2,60,4/4,Pre-war house,"95,000  €"
Pārdod 2-istabu dzīvokli jaunā mājā ar pazemes autostāvvietu.,https://www.ss.com/msg/en/real-estate/flats/riga/plyavnieki/adlok.html,Plyavnieki Jasmuizhas 22,2,75,1/3,New,"140,500 €"
"Продаю квартиру в доме сталинского проекта, высота потолков 2.85",https://www.ss.com/msg/en/real-estate/flats/riga/kengarags/fxlen.html,Kengarags Latgales 381,3,64,1/3,Stalin project,"70,000  €"
"Pārdod svaigi remontētu, ekonomisku dzīvokli ar visām mēbelēm un",https://www.ss.com/msg/en/real-estate/flats/riga/centre/fjxjg.html,Centre Ganibu d. 13/1,2,31,3/8,New,"58,000  €"
Plašs divistabu dzīvoklis renovētas ēkas 3.stāvā. Izcila lokācij,https://www.ss.com/msg/en/real-estate/flats/riga/centre/dghgo.html,Centre Chaka 38A,2,43,3/6,Recon.,"88,600  €"
Pārdod 2-istabu dzīvokli Purvciemā – lieliska iespēja izveidot m,https://www.ss.com/msg/en/real-estate/flats/riga/purvciems/alkpp.html,Purvciems Stirnu 35,2,48,5/9,602-th,"52,000  €"
"Pārdodu plašu trīsistabas dzīvokli pašā Vecrīgas sirdī. 
Atroda",https://www.ss.com/msg/en/real-estate/flats/riga/centre/dhelg.html,Centre Kaleju 74,3,102,3/4,New,"235,000  €"
"Pārdodas gaišs, silts un pilnībā mēbelēts divistabu dzīvoklis ar",https://www.ss.com/msg/en/real-estate/flats/riga/purvciems/dxcbp.html,Purvciems Madonas 23,2,53,4/18,Spec. pr.,"79,000  €"
Plašs divistabu dzīvoklis renovētā mājā ar individuālu gāzes apk,https://www.ss.com/msg/en/real-estate/flats/riga/centre/begeeg.html,Centre Gertrudes 77,2,70,2/5,Pre-war house,"149,500  €"
Pārdošanā saulains 2 istabu dzīvoklis renovētā ēkā Grīziņkalnā.,https://www.ss.com/msg/en/real-estate/flats/riga/grizinkalns/bpnlmn.html,Grizinkalns Chaka 113,2,38,5/5,Recon.,"100,000  €"
Blue Marine Residence ir Kliversala Bay nākamā attīstības kārta,https://www.ss.com/msg/en/real-estate/flats/riga/agenskalns/eojln.html,Agenskalns Trijadibas 1a,2,62,3/7,New,"326,613  €"
Praktisks un mājīgs dzīvoklis lieliskā atrašanās vietā- tiešā tu,https://www.ss.com/msg/en/real-estate/flats/riga/purvciems/heock.html,Purvciems Stirnu 5,2,59,8/9,119-th,"73,900  €"
"Īpašnieks pārdod 2 istabu dzīvokli projektā ""Akācijas"" ar mēbelē",https://www.ss.com/msg/en/real-estate/flats/riga/imanta/adcld.html,Imanta Akaciju 2D,2,45,5/9,New,"120,000  €"
"Pārdošanā plašs, silts 2 istabu dzīvoklis Teikā. Ērta atrašanās",https://www.ss.com/msg/en/real-estate/flats/riga/teika/bcjnbk.html,Teika Zemgala 60,2,60,1/3,Pre-war house,"92,000  €"
Pārdod elegantu 4 istabu dzīvokli prestižā Rīgas rajonā Baznīcas,https://www.ss.com/msg/en/real-estate/flats/riga/centre/bhdhi.html,Centre Baznicas 27/29,4,144,4/6,Recon.,"349,000  €"
"Pilnībā renovēts 2 istabu dzīvoklis – remonts veikts 2026. gadā,",https://www.ss.com/msg/en/real-estate/flats/riga/vecmilgravis/dlgpc.html,Vecmilgravis Vanadzina g. 6,2,51,1/5,Lit pr.,"64,900  €"
"Trīs istabu dzīvoklis Mežaparkā. 

Piedāvājumā – kvalitatīvs u",https://www.ss.com/msg/en/real-estate/flats/riga/mezhapark/hhmgb.html,Mezhapark Kempes 4,3,121,7/12,New,"202,000  €"
Pārdodu 2- istabu dzīvokli klusajā centrā. Dzīvoklis atrodas māj,https://www.ss.com/msg/en/real-estate/flats/riga/centre/bejjp.html,Centre Katrinas d. 22c,2,43,2/3,Chrusch.,"42,000 €"
"Ja meklējat dzīvokli Rīgā ar ērtu lokāciju, labu sabiedriskā tra",https://www.ss.com/msg/en/real-estate/flats/riga/teika/beokce.html,Teika Brivibas 317,2,51,1/2,Stalin project,"67,500  €"
Pārdošanā ir kompakts vienas istabas dzīvoklis un lielisks inves,https://www.ss.com/msg/en/real-estate/flats/riga/centre/amxxi.html,Centre Lejas 7,1,16,2/2,Pre-war house,"19,000  €"
Pārdošanā 2 istabu dzīvoklis pirmskara laika ēkā Rīgas Centrā.,https://www.ss.com/msg/en/real-estate/flats/riga/centre/bedmon.html,Centre Zvaigzhnu 13c,2,46,1/5,Pre-war house,"53,000  €"
"Pārdod mājīgu, gaišu 3 istabu dzīvokli zaļajā un klusajā Juglas",https://www.ss.com/msg/en/real-estate/flats/riga/yugla/bcjco.html,Yugla Baltezera 1,3,61,5/5,Spec. pr.,"75,000  €"
"Objekta adrese Ezera iela 1, blakus tramvaja Nr. 5 galapunktam.",https://www.ss.com/msg/en/real-estate/flats/riga/sarkandaugava/ebdxp.html,Sarkandaugava Tvaika 62,2,59,3/4,Stalin project,"59,950  €"
Pārdod gaišu un mājīgu 2-istabu dzīvokli ar izdevīgu atrašanās V,https://www.ss.com/msg/en/real-estate/flats/riga/kengarags/aegnb.html,Kengarags Prushu 19 k-2,2,45,4/4,Chrusch.,"46,500  €"
"Tiek pārdots izremontēts dzīvoklis pašā Rīgas centrā, klusā paga",https://www.ss.com/msg/en/real-estate/flats/riga/centre/bfepko.html,Centre Marijas 20,3,78,1/4,Recon.,"177,000  €"
"Ērts un gaišs dzīvoklis jaunajā projektā. 
Dzīvokļa plānojums i",https://www.ss.com/msg/en/real-estate/flats/riga/plyavnieki/aegib.html,Plyavnieki Dzenu 7 k1,2,57,2/9,New,"120,000  €"
"Brooklyn Gates - Vēstures Šarms. Moderns Potenciāls. 

Piedāvā",https://www.ss.com/msg/en/real-estate/flats/riga/maskavas-priekshpilseta/bconlf.html,Latgales priekshpilset Daugavpils 57,1,25,1/5,Pre-war house,"38,858  €"
Attīstītājs pārdod 1-istabu dzīvokli renovētā A klases energoefe,https://www.ss.com/msg/en/real-estate/flats/riga/maskavas-priekshpilseta/cdfxdc.html,Latgales priekshpilset Jekabpils 4,1,26,1/4,Recon.,"60,000  €"
"Divistabu dzīvoklis ar erkeri, šķuni un individuālu apkuri.",https://www.ss.com/msg/en/real-estate/flats/riga/dzeguzhkalns/ppjdj.html,Dzeguzhkalns Bullu 10,2,39,2/2,Pre-war house,"44,800  €"
Продаётся 2-х комнатная квартира в отличном проекте Skanstes Vir,https://www.ss.com/msg/en/real-estate/flats/riga/centre/blnho.html,Centre Skanstes 29a,2,67,11/24,New,"178,000  €"
Vēsturiski telpas izmantotas kā birojs vairākiem apdrošināšanas,https://www.ss.com/msg/en/real-estate/flats/riga/centre/bekcik.html,Centre Hospitalu 8,5,129,1/6,New,"160,000  €"
Продаётся уютная и светлая 3х комнатная квартира в Пурвциемсе.,https://www.ss.com/msg/en/real-estate/flats/riga/purvciems/gikjj.html,Purvciems Nicgales 31,3,78,4/9,119-th,"82,000  €"
Tiek pārdots plašs divistabu dzīvoklis Šampēterī. Īpašums izviet,https://www.ss.com/msg/en/real-estate/flats/riga/shampeteris-pleskodale/bchnlf.html,Shampeteris-Pleskodale Zalves 35,2,73,1/4,New,"140,000  €"
Ar divām izolētām istabām un savu autostāvvietu - plašs un saula,https://www.ss.com/msg/en/real-estate/flats/riga/ziepniekkalns/dgpgh.html,Ziepniekkalns Kometas 20,2,66,2/4,New,"149,900  €"
"Pārdošanā 55, 6 m² trīs istabu dzīvoklis Rezidences Ausma pirmaj",https://www.ss.com/msg/en/real-estate/flats/riga/agenskalns/dhoen.html,Agenskalns Jelgavas 23,3,56,1/3,Recon.,"149,950  €"
"Saules apspīdēts dzīvoklis ar plašu lodžiju, Teikā. 
Nemēbelēts",https://www.ss.com/msg/en/real-estate/flats/riga/teika/bdofoi.html,Teika Bikernieku 12B,3,77,2/5,Spec. pr.,"91,000  €"
Продаётся 2-комнатная квартира в одном из самых удобных и зелёны,https://www.ss.com/msg/en/real-estate/flats/riga/ilguciems/hdxhn.html,Ilguciems Dagmaras 14,2,43,2/5,Spec. pr.,"45,000 €"
"Tiek pārdots 3 istabu dzīvoklis jaunā projektā

Izkārtojums:",https://www.ss.com/msg/en/real-estate/flats/riga/imanta/glndb.html,Imanta Jurmalas g. 100,3,72,5/10,New,"165,000  €"
"Penthauzs ar kamīnu pilsētas centrā Stabu 92

Dzīvoklis:
- Pl",https://www.ss.com/msg/en/real-estate/flats/riga/centre/ebifl.html,Centre Stabu 92,2,93,5/5,Recon.,"195,000  €"
"Pārdod divistabu dzīvokli Rīgā – Vaidelotes ielā 15, Iļģuciemā.",https://www.ss.com/msg/en/real-estate/flats/riga/ilguciems/gxemx.html,Ilguciems Vaidelotes 15,2,43,5/5,Chrusch.,"39,300  €"
"Pārdod 2-istabas dzīvokli Sarkandaugavā, Staļina laika būvētā 3-",https://www.ss.com/msg/en/real-estate/flats/riga/sarkandaugava/bclinn.html,Sarkandaugava Viestura pr. 23,2,48,2/3,Stalin project,"42,000  €"
"Ja meklē pilnībā renovētu dzīvokli, vienā no Rīgas zaļākajiem un",https://www.ss.com/msg/en/real-estate/flats/riga/plyavnieki/blfcgh.html,Plyavnieki Salnas 1,4,78,7/9,467-th,"120,000  €"
"Pārdod 2 istabu dzīvokli Rīgas centrā, Katrīnas dambī 14

Piln",https://www.ss.com/msg/en/real-estate/flats/riga/centre/agbng.html,Centre Katrinas d. 14,2,52,2/4,New,"135,200  €"
Pārdošanā tiek piedāvāts izsmalcināts un plašs 6-istabu dzīvokli,https://www.ss.com/msg/en/real-estate/flats/riga/centre/bfefdm.html,Centre Vilandes 6,6,204,4/4,Recon.,"495,000  €"
"Pārdod gaumīgu trīs istabu dzīvokli pie Juglas ezera, Bonaventur",https://www.ss.com/msg/en/real-estate/flats/riga/bergi/bdifd.html,Bergi Brivibas g. 446,3,129,1/3,New,"250,000  €"
"Patiesi autentisks dzīvoklis prestižajā Baznīcas ielā 37

Pati",https://www.ss.com/msg/en/real-estate/flats/riga/centre/ekkxd.html,Centre Baznicas 37,4,144,3/5,Pre-war house,"435,000  €"
"Pārdod mājīgu 1 istabas dzīvokli ar svaigu, mūsdienīgu remontu.",https://www.ss.com/msg/en/real-estate/flats/riga/teika/bxxco.html,Teika Vairoga 21,1,49,1/5,Spec. pr.,"56,500  €"
"Dzīvošanai gatavs, mājīgs dzīvoklis vislabākajā rajona lokācijā.",https://www.ss.com/msg/en/real-estate/flats/riga/daugavgriva/gjmej.html,Daugavgriva Pleksnes 6,1,36,3/5,Sm.fam.,"37,500  €"
Mājīgs dzīvoklis ar personīgo glabāšanas telpu vēsturiskā ēkā –,https://www.ss.com/msg/en/real-estate/flats/riga/grizinkalns/bpnfxg.html,Grizinkalns Zvaigzhnu 2B,1,38,1/5,Pre-war house,"42,500  €"
"Pārdod mājīgu 3-istabu dzīvokli Zolitūdē. 

119.sērijas ēka it",https://www.ss.com/msg/en/real-estate/flats/riga/zolitude/bxhkl.html,Zolitude Biezina 11,3,81,7/10,119-th,"77,500  €"
Attīstītājs piedāvā iegādāties mūsdienīgu trīsistabu dzīvokli ar,https://www.ss.com/msg/en/real-estate/flats/riga/ziepniekkalns/acbme.html,Ziepniekkalns Bauskas 57,3,68,1/5,New,"150,000  €"
Attīstītājs piedāvā iegādāties mūsdienīgu trīsistabu dzīvokli ar,https://www.ss.com/msg/en/real-estate/flats/riga/tornjakalns/dbdfl.html,Tornjakalns Bauskas 57,3,68,1/5,New,"150,000  €"
"Pārdošanā tiek piedāvāts plašs, gaišs un pārdomāti plānots trīsi",https://www.ss.com/msg/en/real-estate/flats/riga/yugla/aefmx.html,Yugla Brivibas g. 446,3,116,2/4,New,"240,000  €"
"Iebūvēta virtuve jau iekļauta cenā. 

Pārdošanā 3 istabu dzīvo",https://www.ss.com/msg/en/real-estate/flats/riga/agenskalns/ajjxx.html,Agenskalns Lielirbes 9a,3,47,3/4,New,"119,000  €"
"Iebūvēta virtuve jau iekļauta cenā. 

Pārdošanā 3 istabu dzīvo",https://www.ss.com/msg/en/real-estate/flats/riga/shampeteris-pleskodale/fghdj.html,Shampeteris-Pleskodale Lielirbes 9A,3,47,3/4,New,"119,000  €"
"3 istabu dzīvoklis Imantas centrā. 

Dzīvoklis Jūs iepriecinās",https://www.ss.com/msg/en/real-estate/flats/riga/imanta/aleno.html,Imanta Anninmuizhas boulevard,3,62,6/9,602-th,"65,000  €"
Dzīvoklis ar kompaktu plānojumu - istabas ir lielas un izolētas,https://www.ss.com/msg/en/real-estate/flats/riga/ziepniekkalns/hbnhi.html,Ziepniekkalns Vainodes 22,2,47,2/5,Lit pr.,"46,000  €"
Pārdod mājīgu divistabu dzīvokli Rīgas centrā – Timoteja ielā 1A,https://www.ss.com/msg/en/real-estate/flats/riga/centre/abxol.html,Centre Timoteja 1A,2,52,2/4,Pre-war house,"83,230  €"
"Dzīvoklis ar autosstāvvietu pagalmā, pašā Rīgas centrā. 
Lielis",https://www.ss.com/msg/en/real-estate/flats/riga/centre/begngg.html,Centre Birznieka-Upisha 15a,1,25,2/2,Pre-war house,"38,500  €"
Pārdod trīsistabu dzīvokli Čiekurkalnā – Čiekurkalna 2.līnijā 45,https://www.ss.com/msg/en/real-estate/flats/riga/chiekurkalns/hijno.html,Chiekurkalns Chiekurkalna 2. l. 45,3,54,1/2,Pre-war house,"43,000  €"
"Pārdod kompaktu dzīvokli Rīgā – Kristapa ielā 8, Āgenskalnā.",https://www.ss.com/msg/en/real-estate/flats/riga/agenskalns/bxibbo.html,Agenskalns Kristapa 8,1,12,1/4,Spec. pr.,"18,500  €"
"Pārdod plašu 3 istabu dzīvokli Rīgas centrā, Skolas ielā 25.",https://www.ss.com/msg/en/real-estate/flats/riga/centre/bcijkg.html,Centre Skolas 25,3,72,3/5,Pre-war house,"150,000  €"
"Dzīvokļa plānojums:
2 izolētas istabas
Plaša viesistaba apvien",https://www.ss.com/msg/en/real-estate/flats/riga/centre/bexxjc.html,Centre Brivibas 72,3,82,5/5,Pre-war house,"193,000  €"
"Квартира в тихом центре района, в хорошем состоянии. Документы в",https://www.ss.com/msg/en/real-estate/flats/riga/purvciems/gfbnf.html,Purvciems Ilukstes 107/2,1,32,8/9,467-th,"50,000  €"
"Pārdod divistabu dzīvokli Teikā – Āraišu ielā 24, Rīgā. 
Piedāv",https://www.ss.com/msg/en/real-estate/flats/riga/teika/ccpil.html,Teika Araishu 24,2,50,2/2,Pre-war house,"94,300  €"
"Pārdod mājīgu vienistabas dzīvokli Rīgā – Mores ielā 5, Mangaļos",https://www.ss.com/msg/en/real-estate/flats/riga/mangali/nooox.html,Mangali Mores 5,1,31,2/5,Chrusch.,"31,000  €"
"Pārdod 2 istabu dzīvokli. 

Dzīvoklis atrodas mājas 2. stāvā.",https://www.ss.com/msg/en/real-estate/flats/riga/kengarags/bbdclk.html,Kengarags Latgales 309,2,50,2/5,Lit pr.,"58,000  €"
"Īpašums atrodas Liepājas ielā 78C, Bieriņu apkaimē vienā no Rīga",https://www.ss.com/msg/en/real-estate/flats/riga/bierini/dhldc.html,Bierini Liepajas 78C,2,58,3/4,New,"130,500  €"
"Агентов просьба не беспокоиться. 

Теплая, сухая квартира. Не",https://www.ss.com/msg/en/real-estate/flats/riga/mangali/edixo.html,Mangali Sliezhu 35,1,26,1/5,Chrusch.,"37,900  €"
"Ppārdod skaistu un mājīgu 3-istabu dzīvokli. 
Ērts plānojums -",https://www.ss.com/msg/en/real-estate/flats/riga/maskavas-priekshpilseta/djcjk.html,Latgales priekshpilset Kraslavas 22,3,75,1/5,Recon.,"133,000  €"
"Pārdod renovētu 3 istabu dzīvokli Kadiķu ielā 3, Sarkandaugavā.",https://www.ss.com/msg/en/real-estate/flats/riga/sarkandaugava/idllm.html,Sarkandaugava Kadiku 3,3,60,1/2,Pre-war house,"91,000  €"
"Продаётся 2-комнатная квартира в Вецмилгрависе. 
Тёплая, солнеч",https://www.ss.com/msg/en/real-estate/flats/riga/vecmilgravis/hbegx.html,Vecmilgravis Emmas 1,2,49,4/5,Lit pr.,"35,000  €"
"Pārdodam dzīvokli Ūnijas ielā 34.
Koka māja, zeme īpašumā. 
Dz",https://www.ss.com/msg/en/real-estate/flats/riga/teika/dhhbe.html,Teika Unijas 34,1,30,1/1,Pre-war house,"22,000  €"
"Pārdodam plašu 2 istabu dzīvokli, kur katrs kvadrātmetrs ir pārd",https://www.ss.com/msg/en/real-estate/flats/riga/purvciems/oodkl.html,Purvciems Puces 51,2,49,1/9,602-th,"59,000  €"
"Квартира под ремонт 
Новые пластиковые окна и застекленная лодж",https://www.ss.com/msg/en/real-estate/flats/riga/bolderaya/foiof.html,Bolderaya Plata 18/1,3,73,5/5,Spec. pr.,"55,500  €"
"Vieta, kur panorāmas skati satiekas ar pilsētas komfortu. 
Māja",https://www.ss.com/msg/en/real-estate/flats/riga/shampeteris-pleskodale/adedb.html,Shampeteris-Pleskodale Lielirbes 13,3,93,4/22,New,"175,000  €"
"Pārdod mājīgu, saulainu 3 istabu dzīvokli. 
Dzīvoklis tiek pārd",https://www.ss.com/msg/en/real-estate/flats/riga/zolitude/bchofj.html,Zolitude Lejina 6,3,78,10/10,119-th,"103,500 €"
"Pārdodam mājīgu un pārdomātu 1-istabas dzīvokli, ar svaigu, mūsd",https://www.ss.com/msg/en/real-estate/flats/riga/purvciems/dghkn.html,Purvciems Ilukstes 54 k-6,1,42,5/5,Sm.fam.,"58,000  €"
Gaišs un gatavs dzīvošanai jūsu jaunais dzīvoklis Grīziņkalnā.,https://www.ss.com/msg/en/real-estate/flats/riga/centre/befgol.html,Centre Valmieras 28,3,70,2/5,Recon.,"175,000  €"
Patīkams mini dzīvoklis ar stāvvietu slēgtā pagalmā. Ēka atrodas,https://www.ss.com/msg/en/real-estate/flats/riga/centre/bdpfil.html,Centre Matisa 58,1,22,2/2,Pre-war house,"29,500  €"
"Pārdošanā pieejams dzīvoklis bez apdares, kas ļauj jaunajam īpaš",https://www.ss.com/msg/en/real-estate/flats/riga/agenskalns/bxlnxo.html,Agenskalns Ranka d. 31,2,54,4/4,Recon.,"118,000  €"
Pārdod plašu un funkcionālu piecu istabu dzīvokli ar savu privāt,https://www.ss.com/msg/en/real-estate/flats/riga/purvciems/ebpnh.html,Purvciems Braslas 19a,5,161,1/6,New,"225,000  €"
Pārdošanā kopts un mājīgs divistabu dzīvoklis ar skatu uz kluso,https://www.ss.com/msg/en/real-estate/flats/riga/purvciems/fbjmb.html,Purvciems Zhagatu 20,2,49,1/9,602-th,"59,990  €"
"Pārdošanā mājīgs, gaišs dzīvoklis, kas rūpīgi iekārtots ērtai un",https://www.ss.com/msg/en/real-estate/flats/riga/mezhapark/lxhce.html,Mezhapark Gaujas 63,2,31,3/4,New,"78,000  €"
"Pārdošanā mājīgs, gaišs dzīvoklis, kas rūpīgi iekārtots ērtai un",https://www.ss.com/msg/en/real-estate/flats/riga/teika/bdobgh.html,Teika Vijciema 8,2,31,3/4,New,"78,000  €"
"Pārdošanā mājīgs, gaišs un mēbelēts dzīvoklis ar visu nepiecieša",https://www.ss.com/msg/en/real-estate/flats/riga/chiekurkalns/binojg.html,Chiekurkalns Chiekurkalna 7. cr. l.,2,31,2/4,New,"84,455  €"
Pārdošanā plašs un saulains vienistabas dzīvoklis klusā lokācijā,https://www.ss.com/msg/en/real-estate/flats/riga/kengarags/adpfn.html,Kengarags Prushu 17 k2,1,33,2/4,Spec. pr.,"34,500  €"
Tiek pārdots 4-istabu divstāvīgs dzīvoklis renovētā mājā. Pilnīb,https://www.ss.com/msg/en/real-estate/flats/riga/plyavnieki/bfdkff.html,Plyavnieki Rencenu 40,4,78,2/5,Recon.,"89,000  €"
"Хозяйка продаёт двухкомнатную квартиру. 

Квартира полностью о",https://www.ss.com/msg/en/real-estate/flats/riga/darzciems/ailnj.html,Darzciems Jaunrozes 9/k1,2,42,2/3,Spec. pr.,"41,580 €"
Pārdod gaišu un labi uzturētu 2 istabu dzīvokli ēkas 2. stāvā. D,https://www.ss.com/msg/en/real-estate/flats/riga/ziepniekkalns/hhnij.html,Ziepniekkalns Valdeku 51,2,60,2/10,119-th,"61,000  €"
"Продаётся 1-комнатная квартира на Nīcgales iela, 32, 16 м², 5/5",https://www.ss.com/msg/en/real-estate/flats/riga/purvciems/alhge.html,Purvciems Nicgales 23,1,32,5/5,Lit pr.,"31,967  €"
Pārdod ekskluzīvu 4-istabu dzīvokli ideālā stāvoklī ar mēbelēm u,https://www.ss.com/msg/en/real-estate/flats/riga/darzciems/debnd.html,Darzciems Zundфnu 5,4,73,5/9,602-th,"95,000 €"
Īpašnieks pārdod elegantu 2-istabu dzīvokli M. Eizenšteina Jūgen,https://www.ss.com/msg/en/real-estate/flats/riga/maskavas-priekshpilseta/epjgj.html,Latgales priekshpilset Lomonosova 3,2,49,5/6,Pre-war house,"68,990  €"
"Iegādei piedāvājam mēbelētu, ar sadzīves tehniku aprīkotu divist",https://www.ss.com/msg/en/real-estate/flats/riga/centre/ecpdf.html,Centre Pulkv. Briezha 10,2,35,5/7,New,"137,088  €"
"Pārdod gaišu, saulainu un mājīgu dzīvokli ar remontu. 
Tajā ir",https://www.ss.com/msg/en/real-estate/flats/riga/chiekurkalns/ejnkh.html,Chiekurkalns Rusova 28,1,42,5/5,Sm.fam.,"54,900  €"
"Jaunais dzīvokļu projekts Rīgā – Hospitāļu iela 49

Mūsdienīga",https://www.ss.com/msg/en/real-estate/flats/riga/centre/adfhk.html,Centre Hospitalu 49,3,53,2/8,New,"173,279  €"
"Jaunais dzīvokļu projekts Rīgā – Hospitāļu iela 49

Mūsdienīga",https://www.ss.com/msg/en/real-estate/flats/riga/centre/eobec.html,Centre Hospitalu 49,3,71,2/8,New,"207,617  €"
Attīstītājs piedāvā iegādāties dzīvokli pilnībā renovētā mājā Da,https://www.ss.com/msg/en/real-estate/flats/riga/centre/bcimch.html,Centre Sadovnikova 30,1,20,1/5,Recon.,"44,500  €"
"Steidzami pārdošanā 2 istabu mēbelēts, nesen renovēts dzīvoklis.",https://www.ss.com/msg/en/real-estate/flats/riga/sarkandaugava/agdxl.html,Sarkandaugava Aptiekas 6,2,48,4/5,Stalin project,"59,040  €"
Piedāvājam iegādāties 3 istabu dzīvoki Rīgas centrā. Dzīvoklis a,https://www.ss.com/msg/en/real-estate/flats/riga/centre/cidcc.html,Centre Brivibas 74,3,92,3/6,Stalin project,"227,000  €"
Pārdodam pilnībā renovētu 2-istabu dzīvokli pašā Rīgas centra.,https://www.ss.com/msg/en/real-estate/flats/riga/centre/bepxxk.html,Centre Brivibas 68,2,45,2/6,Recon.,"158,900  €"
Pārdodam pilnībā renovētu 2-istabu dzīvokli pašā Rīgas centra.,https://www.ss.com/msg/en/real-estate/flats/riga/centre/ekjno.html,Centre Brivibas 68,2,49,3/6,Recon.,"171,850  €"
"Iegādājies dzīvokli tikko renovētā ēkā Grīziņkalnā. 

Dzīvokļi",https://www.ss.com/msg/en/real-estate/flats/riga/grizinkalns/bpnjpo.html,Grizinkalns Zvaigzhnu 21,1,21,3/5,Recon.,"49,440  €"
Pārdod 3 -istabu dzīvokli ar 22 m2 terasi jaunajā projektā Mn22,https://www.ss.com/msg/en/real-estate/flats/riga/agenskalns/bxehjm.html,Agenskalns M. Nometnu 22,3,74,3/3,New,"190,500  €"
"Premium klases dzīvokļi Rīgas centrā – Lāčplēša ielā 36.

Ēka",https://www.ss.com/msg/en/real-estate/flats/riga/centre/bhlki.html,Centre Lachplesha 36,3,60,2/5,Recon.,"228,380  €"
"Matīsa ielā 93 pieejama atvērta plānojuma telpa, kas gaida savu",https://www.ss.com/msg/en/real-estate/flats/riga/centre/bmnmj.html,Centre Matisa 93,2,91,5/5,Pre-war house,"37,000  €"
Piedāvājam iegādāties plašu 3 istabu dzīvokli ar atsevišķu virtu,https://www.ss.com/msg/en/real-estate/flats/riga/centre/bemhfh.html,Centre Mīlenbaha 1,3,74,2/6,Recon.,"149,500  €"
"Pilnībā mēbelēts divu istabu dzīvoklis Rīgas centrā, Marijas iel",https://www.ss.com/msg/en/real-estate/flats/riga/centre/bclfox.html,Centre Marijas 14,2,34,6/6,Recon.,"129,000  €"
Pārdošanā neliels 3. istabu dzīvoklis jaunajā projektā “Bieriņu,https://www.ss.com/msg/en/real-estate/flats/riga/bierini/cfpgde.html,Bierini Kantora 10,3,48,1/2,New,"126,805  €"
Pārdošanā 2 istabu dzīvoklis jaunajā projektā “Bieriņu parks” –,https://www.ss.com/msg/en/real-estate/flats/riga/bierini/cfpfob.html,Bierini Kantora 10,2,38,2/2,New,"104,225  €"
Lieliska iespēja iegūt savā īpašumā plašu un gaišu mansarda dzīv,https://www.ss.com/msg/en/real-estate/flats/riga/centre/apnnj.html,Centre Etnas 8,4,161,5/5,Pre-war house,"255,000  €"
Pārdošanā kvalitatīvs 2 istabu dzīvoklis renovētā iekšpagalma mā,https://www.ss.com/msg/en/real-estate/flats/riga/grizinkalns/bppcfg.html,Grizinkalns Chaka 113a,2,46,1/6,Recon.,"115,500  €"
"Pārdodas gaišs un mājīgs 2 istabu dzīvoklis Ķengaragā. 

Tiek",https://www.ss.com/msg/en/real-estate/flats/riga/kengarags/bdnggx.html,Kengarags Lokomotives 46,2,38,1/5,Lit pr.,"59,000 €"
"Īpašnieks pārdod 1-istabas dzīvokli Jugla. 
Zemi komunālo pakal",https://www.ss.com/msg/en/real-estate/flats/riga/yugla/exlmg.html,Yugla Meiju 2,1,39,5/5,Sm.fam.,"36,000  €"
"Aģentus lūdzu netraucēt .

Klusa un gaiša 3 istabu oāze pašā R",https://www.ss.com/msg/en/real-estate/flats/riga/centre/ecgji.html,Centre Valdemara 9,3,89,2/2,Pre-war house,"184,000  €"
Divu līmeņu (1. un 2. stāvi) dzīvoklis sētas mājā. Nepieciešams,https://www.ss.com/msg/en/real-estate/flats/riga/centre/bepohm.html,Centre Zaubes 22,6,172,2/6,Pre-war house,"142,000  €"
Plašs un saulains 3-istabu dzīvoklis ar divām vannas istabām un,https://www.ss.com/msg/en/real-estate/flats/riga/centre/behcdb.html,Centre Skanstes 29A,3,87,17/23,New,"280,000  €"
"Pārdod 2-istabu dzīvokli 464.sērijas mājā Rīgā, Imantā, Dammes i",https://www.ss.com/msg/en/real-estate/flats/riga/imanta/eiifj.html,Imanta Dammes 22,2,49,3/5,Lit pr.,"58,400  €"
Īpašnieks pārdod pilnībā aprīkotu 2 istabu dzīvokli ar terasi pr,https://www.ss.com/msg/en/real-estate/flats/riga/kipsala/jkegl.html,Kipsala Zvejnieku 24,2,69,1/3,New,"239,000  €"
"2-istabu dzīvoklis centrā Aleksandra Čaka ielā 132, Rīgā. 
Pirm",https://www.ss.com/msg/en/real-estate/flats/riga/maskavas-priekshpilseta/bclldm.html,Latgales priekshpilset Chaka 132,2,44,2/5,Pre-war house,"86,000  €"
"2-istabu dzīvoklis centrā Aleksandra Čaka ielā 132, Rīgā. 
Pirm",https://www.ss.com/msg/en/real-estate/flats/riga/centre/bfbcbd.html,Centre Chaka 132,2,44,2/5,Pre-war house,"86,000  €"
"Tiek pārdots divistabu dzīvoklis tuvajā Ķengaragā, ļoti labā vie",https://www.ss.com/msg/en/real-estate/flats/riga/kengarags/hmmhb.html,Kengarags Latgales 279 k-1,2,46,5/5,Lit pr.,"38,900 €"
Pilnībā renovēts 2 istabu dzīvoklis Rīgas vēsturiskajā centrā.,https://www.ss.com/msg/en/real-estate/flats/riga/centre/dfced.html,Centre Dzirnavu 157,2,49,2/3,Pre-war house,"119,000  €"
Tiek pārdots plašs un saulains vienistabas dzīvoklis ķieģeļu māj,https://www.ss.com/msg/en/real-estate/flats/riga/yugla/gdped.html,Yugla Vangazhu 11,1,37,7/12,Spec. pr.,"37,000  €"
"Dzīvoklim ir unikāls skats pa logiem uz zaļumiem un debesīm, kas",https://www.ss.com/msg/en/real-estate/flats/riga/kengarags/aimpp.html,Kengarags Vishku 1,3,60,9/9,467-th,"95,000  €"
Lieliska iespēja iegādāties gaumīgu un mājīgu 2-istabu dzīvokli,https://www.ss.com/msg/en/real-estate/flats/riga/centre/bcjnld.html,Centre Barona 129,2,50,3/6,Recon.,"122,000  €"
"Pārdod 2 istabu dzīvokli “Ligzdu Parkā” 72 m² platībā, ar gāzes",https://www.ss.com/msg/en/real-estate/flats/riga/ziepniekkalns/afebp.html,Ziepniekkalns Ziepniekkalna 64k1,2,72,2/5,New,"135,000  €"
Projekta attīstītājs pārdod dzīvokli jaunajā projektā – Matīsa N,https://www.ss.com/msg/en/real-estate/flats/riga/centre/abckf.html,Centre Matisa 27,2,39,1/6,Recon.,"71,900  €"
Projekta attīstītājs pārdod dzīvokli jaunajā projektā – Matīsa N,https://www.ss.com/msg/en/real-estate/flats/riga/centre/bcikco.html,Centre Matisa 27,5,104,2/6,Recon.,"169,500  €"
"Lv
Tiek pārdots dzīvoklis siltinātā mājā ar plašu iekšpagalmu.",https://www.ss.com/msg/en/real-estate/flats/riga/chiekurkalns/cifpc.html,Chiekurkalns Chiekurkalna 4. cr. l.,5,147,1/2,Recon.,"189,000  €"
Projekta attīstītājs pārdod dzīvokli jaunajā projektā – Matīsa N,https://www.ss.com/msg/en/real-estate/flats/riga/centre/begdxk.html,Centre Matisa 27,4,76,2/6,Recon.,"133,500  €"
"Pārdodas plašs un patīkams dzīvoklis ar ērtu plānojumu, ļoti lab",https://www.ss.com/msg/en/real-estate/flats/riga/zolitude/adcge.html,Zolitude Anninmuizhas 13,3,78,2/12,New,"125,900  €"
"Pilnībā pabeigts un mēbelēts dzīvoklis jaunā projektā. 
2 istab",https://www.ss.com/msg/en/real-estate/flats/riga/chiekurkalns/cmmbj.html,Chiekurkalns Ezermalas 4,2,21,1/5,Recon.,"58,000  €"
"Pilnībā pabeigts un mēbelēts dzīvoklis jaunā projektā. 
2 istab",https://www.ss.com/msg/en/real-estate/flats/riga/mezhapark/aghep.html,Mezhapark Ezermalas 4,2,21,1/5,Recon.,"58,000  €"
"Tiek pārdots gaišs 1-istabas dzīvoklis Čiekurkalnā, ērtā un klus",https://www.ss.com/msg/en/real-estate/flats/riga/chiekurkalns/bckmed.html,Chiekurkalns Teraudlietuves 16,1,20,1/2,Pre-war house,"25,000  €"
"Pārdod 2 istabu dzīvokli Iļģuciemā, Staļina laika projekta mājā",https://www.ss.com/msg/en/real-estate/flats/riga/ilguciems/fckdm.html,Ilguciems Benes 1A,2,43,2/3,Stalin project,"68,000  €"
"Brīvības ielā tiek pārdots kompakts, funkcionāls un gaišs dzīvok",https://www.ss.com/msg/en/real-estate/flats/riga/centre/dlcnc.html,Centre Brivibas 133,2,33,4/4,Pre-war house,"55,000  €"
Piedāvājumā plašs 4 istabu dzīvoklis vēsturiskā jūgendstila namā,https://www.ss.com/msg/en/real-estate/flats/riga/centre/hcppo.html,Centre Brivibas 105,4,90,1/5,Recon.,"197,000  €"
"Gaišs un kopts dzīvoklis ar ērtu plānojumu klusā vietā. 

Plān",https://www.ss.com/msg/en/real-estate/flats/riga/vecmilgravis/bkxnpk.html,Vecmilgravis Edzhina g. 9,3,68,1/5,Lit pr.,"60,000  €"
Lūgums mākleriem netraucēt un nepiedāvāt nekāda veida palīdzību,https://www.ss.com/msg/en/real-estate/flats/riga/centre/abggp.html,Centre Chaka 33,3,71,3/7,Pre-war house,"192,000  €"
"Dzīvoklis ir brīvs; aprīkojumā ietilpst metāla ārdurvis, pakešu",https://www.ss.com/msg/en/real-estate/flats/riga/chiekurkalns/cifxd.html,Chiekurkalns Chiekurkalna 7. cr. l.,1,21,2/2,Pre-war house,"12,200  €"
"Pilnībā atjaunots 2 istabu dzīvoklis ar autonomu gāzes apkuri, a",https://www.ss.com/msg/en/real-estate/flats/riga/centre/fxlmd.html,Centre Bruninieku 92,2,42,2/2,Pre-war house,"82,500 €"
"Skandināvu komforts vēsturiskajā Kleistu muižā
Tiek pārdots uni",https://www.ss.com/msg/en/real-estate/flats/riga/imanta/afofh.html,Imanta Kleistu 75,1,48,1/2,Pre-war house,"65,500  €"
Tiek pārdots 2-istabu dzīvoklis ar ļoti labu planojumu - divas i,https://www.ss.com/msg/en/real-estate/flats/riga/agenskalns/ahedl.html,Agenskalns Marupes 47,2,52,5/5,Spec. pr.,"85,000  €"
Pārdodam plašu un funkcionālu 1 istabas dzīvokli. Dzīvojāma ista,https://www.ss.com/msg/en/real-estate/flats/riga/centre/cckhf.html,Centre Brivibas 152,1,37,3/7,Spec. pr.,"60,000  €"
"Pārdod 3-istabu dzīvokli Ķengaragā, Prūšu ielā 20

Pārdošanā 3",https://www.ss.com/msg/en/real-estate/flats/riga/kengarags/bjgicm.html,Kengarags Prushu 20,3,53,2/5,Chrusch.,"55,000  €"
"Viesturdārza Rezidence ir dzīvojamā ēka Rīgas klusajā centrā, ku",https://www.ss.com/msg/en/real-estate/flats/riga/centre/bcimbj.html,Centre Vashingtona pl. 2,5,125,4/5,Recon.,"481,828  €"
Attīstītajs piedāvā iegādāties dzīvokļus 1912. gadā celtā pirmsk,https://www.ss.com/msg/en/real-estate/flats/riga/centre/bedneb.html,Centre Brivibas 190,4,72,3/6,Recon.,"112,970  €"
"3 istabuuu dzīvoklis pēc remonta - pretī Rsu

Ir spēkā esošs b",https://www.ss.com/msg/en/real-estate/flats/riga/ilguciems/fnohl.html,Ilguciems Dzirciema 7k1,3,57,2/5,Lit pr.,"91,500  €"
"Светлая, 3-комнатная квартира в центре Вецмилгрависа(литовск ий",https://www.ss.com/msg/en/real-estate/flats/riga/vecmilgravis/aeoji.html,Vecmilgravis Kavu 8,3,56,5/5,Lit pr.,"60,000 €"
"3-Кkkk квартира после ремонта - напротив Rsu

Есть действующая",https://www.ss.com/msg/en/real-estate/flats/riga/dzeguzhkalns/ejxml.html,Dzeguzhkalns Dzirciema 7k1,3,57,2/5,Lit pr.,"91,500  €"
"Iekšpagalma ēka. 
Attīstītajs piedāvā iegādāties dzīvokļus 1912",https://www.ss.com/msg/en/real-estate/flats/riga/centre/bedokk.html,Centre Brivibas 190,2,40,1/6,Recon.,"56,628  €"
"Pārdodu vai mainu dzivokli ar 128 kvadrātmetriem divi stāvi, ļot",https://www.ss.com/msg/en/real-estate/flats/riga/mezhciems/aidlx.html,Mezhciems Eizenshteina 53,6,129,9/10,602-th,"169,000  €"
Attīstītajs piedāvā iegādāties dzīvokļus 1912. gadā celtā pirmsk,https://www.ss.com/msg/en/real-estate/flats/riga/centre/bcipke.html,Centre Brivibas 190,2,55,5/6,Recon.,"86,900  €"
"Trīsistabu dzīvoklis pašā Rīgas centrā, Popovu muižiņā. 
Pagalm",https://www.ss.com/msg/en/real-estate/flats/riga/centre/bcigfc.html,Centre Visvalzha 8,3,87,2/3,Pre-war house,"68,000  €"
"Dzīvoklis ērtā lokācijā: tuvumā sabiedriskā transporta pieturas,",https://www.ss.com/msg/en/real-estate/flats/riga/mangali/apijx.html,Mangali Ezera 13,2,35,1/2,Pre-war house,"31,000  €"
"Pārdošanā 3 istabu dzīvoklis Mangaļu pussala. 
 
 Par īpašumu:",https://www.ss.com/msg/en/real-estate/flats/riga/mangalsala/mglcb.html,Mangalsala Traleru 19,3,67,3/5,103-th,"49,900  €"
Plašs 4 istabu dzīvoklis 103. sērijas mājā ar saskaņotu pārbūvi,https://www.ss.com/msg/en/real-estate/flats/riga/darzciems/bexblx.html,Darzciems Rumbulas 16,4,80,5/5,103-th,"115,000  €"
Pārdod 2 istabu dzīvokli ar balkonu jaunajā projektā Mn22 Kvartā,https://www.ss.com/msg/en/real-estate/flats/riga/agenskalns/aomxx.html,Agenskalns M. Nometnu 22,2,45,3/4,New,"137,900  €"
Pārdošanā pieejams gaišs un plašs 4 istabu dzīvoklis ar pārdomāt,https://www.ss.com/msg/en/real-estate/flats/riga/plyavnieki/ebflg.html,Plyavnieki Grestes 6,4,77,4/9,602-th,"90,500  €"
"Trīsistabu dzīvoklis, nav stūra. Gaišs un silts. 
trīs izolētas",https://www.ss.com/msg/en/real-estate/flats/riga/purvciems/acblp.html,Purvciems Marsa g. 4,3,59,4/5,Lit pr.,"65,000  €"
Unikāla iespēja iegādāties īpašumu pašā Rīgas sirdī – prestižajā,https://www.ss.com/msg/en/real-estate/flats/riga/centre/bclifj.html,Centre Blaumana 20,3,66,6/7,New,"295,900  €"
"Pārdod gaišu un mājīgu 2-istabu dzīvokli Pļavnieku Centrā. 
Log",https://www.ss.com/msg/en/real-estate/flats/riga/plyavnieki/dfpfh.html,Plyavnieki Rudens 12,2,52,8/9,602-th,"61,500  €"
Dzīvoklis ar potenciālu - 3 istabu mansards Kalpaka Rezidencē,https://www.ss.com/msg/en/real-estate/flats/riga/centre/bcjlnh.html,Centre Kalpaka boul. 7,3,86,6/6,Recon.,"315,000  €"
Investīciju iespēja Rīgas Klusajā centrā dzīvoklis cokolstāvā ar,https://www.ss.com/msg/en/real-estate/flats/riga/centre/abnof.html,Centre Veru 3,3,63,1/5,Pre-war house,"72,000  €"
"Pārdod īpašnieks plašu, saulainu un mājīgu 4 istabu dzīvokli Vec",https://www.ss.com/msg/en/real-estate/flats/riga/vecmilgravis/biemep.html,Vecmilgravis Kreimenu 5a,4,75,4/5,Spec. pr.,"70,000  €"
"Pārdod 2-istabu dzīvokli Teikā, Bērzpils ielā, klusā un zaļā apk",https://www.ss.com/msg/en/real-estate/flats/riga/teika/afico.html,Teika Berzpils 61,2,37,2/2,Pre-war house,"46,000  €"
Mierpilns un kluss 3-istabu dzīvoklis ar remontu zaļā un ērtā lo,https://www.ss.com/msg/en/real-estate/flats/riga/kengarags/belbij.html,Kengarags Salaspils 6 k-2,3,60,1/5,Lit pr.,"63,000  €"
Pārdodu tiko remontētu un labiekārtotu 2 istabu dzīvokli netālu,https://www.ss.com/msg/en/real-estate/flats/riga/centre/ahfkd.html,Centre Katrinas d. 6,2,44,1/3,Recon.,"99,500  €"
"Продаётся 3 комнатная квартира не угловая, окна выходят на две с",https://www.ss.com/msg/en/real-estate/flats/riga/imanta/fncdn.html,Imanta Dammes 23,3,62,8/9,602-th,"61,000  €"
"Продается не угловая квартира. Земля в собственности. 
В кварти",https://www.ss.com/msg/en/real-estate/flats/riga/plyavnieki/gkcfo.html,Plyavnieki Jasmuizhas 10,3,63,8/9,602-th,"77,000  €"
"Īpašnieks pārdod 2 istabu dzīvokli zaļā un klusā rajonā. 

Ērt",https://www.ss.com/msg/en/real-estate/flats/riga/darzciems/befdol.html,Darzciems Nicgales 40,2,53,4/5,103-th,"54,000  €"
Ģimenes 4-istabu dzīvoklis Pļavniekos ar oficiālu vērtējumu 91 0,https://www.ss.com/msg/en/real-estate/flats/riga/plyavnieki/fxdhh.html,Plyavnieki Kaudzisu 6,4,63,3/9,602-th,"89,900  €"
"Attīstītājs piedāvā dzīvokli projektā ""Katrīnas pagalms""

Dzīv",https://www.ss.com/msg/en/real-estate/flats/riga/centre/bcjmxd.html,Centre Piena 2,2,62,2/3,Recon.,"137,280  €"
"Trīsistabu dzīvoklis ar 2 vannas istabām ""Deglava Gleznotāju rez",https://www.ss.com/msg/en/real-estate/flats/riga/plyavnieki/beggfo.html,Plyavnieki Dravnieku 3,3,71,6/10,New,"171,540  €"
"Attīstītājs piedāvā iegādāties divistabu dzīvokli ""Deglava Glezn",https://www.ss.com/msg/en/real-estate/flats/riga/plyavnieki/ondie.html,Plyavnieki Dravnieku 3,2,49,5/10,New,"113,680  €"
"Attīstītājs piedāvā iegādāties vienistabas dzīvokli ""Deglava Gle",https://www.ss.com/msg/en/real-estate/flats/riga/plyavnieki/apldd.html,Plyavnieki Dravnieku 3,1,33,7/10,New,"82,562  €"
Pārdodam ļoti plašu un gaišu dzīvokli lieliskā vietā pie Dailes,https://www.ss.com/msg/en/real-estate/flats/riga/centre/adjih.html,Centre Brivibas 73,4,147,4/5,Pre-war house,"249,000  €"
"Продается солнечная, не угловая квартира. 
В квартире имеется з",https://www.ss.com/msg/en/real-estate/flats/riga/vecmilgravis/hglcp.html,Vecmilgravis Melidas 2,1,43,5/5,Sm.fam.,"31,000  €"
"Продается двух комнатная квартира. 
Земля в собственности. 
Не",https://www.ss.com/msg/en/real-estate/flats/riga/yugla/bifkk.html,Yugla Juglas 43,2,49,4/5,Lit pr.,"44,000  €"
"Māja ir nodota ekspluatācijā. 

Attīstītājs piedāvā dzīvokļus",https://www.ss.com/msg/en/real-estate/flats/riga/centre/eiokk.html,Centre Lachplesha 36,1,29,5/5,Recon.,"105,120  €"
Remontēts 2 - istabu dzīvoklis Ķengaragā blakus promenadei un Da,https://www.ss.com/msg/en/real-estate/flats/riga/kengarags/bdpncc.html,Kengarags Latgales 268 k-6,2,43,2/5,Chrusch.,"48,000  €"
"Premium klases dzīvokļi Rīgas centrā – Lāčplēša ielā 36.

Ēka",https://www.ss.com/msg/en/real-estate/flats/riga/centre/bcnhmx.html,Centre Lachplesha 36,2,35,5/5,Recon.,"117,585  €"
"Premium klases dzīvokļi Rīgas centrā – Lāčplēša ielā 36.

Ēka",https://www.ss.com/msg/en/real-estate/flats/riga/centre/ejjmf.html,Centre Lachplesha 36,2,41,1/5,Recon.,"156,940  €"
"Ēka ir tikko nodota ekspluatācijā. 

Dzīvokļi ar pilnu apdari",https://www.ss.com/msg/en/real-estate/flats/riga/centre/bfbmd.html,Centre Zvaigzhnu 21,3,51,4/5,Recon.,"122,880  €"
Jauns 2-istabu dzīvoklis ar terasi 1. stāvā. Dzīvokļa cenā iekļa,https://www.ss.com/msg/en/real-estate/flats/riga/aplokciems/bnbkeh.html,Aplokciems Mores 15,2,57,1/3,New,"118,200  €"
"Atvērta rezervācija. 

Dzīvokļi ar pilnu apdari renovētā ēkā,",https://www.ss.com/msg/en/real-estate/flats/riga/grizinkalns/bpnokf.html,Grizinkalns Zvaigzhnu 21,2,34,2/5,Recon.,"80,160  €"
Attīstītājs piedāvā iegādāties dzīvokli pilnībā renovētā mājā Da,https://www.ss.com/msg/en/real-estate/flats/riga/maskavas-priekshpilseta/bkkpie.html,Latgales priekshpilset Daugavpils 12,2,29,2/5,Recon.,"70,800  €"
Izcils investīciju un dzīvošanas īpašums Rīgas centrā – Skolas i,https://www.ss.com/msg/en/real-estate/flats/riga/centre/cncbf.html,Centre Skolas 36A,3,72,2/4,Recon.,"139,000  €"
"Продаём не просто квартиру продаём место, которое стало для нас",https://www.ss.com/msg/en/real-estate/flats/riga/purvciems/ahggc.html,Purvciems Deglava 61k1,3,80,6/10,New,"160,000  €"
Pārdod elegantu 3 istabu dzīvokli Rīgas centrā – A. Čaka un Matī,https://www.ss.com/msg/en/real-estate/flats/riga/centre/ejppi.html,Centre Chaka 70,3,151,6/6,Pre-war house,"279,000  €"
"Latviešu valodā

Pārdošanā stilīgs, plašs un ļoti gaišs 2 ista",https://www.ss.com/msg/en/real-estate/flats/riga/centre/adjfp.html,Centre Riepnieku 2,2,79,6/6,Stalin project,"179,900  €"
Pārdošanā gaišs un moderns 2 istabu dzīvoklis projektā „Imantas,https://www.ss.com/msg/en/real-estate/flats/riga/imanta/gxfke.html,Imanta Jurmalas g. 82k2,2,53,8/9,New,"140,000  €"
"Pārdodu siltu, gaišu, saulainu un mājīgu dzīvokli, kas atrodas l",https://www.ss.com/msg/en/real-estate/flats/riga/centre/fgone.html,Centre Vesetas 28,2,42,6/6,Chrusch.,"83,200  €"
"Mājā nodota ekspuatācijā. 

Dzīvokļi ar pilnu apdari renovētā",https://www.ss.com/msg/en/real-estate/flats/riga/grizinkalns/cghjgb.html,Grizinkalns Zvaigzhnu 21,1,23,4/6,Recon.,"55,200  €"
"Mājā nodota ekspuatācijā. 

Dzīvokļi ar pilnu apdari renovētā",https://www.ss.com/msg/en/real-estate/flats/riga/grizinkalns/bplfpi.html,Grizinkalns Zvaigzhnu 21,1,23,3/6,Recon.,"55,440  €"
"Zemes domājamās daļas īpašumā. 
Plašs, 43m2 vienistabas dzīvokl",https://www.ss.com/msg/en/real-estate/flats/riga/plyavnieki/gecfx.html,Plyavnieki Saharova 7,1,43,1/9,Sm.fam.,"43,900  €"
Pārdod 3 istabu dzīvokli ar balkonu jaunajā projektā Mn22 Kvartā,https://www.ss.com/msg/en/real-estate/flats/riga/agenskalns/chkpc.html,Agenskalns M. Nometnu 22,3,60,2/4,New,"183,250  €"
Piedāvājumā plašs mājīgs 3 istabu dzīvoklis vienā no zaļākajiem,https://www.ss.com/msg/en/real-estate/flats/riga/vecmilgravis/bjdibl.html,Vecmilgravis Emmas 7,3,68,3/5,Lit pr.,"46,000  €"
Jaunajā dzīvojamajā projektā Island Park vēl ir pieejami dzīvokļ,https://www.ss.com/msg/en/real-estate/flats/riga/zakusala/cfmkcj.html,Zakusala Zakusalas bund 27,3,69,2/3,New,"209,898  €"
"Īpašnieks pārdod 2 istabu dzīvokli, istabas izolētas, vajadzīgs",https://www.ss.com/msg/en/real-estate/flats/riga/sarkandaugava/bcdhxp.html,Sarkandaugava Hapsalas 1 k 3,2,56,1/4,Stalin project,"40,000  €"
"Īpašnieks pārdod 1 istabu dzīvokli, visas ērtības, nepieciešams",https://www.ss.com/msg/en/real-estate/flats/riga/dzeguzhkalns/beofll.html,Dzeguzhkalns Daugavgrivas 74A,1,30,7/12,Spec. pr.,"30,000  €"
"Pārdod 2 istabu dzīvokli 48, 7m² plātībā Melīdas ielā 3 k-1, Vec",https://www.ss.com/msg/en/real-estate/flats/riga/vecmilgravis/cjbfi.html,Vecmilgravis Melidas 3k1,2,49,4/5,Lit pr.,"45,000  €"
"Продаётся просторная, 3-х комнатная квартира в Вецмилгрависе.",https://www.ss.com/msg/en/real-estate/flats/riga/vecmilgravis/cdkdh.html,Vecmilgravis Dombrovska 45,3,63,1/9,602-th,"55,000  €"
Pārdodam dzīvokli Ūnijas ielā 34. Lieliska atrašanās vieta pašā,https://www.ss.com/msg/en/real-estate/flats/riga/teika/hfnlp.html,Teika Unijas 34,1,31,2/2,Pre-war house,"25,000  €"
"Pārdošanā plašs, silts Loft tipa trīsistabu dzīvoklis jaunajā pr",https://www.ss.com/msg/en/real-estate/flats/riga/agenskalns/bejxlj.html,Agenskalns Valentina 16,3,63,4/4,New,"155,000  €"
"Pārdod saulainu, klusu dzīvokli kvalitatīvi renovētā mājā. Renov",https://www.ss.com/msg/en/real-estate/flats/riga/bierini/amdjj.html,Bierini Ives 3,2,46,3/4,Recon.,"109,200  €"
Pārdod plašu 4 istabu dzīvokli 100 m² platībā skaistā pirmskara,https://www.ss.com/msg/en/real-estate/flats/riga/centre/ajcde.html,Centre Terbatas 6,4,100,2/5,Pre-war house,"186,500  €"
Pārdod Rīgas centrā lielu un ļoti gaišu 5 -istabu dzīvokli. Dzīv,https://www.ss.com/msg/en/real-estate/flats/riga/centre/bcjlex.html,Centre Blaumana 21,5,143,5/5,Pre-war house,"385,000  €"
"Klusā Grīziņkalna pagalmā, Vārnu ielā, pārdošanā nonācis dzīvokl",https://www.ss.com/msg/en/real-estate/flats/riga/centre/fjxkb.html,Centre Varnu 11,3,83,1/4,Recon.,"99,000  €"
"Pārdod 1-istabas dzīvokli
Višku iela 15

Pārdošanā mājīgs 1-i",https://www.ss.com/msg/en/real-estate/flats/riga/kengarags/bebncl.html,Kengarags Vishku 15,1,30,3/5,Lit pr.,"45,000  €"
Pārdošanā plašs 2 istabu dzīvoklis ar augstu potenciālu attīstīt,https://www.ss.com/msg/en/real-estate/flats/riga/teika/bexbfg.html,Teika Apes 10,2,66,1/2,Pre-war house,"51,000  €"
"Īpašs dzīvoklis Āgenskalna sirdī – Baložu ielā 5, 5 istabu dzīvo",https://www.ss.com/msg/en/real-estate/flats/riga/agenskalns/bcjhnf.html,Agenskalns Balozhu 5,5,148,3/3,New,"342,000 €"
"Īpašnieks pārdod 3-istabas remontējamu dzīvokli, Purvciema centr",https://www.ss.com/msg/en/real-estate/flats/riga/purvciems/hcmje.html,Purvciems Dzelzavas 76,3,63,2/9,602-th,"65,000  €"
Pārdod dzīvokli pirmskara mūra ēkā Rīgas centrā - ar logiem uz k,https://www.ss.com/msg/en/real-estate/flats/riga/centre/bcigim.html,Centre Brivibas 117,3,62,2/2,Pre-war house,"73,000  €"
"Pārdodu dzīvokli Grīziņkalna apkaimē, A. Čaka un Pērnavas ielas",https://www.ss.com/msg/en/real-estate/flats/riga/grizinkalns/cdnnbx.html,Grizinkalns Chaka 146,2,61,5/5,Pre-war house,"75,000  €"
"2 istabu dzīvoklis jaunā projektā 360 Dzelzavas Residences, piee",https://www.ss.com/msg/en/real-estate/flats/riga/purvciems/bfdilf.html,Purvciems Dzelzavas 74C,2,46,2/13,New,"113,800 €"
2-ist. dzīvoklis jaunā un energoefektīvā projektā “360 Dzelzavas,https://www.ss.com/msg/en/real-estate/flats/riga/purvciems/hffjj.html,Purvciems Dzelzavas 74C,2,47,2/13,New,"114,600 €"
"Īpašnieks pārdod greznu dzīvokli pašā pilsētas centrā. 
Renovēt",https://www.ss.com/msg/en/real-estate/flats/riga/centre/femki.html,Centre Avotu 4,2,34,1/4,Recon.,"127,000  €"
Pārdod plašu 2 istabu dzīvokli ar mūsdienīgu plānojumu un mājīgu,https://www.ss.com/msg/en/real-estate/flats/riga/purvciems/bdnfh.html,Purvciems Ieriku 19,3,63,1/2,Stalin project,"93,000  €"
Rīgas centrā tiek pārdots 2-istabu saulains un elegants dzīvokli,https://www.ss.com/msg/en/real-estate/flats/riga/centre/cbnki.html,Centre Brivibas 68,2,45,2/6,Recon.,"158,900  €"
Divu telpu dzīvoklis (57.3kv. m. ) koka mājā. Remontējams. Ūdens,https://www.ss.com/msg/en/real-estate/flats/riga/agenskalns/bxjeb.html,Agenskalns Kuldigas 45A,2,57,3/3,Pre-war house,"22,000  €"
Īpašnieks pārdod ekskluzīvu divu līmeņu dzīvokli pašā Vecrīgas s,https://www.ss.com/msg/en/real-estate/flats/riga/vecriga/djgne.html,Vecriga Teatra 2,6,360,7/7,Spec. pr.,"975,000  €"
"Pārdod divistabu dzīvokli franču projektā Purvciemā. 
Franču pr",https://www.ss.com/msg/en/real-estate/flats/riga/purvciems/ccnbx.html,Purvciems Madonas 21,2,56,10/18,Spec. pr.,"75,500  €"
"No īpašnieka. Bez parādiem, bez apgrūtinājumiem. Zeme ir īpašumā",https://www.ss.com/msg/en/real-estate/flats/riga/mezhapark/adhmx.html,Mezhapark Ezermalas 2a,3,80,2/12,Czech pr.,"83,000  €"
"Pašā Rīga sirdī, pretī pilsētas kanālam, pārdodam 3-istabu mansa",https://www.ss.com/msg/en/real-estate/flats/riga/centre/cpcph.html,Centre Raina boul. 3A,3,64,6/6,Recon.,"140,000  €"
Attīstītājs pārdod penthouse tipa dzīvokli Nr. 13 ir ar plašu pa,https://www.ss.com/msg/en/real-estate/flats/riga/centre/dlhgb.html,Centre Skolas 17,5,181,6/7,New,"778,936  €"
Attīstītājs pārdod 2 ist. dzīvokli renovētā dzīvokļu kompleksā B,https://www.ss.com/msg/en/real-estate/flats/riga/centre/abhoe.html,Centre Brivibas 91,2,40,1/6,Recon.,"95,000  €"
Attīstītājs pārdod 1 ist. dzīvokli renovētā dzīvokļu kompleksā B,https://www.ss.com/msg/en/real-estate/flats/riga/centre/bekdlb.html,Centre Brivibas 91,1,40,6/6,Recon.,"94,000  €"
Attīstītājs pārdod 1 ist. dzīvokli renovētā dzīvokļu kompleksā B,https://www.ss.com/msg/en/real-estate/flats/riga/centre/fgofo.html,Centre Brivibas 91,1,40,5/6,Recon.,"94,000  €"
Attīstītājs pārdod 1 ist. dzīvokli renovētā dzīvokļu kompleksā B,https://www.ss.com/msg/en/real-estate/flats/riga/centre/ckhmd.html,Centre Brivibas 91,1,38,2/6,Recon.,"90,000  €"
Elegants 3 istabu dzīvoklis Klusajā Centrā - īpaši mājīgs mansar,https://www.ss.com/msg/en/real-estate/flats/riga/centre/bcmfcm.html,Centre Kalpaka boul. 7,3,83,5/5,Recon.,"380,000  €"
Izolētas istabas. Dzīvokļa stāvvadi ir nomainīti. Dzivokļa laba,https://www.ss.com/msg/en/real-estate/flats/riga/plyavnieki/djmbh.html,Plyavnieki J. Vaciesha 4,2,52,3/9,602-th,"56,000  €"
Gaišs un plašs dzīvoklis ar mūsdienīgu dizainu kvalitatīvā ķieģe,https://www.ss.com/msg/en/real-estate/flats/riga/centre/emdng.html,Centre Skolas 34,3,94,1/7,Spec. pr.,"190,000  €"
"Tiek piedāvāts gaišs, silts un pārdomāts studio tipa divu istabu",https://www.ss.com/msg/en/real-estate/flats/riga/purvciems/bbnige.html,Purvciems Stirnu 13b,2,39,2/5,Lit pr.,"68,000  €"
Dzīvoklis + autostāvvieta. Pārdodam mājīgu 2-istabu dzīvokli ar,https://www.ss.com/msg/en/real-estate/flats/riga/centre/ffbeh.html,Centre Vezhu 14,2,66,1/7,New,"120,000  €"
Pārdod 1 istabas dzīvokli Mangaļos ar ļoti labu lokāciju – tikai,https://www.ss.com/msg/en/real-estate/flats/riga/mangali/aedig.html,Mangali Ezera 11,1,32,2/4,Stalin project,"29,500  €"
"Pārdodu divistabu dzīvokli Purvciemā. Ēka iekšpagalmā, tāpēc ned",https://www.ss.com/msg/en/real-estate/flats/riga/purvciems/ahkxi.html,Purvciems Raunas 39/2,2,41,1/5,Chrusch.,"46,000  €"
"5-istabu dzīvoklis, 93 kv. m. platībā, Dzirnavu ielā, kvartālā s",https://www.ss.com/msg/en/real-estate/flats/riga/centre/dkblx.html,Centre Dzirnavu 89,5,93,1/5,Pre-war house,"146,000  €"
"Īpašnieks pārdod renovētu trīsistabu dzīvokli ar visām ērtībām,",https://www.ss.com/msg/en/real-estate/flats/riga/dreilini/fjpfg.html,Dreilini Bikernieku 220,3,77,3/5,103-th,"85,000  €"
Продаётся уютная 2-комнатная квартира в тихом и удобном для прож,https://www.ss.com/msg/en/real-estate/flats/riga/purvciems/ggcgl.html,Purvciems Ieriku 14,2,45,2/2,Stalin project,"66,000  €"
"Remontts, izolētas istabas, lodžija, iebūvēta virtuve un skapis,",https://www.ss.com/msg/en/real-estate/flats/riga/centre/ahgbo.html,Centre Stabu 104,3,61,4/5,Lit pr.,"90,300  €"
"Vecrīgā daudzfunkcionālas telpas 1stavā 48kvm
Daudzfunkcionālas",https://www.ss.com/msg/en/real-estate/flats/riga/vecriga/befmdp.html,Vecriga Vagnera 12,2,48,1/4,Pre-war house,"139,000  €"
"Pārdodu Kapitāli remontētu dzīvokli Renovētā mājā, kurš ļoti vei",https://www.ss.com/msg/en/real-estate/flats/riga/grizinkalns/cdngid.html,Grizinkalns Avotu 66A,2,34,1/5,Recon.,"67,000  €"
Pārdodu 2-istabu dzīvokli ar divām izolētām istabām. Viena istab,https://www.ss.com/msg/en/real-estate/flats/riga/imanta/gdeni.html,Imanta Zentenes 11,2,49,1/5,Lit pr.,"60,000  €"
Pārdod autentisku dzīvokli Čaka ielā ar saglabātām vēsturiskām d,https://www.ss.com/msg/en/real-estate/flats/riga/centre/bckepl.html,Centre Chaka 49,4,96,2/5,Pre-war house,"116,900  €"
Pārdod plašu telpu dzīvoklim dzīvojamā mājā. Divas atsevišķas ie,https://www.ss.com/msg/en/real-estate/flats/riga/kengarags/fbcoo.html,Kengarags Latgales 248,5,114,1/9,467-th,"95,000  €"
"Pārdodu dzīvokli 2.stāvā ar divām atsevišķām istabām, pa vidu ko",https://www.ss.com/msg/en/real-estate/flats/riga/kengarags/dbccc.html,"Kengarags Prushu 22, k-4",2,44,2/5,Chrusch.,"48,000  €"
"Dzīvoklis 10 – komfortabla dzīve renovētā ēkā Āgenskalnā

Piedāv",https://www.ss.com/msg/en/real-estate/flats/riga/agenskalns/hpnoo.html,Agenskalns Zellu 13,2,40,3/3,Recon.,"134,166  €"
"Tiek pārdots gaišs trīsistabu dzīvoklis

 Dzīvokļa kopējā plat",https://www.ss.com/msg/en/real-estate/flats/riga/sarkandaugava/fpbgo.html,Sarkandaugava Tvaika 48,3,56,2/5,Chrusch.,"55,000  €"
"Продается не угловая, солнечная квартира с балконом. Дом построе",https://www.ss.com/msg/en/real-estate/flats/riga/vecmilgravis/bhond.html,Vecmilgravis Emmas 3a,2,48,2/5,Chrusch.,"48,500  €"
Piedāvājumā svaigi renovēts plašs un mājīgs 3 istabu dzīvoklis v,https://www.ss.com/msg/en/real-estate/flats/riga/centre/dklfp.html,Centre Zala 3,3,80,1/4,Pre-war house,"219,000  €"
"Īpašniece pārdod gaišu un mājīgu 2-istabu dzīvokli Teikā. 
Viss",https://www.ss.com/msg/en/real-estate/flats/riga/teika/bcijpj.html,Teika Raunas 37,2,41,1/5,Chrusch.,"79,700  €"
Projekta attīstītājs pārdod dzīvokli jaunajā projektā – Matīsa N,https://www.ss.com/msg/en/real-estate/flats/riga/centre/aegfn.html,Centre Matisa 27,3,54,2/6,Recon.,"113,500  €"
"Pārdodu plašu trīsistabas dzīvokli pašā Vecrīgas sirdī. 
Atroda",https://www.ss.com/msg/en/real-estate/flats/riga/vecriga/nbgnx.html,Vecriga Kaleju 74,3,102,3/4,New,"235,000  €"
"Продаётся уютная 1-комнатная квартира в Мангале, в отличном сост",https://www.ss.com/msg/en/real-estate/flats/riga/mangali/beckc.html,Mangali Ezera 19,1,26,2/2,Pre-war house,"26,000  €"
"Ja ir vēlme dzīvot klusā, meža un parka ieskautā vietā, bet tajā",https://www.ss.com/msg/en/real-estate/flats/riga/yugla/gilho.html,Yugla Ciemupes 2,3,56,1/8,New,"134,500  €"
Tiek pārdots ekonomisks dzīvoklis ar ērtu plānojumu blakus Mežap,https://www.ss.com/msg/en/real-estate/flats/riga/sarkandaugava/hhheb.html,Sarkandaugava Viestura pr. 37,2,46,8/9,Spec. pr.,"44,000  €"
"Pārdod mājīgu un koptu 2 istabu dzīvokli mūra mājā – 46 m², 2. s",https://www.ss.com/msg/en/real-estate/flats/riga/bolderaya/gflii.html,Bolderaya Gobas 29,2,46,2/5,Spec. pr.,"55,000 €"
Pārdod 1-istabas dzīvokli. Krāsns apkure (skursteņi pārbaudīti),https://www.ss.com/msg/en/real-estate/flats/riga/ziepniekkalns/dpjil.html,Ziepniekkalns Zalenieku 28,1,34,1/2,Chrusch.,"29,500  €"
"Pārdošana gaišs 2-istabu dzīvoklis laba vieta, istabas izolētās.",https://www.ss.com/msg/en/real-estate/flats/riga/ziepniekkalns/agckg.html,Ziepniekkalns Livciema 49,2,52,7/9,602-th,"60,000  €"
"Pārdodu 3 istabu dzīvokli. Dzīvokli ir nomajniti logi, metala du",https://www.ss.com/msg/en/real-estate/flats/riga/plyavnieki/bdpicb.html,Plyavnieki Deglava 124,3,75,5/9,119-th,"77,000  €"
"3 istabu dzīvoklis centrā ar balkonu un autostāvvietu. 

Dzīvo",https://www.ss.com/msg/en/real-estate/flats/riga/centre/bmgmc.html,Centre Valdemara 83,3,78,3/6,Recon.,"190,000  €"
Elegants 5-istabu dzīvokis prestižā Ģertrūdes ielas baznīcas apk,https://www.ss.com/msg/en/real-estate/flats/riga/centre/bcjnjj.html,Centre Gertrudes 9,5,160,3/7,Pre-war house,"319,500  €"
"Pārdošanā četristabu dzīvoklis ar kopējo platību 63, 1 m² Bruņin",https://www.ss.com/msg/en/real-estate/flats/riga/centre/acihk.html,Centre Bruninieku 20,4,63,4/6,Recon.,"164,000  €"
"Pārdod gaišu, siltu, ne stūra 2-istabu dzīvokli pēc kapitālā rem",https://www.ss.com/msg/en/real-estate/flats/riga/imanta/adlnk.html,Imanta Dammes 28,2,50,5/5,Lit pr.,"78,500  €"
"Pārdošanā mājīgs, saulains 3 istabu dzīvoklis ar ērtu plānojumu",https://www.ss.com/msg/en/real-estate/flats/riga/yugla/bnkpd.html,Yugla Tirzas 3,3,71,1/5,Chrusch.,"86,000  €"
Pārdod divistabu dzīvokli (602. sērija) pašā Purvciema centrā li,https://www.ss.com/msg/en/real-estate/flats/riga/purvciems/aeeem.html,Purvciems Stirnu 35A,2,49,9/9,602-th,"49,000  €"
Piedāvājumā unikāls dzīvoklis vēsturiskā 1913. gadā celtā neokla,https://www.ss.com/msg/en/real-estate/flats/riga/centre/admnc.html,Centre Marijas 25,4,102,2/6,Pre-war house,"160,000  €"
"Pārdod 3 istabu dzīvokli Staļina laika mājā. Zeme īpašumā, zaļš",https://www.ss.com/msg/en/real-estate/flats/riga/vecmilgravis/aljof.html,Vecmilgravis Emmas 30,3,80,2/4,Stalin project,"88,000  €"
Продает хозяин - в самом сердце Межапарка - шикарный панорамный,https://www.ss.com/msg/en/real-estate/flats/riga/mezhapark/idcie.html,Mezhapark Kempes 3,3,75,12/12,Spec. pr.,"145,000 €"
Pārdod gaišu un mājīgu 3 istabu dzīvokli ar atsevišķu virtuvi Mi,https://www.ss.com/msg/en/real-estate/flats/riga/mezhapark/abepo.html,Mezhapark Kempes 9,3,75,3/12,Czech pr.,"129,000  €"
Arhitekta Artūra Mēdlingera projektētajā pirmskara laika mājā ti,https://www.ss.com/msg/en/real-estate/flats/riga/centre/cxxxo.html,Centre Rupniecibas 5,3,116,3/5,Recon.,"299,500  €"
Īpašnieks pārdod siltu un saulainu dzīvokli ar izcilu atrašanās,https://www.ss.com/msg/en/real-estate/flats/riga/teika/bdoxhc.html,Teika Kastranes 1k-1,2,36,2/5,Chrusch.,"59,000  €"
"Vai Jums ir vajadzīgs labs 3-istabu dzīvoklis? 

+ Dzīvoklis i",https://www.ss.com/msg/en/real-estate/flats/riga/sarkandaugava/hhmlj.html,Sarkandaugava Sarkandaugavas 3,3,56,2/5,Stalin project,"66,000  €"
"Pārdodu vienistabas dzīvokli Rīgā, Volguntes ielā 19. Dzīvokļa p",https://www.ss.com/msg/en/real-estate/flats/riga/shampeteris-pleskodale/bfxooj.html,Shampeteris-Pleskodale Volguntes 19,1,27,4/5,Chrusch.,"33,000  €"
"Ipasnieks pardot 2 istabu dzivokli, jauns remonts. sava autostav",https://www.ss.com/msg/en/real-estate/flats/riga/sarkandaugava/aibnj.html,Sarkandaugava Kakasekla d. 21,2,44,1/2,Recon.,"23,300  €"
Pārdošanā gaišs dzīvoklis mūra ēkas trešajā stāvā. Ir izveidots,https://www.ss.com/msg/en/real-estate/flats/riga/maskavas-priekshpilseta/cdfifp.html,Latgales priekshpilset Liksnas 16A,1,29,3/5,Pre-war house,"25,000  €"
Īpašniece pārdod 4 istabu dzīvokli ar 3 izolētām istabām 8.stāvā,https://www.ss.com/msg/en/real-estate/flats/riga/kengarags/bjnddp.html,Kengarags Bultu 3,4,81,8/9,467-th,"75,000 €"
"Pārdodam 2 istabu dzīvokli, plastikāta stikla pakešu logi, mēbel",https://www.ss.com/msg/en/real-estate/flats/riga/centre/bpblg.html,Centre Avotu 66,2,26,5/5,Pre-war house,"22,000  €"
"Pagalma māja, 2 istabas izolētas, viesistaba ar kamīnu caurstaig",https://www.ss.com/msg/en/real-estate/flats/riga/centre/fjxcm.html,Centre Brivibas 136,3,89,3/5,Pre-war house,"159,000  €"
"Iegādei pieejams 2-istabu dzīvoklis Rīgas centrā. 
Ērts un klus",https://www.ss.com/msg/en/real-estate/flats/riga/centre/beppno.html,Centre Bruninieku 87,2,57,4/4,Pre-war house,"89,000  €"
Pārdošanā elegants un plašs četru istabu dzīvoklis Brīvības ielā,https://www.ss.com/msg/en/real-estate/flats/riga/centre/aniex.html,Centre Brivibas 105,4,162,3/5,Recon.,"430,000  €"
Pārdod ekskluzīvu divstāvu dzīvokli ar terasi Rīgas Klusajā cent,https://www.ss.com/msg/en/real-estate/flats/riga/centre/bcjjjk.html,Centre Strelnieku 1b,Other,380,4/4,Pre-war house,"1,520,000  €"
Īpašums atrodas klusā dzīvojamo māju rajonā ar lielisku infrastr,https://www.ss.com/msg/en/real-estate/flats/riga/teika/becocl.html,Teika Caunes 8A,2,47,1/3,Spec. pr.,"65,000  €"
"Rīgas centrā tiek pārdots 1-istabu studio tipa dzīvoklis

Iesp",https://www.ss.com/msg/en/real-estate/flats/riga/centre/bcnbki.html,Centre Brivibas 68,1,26,1/6,Recon.,"90,650  €"
"Kluss, saulains dzīvoklis 20 gadus atpakaļ renovētas mājas 2, st",https://www.ss.com/msg/en/real-estate/flats/riga/centre/adbie.html,Centre Lugazhu 14A,1,34,2/3,Recon.,"50,000  €"
Pārdodam saulainu 3 istabu dzīvokli projektā ''Dumbrāja 18'' (so,https://www.ss.com/msg/en/real-estate/flats/riga/imanta/bebcfd.html,Imanta Dumbraja 18,3,73,1/4,New,"160,000  €"
Pārdošanā divu istabu dzīvoklis ar augstiem griestiem Iļģuciemā.,https://www.ss.com/msg/en/real-estate/flats/riga/ilguciems/pxgdc.html,Ilguciems Saulgozhu 15,2,42,6/6,Chrusch.,"37,800  €"
Pārdod vienistabas dzīvokli pretī parkam. Iebūvētās mēbeles un s,https://www.ss.com/msg/en/real-estate/flats/riga/maskavas-priekshpilseta/bhdkl.html,Latgales priekshpilset Latgales 141,1,40,1/2,Pre-war house,"34,500  €"
Pārdošanā funkcionāls un ērts 2 istabu dzīvoklis vienā no piepra,https://www.ss.com/msg/en/real-estate/flats/riga/purvciems/olnkc.html,Purvciems Andromedas g. 2,2,48,1/5,Lit pr.,"50,500  €"
"Pārdod siltu un estēstisku 2 izolētu istabu dzīvokli ar balkonu,",https://www.ss.com/msg/en/real-estate/flats/riga/teika/gomib.html,Teika Brivibas g. 239,2,49,5/5,Spec. pr.,"82,998  €"
"Продаю 2 комнатную квартиру в Иманте. Все удобства, комнаты изол",https://www.ss.com/msg/en/real-estate/flats/riga/imanta/achbe.html,Imanta Zentenes 4,2,49,3/5,Lit pr.,"49,000  €"
Собственник продает 2 - комнатную квартиру. Хорошее месторасполо,https://www.ss.com/msg/en/real-estate/flats/riga/bolderaya/ainjk.html,Bolderaya Gobas 31,2,38,5/5,Chrusch.,"36,000  €"
Tiek pārdots 1-istabas dzīvoklis ar daļēji pabeigtu remontu.,https://www.ss.com/msg/en/real-estate/flats/riga/purvciems/bmdgg.html,Purvciems Ieriku 33,1,31,5/5,Lit pr.,"36,000  €"
"Pārdod saulainu, un elegantās krāsās izremontētu 2 istabu dzīvok",https://www.ss.com/msg/en/real-estate/flats/riga/ilguciems/ohkji.html,Ilguciems Daugavgrivas 70,2,49,4/5,Chrusch.,"65,000  €"
"Pārdod gaišu 3 istabu dzīvokli 53, 45 m² platībā, 4. stāvā no 5.",https://www.ss.com/msg/en/real-estate/flats/riga/kengarags/bdmhph.html,Kengarags Aglonas 33,3,53,4/5,Chrusch.,"55,000  €"
"Piedāvājam rezervācijai 82, 4 m² plašu 4 istabu mansarda dzīvokl",https://www.ss.com/msg/en/real-estate/flats/riga/centre/addfg.html,Centre Bruninieku 41,4,82,5/5,Pre-war house,"160,680  €"
"Pārdošanā vienistabas dzīvoklis Sarkandaugavas centrā, koka mājā",https://www.ss.com/msg/en/real-estate/flats/riga/sarkandaugava/fkoeh.html,Sarkandaugava Aleksha 4,1,22,1/2,Pre-war house,"11,000  €"
"Īpašnieks pārdod vienu istabu, trīs istabu dzīvoklī. Reğistrēts",https://www.ss.com/msg/en/real-estate/flats/riga/vecmilgravis/affpf.html,Vecmilgravis Rupnicas 3,1,22,1/2,Stalin project,"10,000  €"
"Īpašnieks pārdod divistabu nelielu dzīvokli Sarkandaugavā. 
Māj",https://www.ss.com/msg/en/real-estate/flats/riga/sarkandaugava/exing.html,Sarkandaugava Simana 3a,2,30,3/3,Pre-war house,"15,500  €"
"Īpašnieks pārdod dzīvokli Sarkandaugavā. Dzīvoklis gaišs, trīs l",https://www.ss.com/msg/en/real-estate/flats/riga/sarkandaugava/bckjxd.html,Sarkandaugava Aleksha 4,2,34,2/2,Pre-war house,"12,500  €"
"Iespējams uz nomaksu. Īpašnieks pārdod dzīvokli Bauskas ielā, mū",https://www.ss.com/msg/en/real-estate/flats/riga/agenskalns/bbnnkf.html,Agenskalns Bauskas 149,2,60,3/3,Pre-war house,"41,500  €"
"Īpašnieks pārdod plašu vienistabas dzīvokli ar daļējām ērtībām,",https://www.ss.com/msg/en/real-estate/flats/riga/ilguciems/cjidk.html,Ilguciems Balta 12,1,30,2/2,Pre-war house,"15,500  €"
"Īpašnieks pārdod dzīvokli centrā, koka mājā, laba lokācija. Dzīv",https://www.ss.com/msg/en/real-estate/flats/riga/centre/egmjc.html,Centre Avotu 65,1,32,2/2,Pre-war house,"23,000  €"
"Īpašnieks pārdod divuistabu dzīvokli Bolderājā. Visas ērtības, c",https://www.ss.com/msg/en/real-estate/flats/riga/bolderaya/ankjo.html,Bolderaya Lielupes 44a,2,45,1/2,Stalin project,"26,000  €"
Piedāvājam rezervācijai 72 m² plašu 3 istabu mansarda dzīvokli v,https://www.ss.com/msg/en/real-estate/flats/riga/centre/fjbfh.html,Centre Bruninieku 41,3,72,5/5,Pre-war house,"128,880  €"
"Pārdod dzīvokli Rīgas klusajā centrā, prestižajā vēstniecību raj",https://www.ss.com/msg/en/real-estate/flats/riga/centre/hdfgj.html,Centre Pulkv. Briezha 8,4,98,6/6,Pre-war house,"224,000  €"
Plašs dzīvoklis ķieģeļu Staļina laika mājā ar augstiem griestiem,https://www.ss.com/msg/en/real-estate/flats/riga/vecmilgravis/bxlopn.html,Vecmilgravis Anitas 1,2,60,2/2,Stalin project,"44,900  €"
"Pārdod gaišu un saulainu 1 istabas dzīvokli Čiekurkalnā. 
Dzīvo",https://www.ss.com/msg/en/real-estate/flats/riga/chiekurkalns/foblo.html,Chiekurkalns Gaujas 19,1,27,3/5,Chrusch.,"32,000  €"
Plašs un gaišs dizainera veidots 4-istabu dzīvoklis Rīgas centrā,https://www.ss.com/msg/en/real-estate/flats/riga/centre/cmjoe.html,Centre Bruninieku 38,4,107,3/5,Recon.,"349,000  €"
Izsmalcināts un elegants dzīvoklis pašā Vecrīgas sirdī – Tirgoņu,https://www.ss.com/msg/en/real-estate/flats/riga/centre/cnolf.html,Centre Tirgonu 11,3,122,2/5,Recon.,"450,000  €"
Pārdot 2-istabu dzīvokli projektā Ezerjugla ar lielisku plānojum,https://www.ss.com/msg/en/real-estate/flats/riga/yugla/dhflx.html,Yugla Strazdumuizas 14,2,50,2/4,New,"130,000  €"
Pārdod 3-istabu dzīvokli projektā Ezerjugla ar lielisku plānojum,https://www.ss.com/msg/en/real-estate/flats/riga/yugla/ahbio.html,Yugla Strazdumuizas 14,3,83,2/4,New,"188,000  €"
Pārdošanā 2-istabu dzīvokli projektā Ezerjugla ar lielisku plāno,https://www.ss.com/msg/en/real-estate/flats/riga/yugla/bdgek.html,Yugla Strazdumuizas 10,2,44,1/4,New,"122,000  €"
"Pārdošanā ekskluzīvas dizaina studijas telpas Rīgas centrā, ar A",https://www.ss.com/msg/en/real-estate/flats/riga/centre/bdgxd.html,Centre Blaumana 12,2,115,1/7,Recon.,"345,000  €"
"Divu istabu dzīvoklis Premium Klases ēkā, 3.stāvā. 

""One Deve",https://www.ss.com/msg/en/real-estate/flats/riga/centre/agmjm.html,Centre Marijas 4,2,43,3/5,Recon.,"154,638  €"
"Pārdošanā gaišs, saulains un silts dzīvoklis izcilā lokācijā - p",https://www.ss.com/msg/en/real-estate/flats/riga/centre/bcldmg.html,Centre Terbatas 16/18,3,111,4/5,Recon.,"200,000  €"
"Tiek pārdots jauns, pēc individuāla pasūtījuma pilnībā mēbelēts",https://www.ss.com/msg/en/real-estate/flats/riga/mezhapark/ookdp.html,Mezhapark Ezermalas 4,2,27,5/5,Recon.,"79,547 €"
Lieliska iespēja iegādāties dzīvokli ar garāžu prestižajā vēstni,https://www.ss.com/msg/en/real-estate/flats/riga/centre/gcdjj.html,Centre Rupniecibas 15,2,52,1/1,Pre-war house,"99,000  €"
Īpašnieks (arī attīstītājs) pārdod pilnībā aprīkotu dzīvokli 202,https://www.ss.com/msg/en/real-estate/flats/riga/shampeteris-pleskodale/bfbngp.html,Shampeteris-Pleskodale Volguntes 29b,3,63,1/1,New,"173,000  €"
"Īpašnieks pārdod 3 istabu dzīvokli Teikā, Brīvības gatvē 257.
D",https://www.ss.com/msg/en/real-estate/flats/riga/teika/kgjki.html,Teika Brivibas g. 257,3,76,5/5,New,"185,000  €"
"Iegādei piedāvāts 2 istabu dzīvoklis jaunajā projektā ""Mālu Nova",https://www.ss.com/msg/en/real-estate/flats/riga/ziepniekkalns/exhmd.html,Ziepniekkalns Malu 18,2,38,3/4,New,"94,500  €"
"Iegādei tiek piedāvāts 2 istabu dzīvoklis jaunajā projektā ""Mālu",https://www.ss.com/msg/en/real-estate/flats/riga/ziepniekkalns/bxdnoo.html,Ziepniekkalns Malu 18,2,43,3/4,New,"108,500  €"
Pārdošanā ērti un funkcionāli izplānots dzīvoklis Valentīna ielā,https://www.ss.com/msg/en/real-estate/flats/riga/agenskalns/bjcie.html,Agenskalns Valentina 16,3,39,2/4,Recon.,"104,000  €"
Pārdošanā ekskluzīvs dzīvoklis (64.6 m²) ar iespaidīgu privāto t,https://www.ss.com/msg/en/real-estate/flats/riga/darzciems/bmodbh.html,Darzciems Laudonas 1,2,151,3/4,New,"165,500  €"
"Skolas iela 4

Plašs 4 istabu dzīvoklis 147, 6 m² platībā. 
D",https://www.ss.com/msg/en/real-estate/flats/riga/centre/ajcbf.html,Centre Skolas 4,4,148,4/7,Pre-war house,"540,000  €"
"Продается 3-х комнатная квартирав Межциемсе, Eizenšteina 69.
Кв",https://www.ss.com/msg/en/real-estate/flats/riga/mezhciems/ddcdp.html,Mezhciems Eizenshteina 69,3,63,9/9,602-th,"60,000  €"
Iztirgojam māju pa dzīvokļiem. Izvilkti jauni ūdens un kanalizāc,https://www.ss.com/msg/en/real-estate/flats/riga/centre/agoij.html,Centre Chaka 133,1,29,5/6,Pre-war house,"45,269  €"
"Pārdod 2 istabu dzīvokli Bolderajā. 
Dzīvoklis ļoti labā tehnis",https://www.ss.com/msg/en/real-estate/flats/riga/bolderaya/aexgd.html,Bolderaya Gobas 26,2,54,5/5,103-th,"47,000  €"
"Pārdod atjaunotu 3 istabu dzīvokli Mežciemā īpašumu, kurā katra",https://www.ss.com/msg/en/real-estate/flats/riga/mezhciems/dpixx.html,Mezhciems Hipokrata 17,3,62,1/9,602-th,"71,000  €"
"Pārdošanā plašs un gaišs 3 istabu dzīvoklis Mežciemā, vienā no z",https://www.ss.com/msg/en/real-estate/flats/riga/mezhciems/glghf.html,Mezhciems Mezhciema 23,3,72,7/16,104-th,"75,000  €"
Pārdodu 2 istabu dzīvokli bez remonta ķieģeļu mājā. Dzīvoklim ir,https://www.ss.com/msg/en/real-estate/flats/riga/kengarags/aipje.html,Kengarags Prushu 42,2,43,2/4,Stalin project,"42,000  €"
Izsmalcināts franču stila dzīvoklis vēstniecību rajonā ar privāt,https://www.ss.com/msg/en/real-estate/flats/riga/centre/fxxpp.html,Centre Ausekla 2,6,221,3/6,Recon.,"750,000  €"
"Pārdošanā 1-istabas Dzīvoklis Grīziņkalnā, A. Čaka Ielā 133.",https://www.ss.com/msg/en/real-estate/flats/riga/centre/demhg.html,Centre Chaka 133,1,29,5/6,Pre-war house,"45,269  €"
Īpašnieks pārdod dzīvokli Mežaparkā. Blakus viss nepieciešamais,https://www.ss.com/msg/en/real-estate/flats/riga/mezhapark/lxeng.html,Mezhapark Kempes 1,1,43,11/12,Czech pr.,"70,000  €"
Pārdošanā dzīvoklis iespaidīgā daudzdzīvokļu mūra namā – vēsturi,https://www.ss.com/msg/en/real-estate/flats/riga/centre/amnpb.html,Centre Brivibas 138,3,72,6/6,Pre-war house,"112,220  €"
"Meklējat mājokli, kurā ienākt un uzreiz sākt baudīt dzīvi bez pa",https://www.ss.com/msg/en/real-estate/flats/riga/kengarags/bdmjno.html,Kengarags Latgales 258 K-3,3,62,1/5,Lit pr.,"81,000  €"
Īpašnieks pārdod gaišu un mājīgu divistabu dzīvokli Ziepniekkaln,https://www.ss.com/msg/en/real-estate/flats/riga/ziepniekkalns/eefon.html,Ziepniekkalns Dizozolu 5,2,50,2/9,602-th,"61,000  €"
Piedāvājam iegādei labiekārtotu 2 istabu dzīvokli pašā Rīgas cen,https://www.ss.com/msg/en/real-estate/flats/riga/centre/bipke.html,Centre Brivibas 46,2,63,3/6,Recon.,"255,000  €"
Pārdod skaistu un pārdomātu 3 istabu dzīvokli prestižajā projekt,https://www.ss.com/msg/en/real-estate/flats/riga/teika/afnii.html,Teika Ropazhu 14B,4,85,9/10,New,"244,000  €"
Piedāvājumā jaunizveidots dzīvoklis kvalitatīvā pirmskara mūra ē,https://www.ss.com/msg/en/real-estate/flats/riga/centre/bcilfe.html,Centre Brivibas 138,2,36,3/6,Pre-war house,"69,615  €"
Reta iespēja iegādei Elizabetes ielā 67 – stilīgs dzīvoklis vēst,https://www.ss.com/msg/en/real-estate/flats/riga/centre/aekxo.html,Centre Elizabetes 67,3,55,4/5,Pre-war house,"164,900  €"
Lielisks variants gan pasu dzīvosanai gan īres. Saimnieks pardot,https://www.ss.com/msg/en/real-estate/flats/riga/teika/ennxx.html,Teika Brivibas 320,2,46,1/5,Stalin project,"52,000  €"
Projekts ar vēsturisku eleganci un izcilu lokāciju pilsētas aktī,https://www.ss.com/msg/en/real-estate/flats/riga/centre/algel.html,Centre Brivibas 138,4,97,5/3,Pre-war house,"145,200  €"
"Pārdošanā gaišs un saulains dzīvoklis Grīziņkalnā. 

Piedāvāju",https://www.ss.com/msg/en/real-estate/flats/riga/grizinkalns/bpmibx.html,Grizinkalns Asara 16a,1,20,1/3,Recon.,"54,000  €"
Piedāvājumā jaunizveidots dzīvoklis kvalitatīvā pirmskara mūra ē,https://www.ss.com/msg/en/real-estate/flats/riga/centre/ahxfi.html,Centre Brivibas 138,2,36,5/6,Pre-war house,"70,005  €"
Pārdošanā dzīvoklis klusā pagalma ēkā ar savu pagalma daļu un at,https://www.ss.com/msg/en/real-estate/flats/riga/grizinkalns/bpnmeh.html,Grizinkalns Lienes 9,2,44,1/5,Pre-war house,"84,000  €"
Pārdošanā dzīvoklis klusā pagalma ēkā ar savu pagalma daļu un at,https://www.ss.com/msg/en/real-estate/flats/riga/centre/bcldcg.html,Centre Lienes 9,2,44,1/5,Pre-war house,"84,000  €"
"Plašs 2-istabu dzīvoklis Zolitūdē, 119. sērijas mājā, ērtajā 2.",https://www.ss.com/msg/en/real-estate/flats/riga/zolitude/hfpmp.html,Zolitude Zolitudes 46,2,61,2/10,119-th,"69,990  €"
"Pārdod 1 Istabas Dzīvokli Bērzpils Ielā 1

Mājīgs un kluss vie",https://www.ss.com/msg/en/real-estate/flats/riga/teika/ghlox.html,Teika Berzpils 1,1,26,5/5,Chrusch.,"39,869 €"
Autonoma gāzes apkure. Logi Lāčplēša ielas un pagalma virzienā.,https://www.ss.com/msg/en/real-estate/flats/riga/centre/emido.html,Centre Lachplesha 72,3,58,2/2,Pre-war house,"69,500  €"
Piedāvājam iegādāties mājīgu un gaišu dzīvokli klusā un zaļā apk,https://www.ss.com/msg/en/real-estate/flats/riga/purvciems/ghxbb.html,Purvciems Nicgales 35,2,65,1/4,New,"107,000  €"
"Pārdod gaišu, plašu 3-istabas dzīvokli. 
Ķieģeļu māja, ērts plā",https://www.ss.com/msg/en/real-estate/flats/riga/teika/hxchi.html,Teika Apes 12,3,97,4/6,Spec. pr.,"110,000  €"
Izbaudiet greznību un komfortu šajā izcilajā divstāvu privātmājā,https://www.ss.com/msg/en/real-estate/flats/riga/mezhapark/bcndmi.html,Mezhapark Visbijas pr. 15,6,220,1/2,Priv.house,"600,000  €"
Pārdod trīsistabu dzīvokli 1909.gadā būvētā (arhitekts Konstantī,https://www.ss.com/msg/en/real-estate/flats/riga/centre/hfxgl.html,Centre Rupniecibas 9,3,95,6/6,Pre-war house,"270,000  €"
Pārdošanā 2-istabu dzīvoklis tikko pēc remonta gatavs dzīvošanai,https://www.ss.com/msg/en/real-estate/flats/riga/agenskalns/bxmgk.html,Agenskalns Slokas 46a,2,55,4/4,Pre-war house,"102,000  €"
Gaumīgs divstāvu dzīvoklis renovētā namā stilīgākajā Rīgas centr,https://www.ss.com/msg/en/real-estate/flats/riga/centre/ablll.html,Centre Alauksta 7,2,33,2/2,Recon.,"140,000  €"
"Piedāvājumā kompakts, bet funkcionāls un ērts studio tipa dzīvok",https://www.ss.com/msg/en/real-estate/flats/riga/sarkandaugava/bknen.html,Sarkandaugava Sarkandaugavas 19A,1,20,1/6,Pre-war house,"33,000  €"
"Mājīgs un gaišs 2 izolētu istabu dzīvoklis mansarda stāvā. 
Dzī",https://www.ss.com/msg/en/real-estate/flats/riga/maskavas-priekshpilseta/efeed.html,Latgales priekshpilset Ludzas 56,2,65,5/5,Pre-war house,"85,000  €"
"Pārdošanā plašs un mājīgs 5 istabu dzīvoklis (150, 9 m²), kas at",https://www.ss.com/msg/en/real-estate/flats/riga/centre/ajpcj.html,Centre Valdemara 39,5,151,3/6,Pre-war house,"249,500  €"
"Pārdod 2 istabu dzīvokli Rīgas centrā, Lāčplēša ielā 53. Dzīvokl",https://www.ss.com/msg/en/real-estate/flats/riga/centre/cjejf.html,Centre Lachplesha 53,2,37,3/5,Recon.,"126,500  €"
"Kompakts un funkcionāls 3 istabu dzīvoklis Rīgas centrā, Krišjāņ",https://www.ss.com/msg/en/real-estate/flats/riga/centre/eclok.html,Centre Valdemara 123,3,55,1/6,Pre-war house,"99,500  €"
Penthouse/mansarda dzīvoklis no attīstītāja Pulkveža Brieža ielā,https://www.ss.com/msg/en/real-estate/flats/riga/centre/gegpi.html,Centre Pulkv. Briezha 15,3,70,7/7,Recon.,"210,300  €"
Piedāvājumā no attīstītāja 2-istabu dzīvoklis Nr. 14 prestižajā,https://www.ss.com/msg/en/real-estate/flats/riga/centre/bjnpx.html,Centre Pulkv. Briezha 15,2,48,2/7,Recon.,"152,960  €"
Attīstītājs piedāvā iegādāties četru istabu dzīvokli jaunajā pro,https://www.ss.com/msg/en/real-estate/flats/riga/centre/beekji.html,Centre Skolas 17,4,86,2/7,New,"295,320  €"
"Attīstītājs pārdod dzīvokli Nr. 24 renovētajā projektā ""Raņķa Da",https://www.ss.com/msg/en/real-estate/flats/riga/agenskalns/dhogi.html,Agenskalns Ranka d. 31,2,50,4/4,Recon.,"85,560  €"
"Pārdod, Продаётся plašu un gaišu dzīvokli ar trim izolētām istab",https://www.ss.com/msg/en/real-estate/flats/riga/kengarags/agoph.html,Kengarags Latgales 268 k7,3,59,2/5,Lit pr.,"55,500  €"
"Īpašums, kas neprasa papildu ieguldījumus. 

Piedāvājumā gaišs",https://www.ss.com/msg/en/real-estate/flats/riga/sarkandaugava/ajddm.html,Sarkandaugava Sliezhu 1,3,45,2/8,Recon.,"57,000  €"
"Pārdod gaišu divistabu dzīvokli projektā ""Dammes Liepas"". 

Dz",https://www.ss.com/msg/en/real-estate/flats/riga/imanta/dlhdl.html,Imanta Slokas 130A,2,62,1/7,New,"120,000  €"
"Pārdodu dzīvokli ēkas cokolstāvā

+ zeme īpašumā
+ mainīti st",https://www.ss.com/msg/en/real-estate/flats/riga/ilguciems/akfcx.html,Ilguciems Kreslera 1 k3,2,41,1/3,Chrusch.,"21,500 €"
Pārdod mājīgu 4 istabu dzīvokli zaļajā Zolitūdes–Šampētera rajon,https://www.ss.com/msg/en/real-estate/flats/riga/zolitude/ccocc.html,Zolitude Apuzes 41,4,106,1/3,New,"182,000  €"
"Iepazīsti dzīvokli pievienotajā 3D tūrē. 

Vecrīgas nomalē, pr",https://www.ss.com/msg/en/real-estate/flats/riga/vecriga/aappm.html,Vecriga Kaleju 57,3,139,5/5,Recon.,"428,000  €"
"Кluss 3 istabu dzīvoklis pašā Rīgas centrā .
Ieeja no pagalma ,",https://www.ss.com/msg/en/real-estate/flats/riga/centre/bcnjbb.html,Centre Raina boul. 3,3,50,2/6,Recon.,"160,000  €"
"Продам студию 35 кВ м в центре Риги. Дом находится во дворе, тих",https://www.ss.com/msg/en/real-estate/flats/riga/centre/aegxf.html,Centre Terbatas 26-a,1,35,3/5,Recon.,"102,000 €"
"Īpašnieks pārdod saulainu, plašu 4 istabu dzīvokli kura parbūvet",https://www.ss.com/msg/en/real-estate/flats/riga/mezhciems/akopi.html,Mezhciems Eizenshteina 75,3,78,9/9,602-th,"144,900  €"
"Saimnieks pārdot 119 sērijas dzīvokli Ilūkstes ielā 38, ar viasa",https://www.ss.com/msg/en/real-estate/flats/riga/plyavnieki/eedex.html,Plyavnieki Ilukstes 128,3,76,5/9,119-th,"115,000  €"
Продается двухкомнатная квартира с застекленной и утепленной лод,https://www.ss.com/msg/en/real-estate/flats/riga/purvciems/bifgm.html,Purvciems Varaviksnes g. 8,2,51,8/9,602-th,"54,000  €"
Unikāls nekustamais īpašums ar plašām izmantošanas iespējām – li,https://www.ss.com/msg/en/real-estate/flats/riga/purvciems/dbbex.html,Purvciems Puces 15A,5,130,2/2,Spec. pr.,"155,000  €"
Pārdošanā tiek piedāvāts praktisks un mājīgs 2 istabu dzīvoklis,https://www.ss.com/msg/en/real-estate/flats/riga/centre/bfckgb.html,Centre Chaka 49,2,57,1/6,Pre-war house,"99,500  €"
Ziemas dārzs un plaša privātā terase pašā Rīgas centrā virs slav,https://www.ss.com/msg/en/real-estate/flats/riga/centre/elnbj.html,Centre Baznicas 27/29,5,202,2/5,Recon.,"900,000  €"
"Pārdomāts un funkcionāls divistabu dzīvoklis projektā ""Zilupes18",https://www.ss.com/msg/en/real-estate/flats/riga/kengarags/beglhd.html,Kengarags Slavu 18,2,47,2/4,New,"105,000  €"
"Divu līmeņu plašs četristabu dzīvoklis projektā ""Zilupes18"" - mū",https://www.ss.com/msg/en/real-estate/flats/riga/kengarags/hfpol.html,Kengarags Slavu 18,4,90,3/4,New,"198,000  €"
"Divu līmeņu trīsistabu dzīvoklis projektā ""Zilupes18"" - mūsdienī",https://www.ss.com/msg/en/real-estate/flats/riga/kengarags/abjcx.html,Kengarags Slavu 18,3,76,3/4,New,"165,000  €"
Vienistabas dzīvoklis Rīgas centrā tikai par 25 000 Eur – invest,https://www.ss.com/msg/en/real-estate/flats/riga/centre/bhnem.html,Centre Matisa 95,1,19,2/2,Pre-war house,"25,000  €"
"Divu līmeņu plašs četristabu dzīvoklis projektā ""Zilupes18"" - mū",https://www.ss.com/msg/en/real-estate/flats/riga/krasta-st-area/ohfcl.html,Krasta st. area Zilupes 18,4,90,3/4,New,"198,000  €"
"Pārdošanā plašs vienas istabas 46, 4 m² dzīvoklis klusā Grīziņka",https://www.ss.com/msg/en/real-estate/flats/riga/grizinkalns/bpmpkl.html,Grizinkalns Zvaigzhnu 26,2,46,4/5,Spec. pr.,"53,000 €"
"Divu līmeņu trīsistabu dzīvoklis projektā ""Zilupes18"" - mūsdienī",https://www.ss.com/msg/en/real-estate/flats/riga/krasta-st-area/lfnbn.html,Krasta st. area Zilupes 18,3,76,3/4,New,"165,000  €"
"3.istabu dzīvoklis Pļavniekos, 602. sērija, 3/9 stāvs, 62, 4 m².",https://www.ss.com/msg/en/real-estate/flats/riga/plyavnieki/dmeom.html,Plyavnieki Salnas 26,3,62,3/9,602-th,"76,000  €"
Mūsdienīgs un plašs 3.istabu dzīvoklis ar biroju un plašu terasi,https://www.ss.com/msg/en/real-estate/flats/riga/zolitude/bcixod.html,Zolitude Priedaines 13,3,208,5/5,Spec. pr.,"237,000  €"
"Silts 3 istabu dzīvoklis renovētā mājā ar liftu

Pārdošanā tie",https://www.ss.com/msg/en/real-estate/flats/riga/mezhciems/dmdxh.html,Mezhciems Eizenshteina 51,3,63,3/9,Recon.,"78,000  €"
Klusā ielā blakus Akmens tiltam. Cenā iekļauta pazemes autostāvv,https://www.ss.com/msg/en/real-estate/flats/riga/kliversala/bebjjm.html,Kliversala H. Celmiņa 13,3,105,2/6,New,"235,000  €"
"Pārdodam siltu, saulainu un mājīgu 2 istabu Dzīvokli. 

Dzīvokli",https://www.ss.com/msg/en/real-estate/flats/riga/shampeteris-pleskodale/oixlb.html,Shampeteris-Pleskodale Kalnciema 114,2,55,3/5,103-th,"75,000 €"
Silts un kopts 3 istabu dzīvoklis lieliskā lokācijā Imantā. Ārdu,https://www.ss.com/msg/en/real-estate/flats/riga/imanta/glhpp.html,Imanta Progresa 3A,3,68,1/5,Lit pr.,"78,000  €"
"Gaišs, silts dzīvoklis ar izolētām istabām. Māja pašā ezera kras",https://www.ss.com/msg/en/real-estate/flats/riga/jaunciems/amcxf.html,Jaunciems Jaunciema g. 145,2,43,1/2,Stalin project,"40,000  €"
"Tiek pārdots perspektīvs bēniņu attīstības objekts Rīgas centrā,",https://www.ss.com/msg/en/real-estate/flats/riga/centre/akbkd.html,Centre Tallinas 90A,6,230,6/6,Recon.,"99,000  €"
"Tiek piedāvātas telpas 53, 5 m² platībā ēkas pirmajā stāvā ar ti",https://www.ss.com/msg/en/real-estate/flats/riga/centre/bddfp.html,Centre Jezusbaznicas 7,1,54,1/2,Pre-war house,"38,000  €"
"Aiz vēsturiskās jūgendstila fasādes slēpjas tas, ko mūsdienās va",https://www.ss.com/msg/en/real-estate/flats/riga/centre/diloe.html,Centre Blaumana 36,4,184,3/5,Pre-war house,"432,180  €"
Tiek pārdots 2 istabu dzīvoklis Rīgas centrā – Tallinas ielā 57B,https://www.ss.com/msg/en/real-estate/flats/riga/centre/cokgk.html,Centre Tallinas 57b,2,40,2/2,Pre-war house,"34,800  €"
Īpašnieks pārdod gaišu un siltu 2 istabu dzīvokli Ķengaragā – 48,https://www.ss.com/msg/en/real-estate/flats/riga/kengarags/elxgo.html,Kengarags Lokomotives 48,2,49,5/5,Lit pr.,"55,000  €"
Pārdod plašu dzīvokli Vecrīgā modernā mājā ar liftu. Dzīvoklis i,https://www.ss.com/msg/en/real-estate/flats/riga/centre/aebff.html,Centre Kaleju 74,2,60,5/7,New,"185,000 €"
"Tiek pārdots gaišs, silts un tikko pilnībā renovēts dzīvoklis Pu",https://www.ss.com/msg/en/real-estate/flats/riga/purvciems/aofpk.html,Purvciems Stirnu 19A,2,39,4/5,Lit pr.,"70,000 €"
"Pārdod vienistabas dzīvokli Iļģuciemā. Dzīvoklis ir bez remonta,",https://www.ss.com/msg/en/real-estate/flats/riga/ilguciems/cjich.html,Ilguciems Riekstu 21,1,27,4/5,Lit pr.,"33,900 €"
Продаётся полностью оборудованная 3-комнатная квартира в совреме,https://www.ss.com/msg/en/real-estate/flats/riga/purvciems/ghpkb.html,Purvciems Puces 19,3,67,2/5,New,"220,000 €"
"Plašs, gaišs, moderns 2 istabu dzīvoklis Grīziņkalnā. 
Abas ist",https://www.ss.com/msg/en/real-estate/flats/riga/grizinkalns/bpokxx.html,Grizinkalns Varnu 11,2,97,1/5,New,"140,900  €"
Продается двухкомнатная квартира в доме хрущёвского проекта. Ква,https://www.ss.com/msg/en/real-estate/flats/riga/yugla/anhcj.html,Yugla Tirzas 3,2,38,1/5,Chrusch.,"38,000  €"
Pārdod 1 istabas dzīvokli Ķengaragā 1. stāvā lietuviešu projektā,https://www.ss.com/msg/en/real-estate/flats/riga/kengarags/bbjjhj.html,Kengarags Salaspils 18 k-3,1,29,1/5,Lit pr.,"29,000  €"
Продам 2 х комнатную квартиру с изолированными комнатами и лоджи,https://www.ss.com/msg/en/real-estate/flats/riga/plyavnieki/aefmb.html,Plyavnieki Rudens 12,2,52,3/9,602-th,"58,500 €"
"Pārdodam gaišu, saulainu, siltu un kompaktu 1-ist. dzīvokli Vemi",https://www.ss.com/msg/en/real-estate/flats/riga/vecmilgravis/dnedx.html,Vecmilgravis Dombrovska 75/K2,1,34,3/5,103-th,"34,900  €"
"Pārdodu mazgabarīta 1-istabas dzīvokli (12kv. m. ) ar dušu, tual",https://www.ss.com/msg/en/real-estate/flats/riga/kengarags/njlkl.html,Kengarags Prushu 17A,1,12,1/4,Sm.fam.,"22,000 €"
Pārdod plašu 1-istabas studijas tipa dzīvokli jaunajā projektā.,https://www.ss.com/msg/en/real-estate/flats/riga/ziepniekkalns/beccl.html,Ziepniekkalns Kaplavas 5,1,59,4/5,New,"85,000  €"
"Īpašnieks pārdod 1istabas dzīvokli, centrā zvaigžņu iela 27 , pa",https://www.ss.com/msg/en/real-estate/flats/riga/grizinkalns/cefbml.html,Grizinkalns Zvaigzhnu 27,1,34,5/5,Pre-war house,"62,500  €"
Dzīvoklis ar izcilu un pārdomātu plānojumu renovētā ēkā Āgenskal,https://www.ss.com/msg/en/real-estate/flats/riga/agenskalns/dcceb.html,Agenskalns Zellu 13,2,40,3/3,Recon.,"134,840  €"
Pārdod kompakta dzīvokļa īpašumu / investīciju objektu perspektī,https://www.ss.com/msg/en/real-estate/flats/riga/bierini/dhlhe.html,Bierini Liepajas 37b,1,20,1/1,Pre-war house,"9,300 €"
"Продается уютная, солнечная и очень теплая квартира на втором эт",https://www.ss.com/msg/en/real-estate/flats/riga/grizinkalns/bpmhcf.html,Grizinkalns Deglava 12,1,25,2/2,Pre-war house,"35,000  €"
"Новая кварира, полностью отремонтирована, все новое, оборудована",https://www.ss.com/msg/en/real-estate/flats/riga/purvciems/hhekx.html,Purvciems Andromedas g. 1,2,40,3/5,Lit pr.,"85,500  €"
"Silts, saulains dzīvoklis ar biezām sienām ar augstiem griestiem",https://www.ss.com/msg/en/real-estate/flats/riga/darzciems/bexxoi.html,Darzciems Lubanas 41,1,36,2/3,Stalin project,"35,000  €"
Pārdošanā plašs 2-istabu dzīvoklis kvalitatīvā pirmskara mūra ēk,https://www.ss.com/msg/en/real-estate/flats/riga/centre/bclixc.html,Centre Brivibas 138,2,51,1/6,Pre-war house,"61,920  €"
Pārdošanā ļoti gaišs un plašs 3-istabu dzīvoklis kvalitatīvā pir,https://www.ss.com/msg/en/real-estate/flats/riga/centre/ehjmn.html,Centre Brivibas 138,3,84,5/6,Pre-war house,"129,735  €"
"Iegādei pieejams mēbelēts, ar sadzīves tehniku aprīkots studijas",https://www.ss.com/msg/en/real-estate/flats/riga/centre/cjghe.html,Centre Pulkv. Briezha 10,1,23,4/7,New,"86,802  €"
Pārdošanā plašs 4-istabu dzīvoklis ar 2 atsevišķām ieejamām kval,https://www.ss.com/msg/en/real-estate/flats/riga/centre/ecbbh.html,Centre Brivibas 138,4,100,3/6,Pre-war house,"149,250  €"
Pārdošanā izcila plānojuma 3 istabu dzīvoklis Nr. 25 ar plašu ba,https://www.ss.com/msg/en/real-estate/flats/riga/centre/behxfg.html,Centre Duntes 34,3,73,5/7,New,"189,900  €"
Pārdošanā plašs 3-istabu dzīvoklis kvalitatīvā pirmskara mūra ēk,https://www.ss.com/msg/en/real-estate/flats/riga/centre/abnli.html,Centre Brivibas 138,3,78,1/6,Pre-war house,"108,640  €"
"Dzīve kultūras centrā

Pārdošanā 2 istabu dzīvoklis 4. stāvā N",https://www.ss.com/msg/en/real-estate/flats/riga/centre/bcmfdn.html,Centre Miera 75,2,41,4/7,New,"161,900  €"
"Tiek pārdots liels , mēbelēts vienistabas dzīvoklis. Gatavs eksp",https://www.ss.com/msg/en/real-estate/flats/riga/plyavnieki/fdmon.html,Plyavnieki Dzenu 6,1,39,1/5,Sm.fam.,"36,000  €"
Piedāvājam iegādei lielisku 3-istabu dzīvokli renovētā pirmskara,https://www.ss.com/msg/en/real-estate/flats/riga/agenskalns/bchpec.html,Agenskalns Kalnciema 12A,3,98,3/4,Pre-war house,"199,500  €"
"Dzīve kultūras centrā

Pārdošanā 3 istabu dzīvoklis 6. stāvā N",https://www.ss.com/msg/en/real-estate/flats/riga/centre/bexxpp.html,Centre Miera 75,3,82,6/7,New,"309,900  €"
"Dzīve kultūras centrā

Pārdošanā 4 istabu dzīvoklis 4. stāvā N",https://www.ss.com/msg/en/real-estate/flats/riga/centre/bhdex.html,Centre Miera 75,4,71,4/7,New,"256,900  €"
"Продаётся подготовленная к ремонту, просторная, квартира с лоджи",https://www.ss.com/msg/en/real-estate/flats/riga/vecmilgravis/bhdxi.html,Vecmilgravis Edzhina g. 3,3,60,6/9,467-th,"50,000  €"
"Ekskluzīvs 3 istabu dzīvoklis ar panorāmas skatu uz Rīgu – 63, 8",https://www.ss.com/msg/en/real-estate/flats/riga/centre/aeeci.html,"Centre Avotu 8k - 1,",3,64,6/6,Pre-war house,"158,000  €"
Pieejama reta pērle Rīgas vēsturiskajā centrā - septiņu istabu d,https://www.ss.com/msg/en/real-estate/flats/riga/centre/djhdf.html,Centre Terbatas 59/61,6,178,5/7,Pre-war house,"337,000  €"
"Mēbelēts divlīmeņu dzīvoklis Hallo Loft projektā. 
Jauns dzīvok",https://www.ss.com/msg/en/real-estate/flats/riga/centre/bfeofh.html,Centre Barona 69,2,38,2/3,Recon.,"124,900 €"
Pārdod daļēji remontētu trīs istabu dzīvoklis ar klusu pagalmu u,https://www.ss.com/msg/en/real-estate/flats/riga/centre/bcondn.html,Centre Hospitalu 5,3,80,3/6,Pre-war house,"150,000  €"
"Уютная 4х-комнатная квартира в Ziepniekkalns

Квартира:
После",https://www.ss.com/msg/en/real-estate/flats/riga/ziepniekkalns/fxgfp.html,Ziepniekkalns Bikstu 6,4,138,4/6,New,"224,950  €"
Pārdošanā ekskluzīvs 5 istabu dzīvoklis Nr. 44 ar lielu terasi 2,https://www.ss.com/msg/en/real-estate/flats/riga/centre/bcogej.html,Centre Duntes 34,5,164,7/7,New,"421,900  €"
"Стильная 2х-комнатная квартира в ""Mežaparka Rezidences"". 

Ква",https://www.ss.com/msg/en/real-estate/flats/riga/mezhapark/cphoh.html,Mezhapark Jauna Mezaparka 36b,2,60,2/4,New,"208,900  €"
"Piedāvājam 2 istabu dzīvokli ar platību 58, 6 kv. m. 
Rīgas cen",https://www.ss.com/msg/en/real-estate/flats/riga/centre/aenei.html,Centre Birznieka-Upisha 13,2,59,4/5,New,"180,000  €"
Pārdošanā pieejams pēdējais 2 istabu dzīvoklis Katoļu ielā 9 k2,https://www.ss.com/msg/en/real-estate/flats/riga/maskavas-priekshpilseta/bcogxl.html,Latgales priekshpilset Katolu 9,2,43,5/5,Recon.,"70,785  €"
"Pārdod studio tipa dzīvokli 17, 8 m², ar visām ērtībām. Zeme ir",https://www.ss.com/msg/en/real-estate/flats/riga/shkirotava/ajdld.html,Shkirotava Maleju 4a,1,18,2/4,Sm.fam.,"17,000  €"
"Stilais 2-istabu labs dzīvoklis 56, 4 m2, skaists skats no panor",https://www.ss.com/msg/en/real-estate/flats/riga/mezhciems/cjnxb.html,Mezhciems Kaivas 50k3,2,56,1/5,New,"116,555  €"
Atsevišķa ieeja no Mūkusalas fasādes. Vieta izkārtnei. Vieta aut,https://www.ss.com/msg/en/real-estate/flats/riga/tornjakalns/dxmhx.html,Tornjakalns Mukusalas 35,1,25,1/2,Pre-war house,"19,500  €"
"Русский

Продаётся 3-комнатная квартира. Светлая, тёплая кварт",https://www.ss.com/msg/en/real-estate/flats/riga/yugla/ghjbc.html,Yugla Silciema 13k-1,3,58,5/5,Chrusch.,"59,000  €"
"Pārdod gaišu, siltu dzīvokli ar labu plānojumu: visas trīs istab",https://www.ss.com/msg/en/real-estate/flats/riga/kengarags/afjen.html,Kengarags Rushonu 30,3,62,5/5,Spec. pr.,"55,000  €"
Pārdošanā izcils 2 istabu dzīvoklis Nr. 12 ar plašu balkonu 1. ē,https://www.ss.com/msg/en/real-estate/flats/riga/centre/aipln.html,Centre Duntes 34,2,47,3/7,New,"129,900  €"
Pārdošanā lielisks 4 istabu dzīvoklis Nr. 18 ar plašu balkonu 2.,https://www.ss.com/msg/en/real-estate/flats/riga/centre/aekhl.html,Centre Duntes 34,4,104,3/7,New,"283,900  €"
Pārdošanā ekskluzīvs divu līmeņu 4 istabu dzīvoklis B18 ar plašu,https://www.ss.com/msg/en/real-estate/flats/riga/centre/bdphim.html,Centre Grostonas 9A,4,102,6/8,New,"429,900  €"
Pārdošanā lielisks 3 istabu dzīvoklis A45 ar balkonu dienvid-rie,https://www.ss.com/msg/en/real-estate/flats/riga/centre/behkhn.html,Centre Grostonas 9A,3,69,4/8,New,"324,900  €"
"Pārdošanā neliels un praktisks vienas istabas dzīvoklis Rīgā, Va",https://www.ss.com/msg/en/real-estate/flats/riga/centre/bhded.html,Centre Valmieras 32,1,24,1/2,Pre-war house,"19,200  €"
Piedāvājumā saulains 3 istabu dzīvoklis elegantā kluba tipa mājā,https://www.ss.com/msg/en/real-estate/flats/riga/agenskalns/bfccbb.html,Agenskalns Balozhu 11,3,61,1/3,Recon.,"215,000  €"
"Pārdod jauku, funkcionāli plānotu 3 istabu dzīvokli kluba tipa m",https://www.ss.com/msg/en/real-estate/flats/riga/agenskalns/bejpmj.html,Agenskalns Balozhu 11,3,50,1/3,Recon.,"175,000  €"
Pārdošanā kompakts 2 istabu dzīvoklis B7 ar 5 lieliem logiem un,https://www.ss.com/msg/en/real-estate/flats/riga/centre/bekccg.html,Centre Grostonas 9B,2,44,3/8,New,"166,900  €"
"Nordale 

Nordale ir mūsdienīgs, vairāku kārtu dzīvojamais kva",https://www.ss.com/msg/en/real-estate/flats/riga/yugla/oclip.html,Yugla Shmerla 3,3,82,2/7,New,"174,900  €"
"Nordale 

Nordale ir mūsdienīgs, vairāku kārtu dzīvojamais kva",https://www.ss.com/msg/en/real-estate/flats/riga/yugla/anxii.html,Yugla Shmerla 3,2,46,2/5,New,"127,900  €"
"Nordale 

Nordale ir mūsdienīgs, vairāku kārtu dzīvojamais kva",https://www.ss.com/msg/en/real-estate/flats/riga/yugla/gboig.html,Yugla Shmerla 3,4,90,3/5,New,"289,900  €"
"Sakārtotā, skaistā un drošā vidē – klusā un zaļā Čiekurkalna daļ",https://www.ss.com/msg/en/real-estate/flats/riga/chiekurkalns/hikbg.html,Chiekurkalns Chiekurkalna 2. cr. l.,2,61,1/5,New,"116,000  €"
"Pārdodu dzīvokli ēkas cokolstāvā

+ zeme īpašumā
+ mainīti st",https://www.ss.com/msg/en/real-estate/flats/riga/dzeguzhkalns/beimgm.html,Dzeguzhkalns Kreslera 1 k3,2,41,1/3,Chrusch.,"21,500 €"
"Piedāvājam unikālu iespēju iegādāties 3-istabu dzīvokli, kas atr",https://www.ss.com/msg/en/real-estate/flats/riga/centre/ajhci.html,Centre Chaka 26,3,79,4/7,Recon.,"220,000  €"
"Īpašnieks pārdod 3 istabu dzīvoklis Sarkandaugavā. 

Dzīvoklim",https://www.ss.com/msg/en/real-estate/flats/riga/sarkandaugava/bciihx.html,Sarkandaugava Tvaika 14,3,58,1/5,Spec. pr.,"54,000  €"
Unikāla iespēja iegādāties īpašumu pašā Rīgas sirdī – prestižajā,https://www.ss.com/msg/en/real-estate/flats/riga/centre/bcjfbk.html,Centre Blaumana 20,3,69,3/7,New,"298,000  €"
"Saulains studio tipa dzīvoklis pašā pilsētas centrā. 
Elegants",https://www.ss.com/msg/en/real-estate/flats/riga/centre/aepji.html,Centre Marijas 14A,1,19,6/6,Pre-war house,"72,000  €"
"Tiek pārdots gaišs, saulains un mājīgs divistabu dzīvoklis lieli",https://www.ss.com/msg/en/real-estate/flats/riga/centre/cjglb.html,Centre Stabu 15,2,56,3/5,Pre-war house,"145,000  €"
Pārdošanā plašs un saulains 4-istabu dzīvoklis (78.7m²) 9.stāvā,https://www.ss.com/msg/en/real-estate/flats/riga/imanta/cjnkl.html,Imanta Jurmalas g. 82/2,4,79,9/9,New,"220,000  €"
"Pārdodu divistābu dzīvokli TC ""Spice"" rajonā. Maza māja ar četri",https://www.ss.com/msg/en/real-estate/flats/riga/shampeteris-pleskodale/ghilc.html,Shampeteris-Pleskodale Kalnciema 108,2,45,1/2,Pre-war house,"34,000 €"
"Pārdod mājīgu vienistabas dzīvokli Rīgā – Ezera ielā 19, Jaunmīl",https://www.ss.com/msg/en/real-estate/flats/riga/jaunmilgravis/ffkgp.html,Jaunmilgravis Ezera 19,1,25,2/2,Pre-war house,"23,000  €"
"Pārdod jaunu, no attīstītāja iegādātu un līdz šim neapdzīvotu 2",https://www.ss.com/msg/en/real-estate/flats/riga/purvciems/ahehd.html,Purvciems Dzelzavas 108,2,46,3/7,New,"135,000 €"
"Pārdošanā 55, 6 m² trīs istabu dzīvoklis Rezidences Ausma pirmaj",https://www.ss.com/msg/en/real-estate/flats/riga/tornjakalns/iegkb.html,Tornjakalns Jelgavas 23,3,56,1/3,Recon.,"149,950  €"
"Pārdod mājīgu vienistabas dzīvokli Rīgā – Ezera ielā 19, Jaunmīl",https://www.ss.com/msg/en/real-estate/flats/riga/sarkandaugava/npflm.html,Sarkandaugava Tvaika 18,1,25,2/2,Pre-war house,"23,000  €"
"Pārdod mājīgu vienistabas dzīvokli Rīgā – Ezera ielā 19, Jaunmīl",https://www.ss.com/msg/en/real-estate/flats/riga/mangali/ffmko.html,Mangali Ezera 19,1,25,2/2,Pre-war house,"23,000  €"
Ātra Pārdošana. Pārdod 2 istabu dzīvokli Pļavniekos – Dzeņu ielā,https://www.ss.com/msg/en/real-estate/flats/riga/plyavnieki/fpldm.html,Plyavnieki Dzenu 12,2,51,5/9,602-th,"52,850  €"
"Harmonisks īpašums ar privātmājas sajūtu. Privāta terase (14m2),",https://www.ss.com/msg/en/real-estate/flats/riga/shampeteris-pleskodale/adndi.html,Shampeteris-Pleskodale Zalves 27,2,22,1/1,Recon.,"69,000  €"
Pārdod mājīgu 28 m² dzīvokli tikpat kā centrā (~15min pastaiga).,https://www.ss.com/msg/en/real-estate/flats/riga/maskavas-priekshpilseta/hhnfg.html,Latgales priekshpilset Daugavpils 52,1,28,3/5,Pre-war house,"49,000  €"
Piedāvājumā jaunizveidots dzīvoklis kvalitatīvā pirmskara mūra ē,https://www.ss.com/msg/en/real-estate/flats/riga/centre/cxemi.html,Centre Brivibas 138,1,25,3/6,Pre-war house,"48,945  €"
Mūsdienīgs 3-istabu dzīvoklis ar plašu terasi jaunajā projektā M,https://www.ss.com/msg/en/real-estate/flats/riga/mezhapark/aaeph.html,Mezhapark Kempes 2А,3,86,2/12,New,"230,000  €"
Investīciju objekts. Dzīvoklim iesākts kapitālais remonts. Drīzu,https://www.ss.com/msg/en/real-estate/flats/riga/chiekurkalns/einex.html,Chiekurkalns Chiekurkalna 3. cr. l.,1,23,2/2,Pre-war house,"10,500  €"
"2 istabu dzīvoklis tipa dzīvoklis ļoti klusā vietā, Kengaragā.",https://www.ss.com/msg/en/real-estate/flats/riga/kengarags/bbjlee.html,Kengarags Prushu 4,2,40,1/5,New,"79,000  €"
"Pārdošanā moderns 2 līmeņu 3-istabu dzīvoklis. 

Piedāvājumā g",https://www.ss.com/msg/en/real-estate/flats/riga/mezhapark/bfxkpx.html,Mezhapark Gaujas 63,3,57,1/4,New,"133,500  €"
Pārdod mājīgu studio tipa dzīvokli jaunajā projektā pašā Vecrīga,https://www.ss.com/msg/en/real-estate/flats/riga/vecriga/hkdgk.html,Vecriga Kungu 25,1,33,4/6,New,"117,500  €"
"Pārdošanā moderns 2 līmeņu 3-istabu dzīvoklis. 

Piedāvājumā g",https://www.ss.com/msg/en/real-estate/flats/riga/teika/bdooij.html,Teika Vijciema 8,3,57,1/4,New,"133,500  €"
"Pārdošanā nonācis gaumīgs, moderns dzīvoklis ar 2 izolētām istab",https://www.ss.com/msg/en/real-estate/flats/riga/centre/bexkle.html,Centre 13. janvara 30,2,48,5/6,Stalin project,"149,000  €"
Pārdod apartamentus vienā no labākajiem mūsdienu projektiem Daug,https://www.ss.com/msg/en/real-estate/flats/riga/shampeteris-pleskodale/fgmcj.html,Shampeteris-Pleskodale Lielirbes 11,3,179,24/25,New,"300,000  €"
"Plašs dizaina dzīvoklis ar mājīgu plānojumu. 
Dzīvoklī ir pārdo",https://www.ss.com/msg/en/real-estate/flats/riga/purvciems/chiif.html,Purvciems Varaviksnes g. 20,2,64,5/9,602-th,"134,000  €"
Tiek pārdots 3-istabu dzīvoklis 602.sērijas ērtajā 1.stāvā.,https://www.ss.com/msg/en/real-estate/flats/riga/ziepniekkalns/fneph.html,Ziepniekkalns Bauskas 203,3,62,1/9,602-th,"75,000  €"
"Pārdošanā jauns nemēbelēts vienistabas dzīvoklis. 

Dzīvoklis",https://www.ss.com/msg/en/real-estate/flats/riga/teika/bebnfj.html,Teika Vijciema 8,1,23,2/4,New,"54,000  €"
"Pārdod mājīgu un saulainu dzīvokli zaļā Zolitūdes rajonā. 
Dzīv",https://www.ss.com/msg/en/real-estate/flats/riga/zolitude/bhkcd.html,Zolitude Rostokas 46,2,62,5/8,119-th,"84,900  €"
"Pārdod saulainu un mājīgu 2 istabu dzīvokli 40, 5 m² platībā, 4",https://www.ss.com/msg/en/real-estate/flats/riga/purvciems/anief.html,Purvciems Kastranes 7,2,41,2/4,Chrusch.,"44,500  €"
"Piedāvājumā pārdomāts un kompakts 24 m² dzīvoklis, no kuriem 6 m",https://www.ss.com/msg/en/real-estate/flats/riga/mezhapark/bdxjfh.html,Mezhapark Gaujas 63,1,24,4/4,New,"59,800  €"
Pārplānots un kvalitatīvi pārbūvēts 2 istabu dzīvoklis pirmskara,https://www.ss.com/msg/en/real-estate/flats/riga/ziepniekkalns/bxemfx.html,Ziepniekkalns Bauskas 43A,2,42,4/4,Pre-war house,"69,900  €"
"Gatavs pārdošanai gaišs un mājīgs 2-istabu dzīvoklis klusā, apza",https://www.ss.com/msg/en/real-estate/flats/riga/ilguciems/opeel.html,Ilguciems Lidonu 5,2,50,5/5,Lit pr.,"46,000  €"
Ekskluzīvs Micro-Living apartaments Rīgas centrā – Gatavs biznes,https://www.ss.com/msg/en/real-estate/flats/riga/centre/fpmio.html,Centre Klijanu 6,1,10,4/9,New,"20,900  €"
"Pārdošanā stilīgs mansarda tipa dzīvoklis renovētā mājā. 
Dzīvo",https://www.ss.com/msg/en/real-estate/flats/riga/centre/bcjmmj.html,Centre Klusa 16,2,47,5/5,Recon.,"46,000  €"
"Pārdod mēbelētu 2 istabu dzīvokli Šampēterī, Irlavas ielā 5

Ī",https://www.ss.com/msg/en/real-estate/flats/riga/shampeteris-pleskodale/amfgl.html,Shampeteris-Pleskodale Irlavas 5,2,49,3/3,New,"125,000  €"
Владелец продает полностью обустроенную и готовую к проживанию с,https://www.ss.com/msg/en/real-estate/flats/riga/purvciems/ahkgk.html,Purvciems Ilukstes 53,5,286,2/2,New,"380,000  €"
"Продается просторная 2-комнатная квартира 61, 5 кв. м. с большой",https://www.ss.com/msg/en/real-estate/flats/riga/krasta-st-area/dcnxn.html,Krasta st. area Salacas 16,2,62,11/16,104-th,"61,000 €"
"Auto stāvvieta (P)- automašīnai slēgtā pagalmā, iezīmētā vietā.",https://www.ss.com/msg/en/real-estate/flats/riga/darzciems/afifn.html,Darzciems Stopinu 2,1,25,2/2,Recon.,"49,600  €"
Pārdodam dzīvokli Latgales ielā 313. Veiksmīgs mājas izvietojums,https://www.ss.com/msg/en/real-estate/flats/riga/kengarags/eceen.html,Kengarags Latgales 313,1,33,5/12,Sm.fam.,"35,000  €"
"Mājīgs 2 ist. dzīvoklis, meža ielokā pie Rīgas robežas. Virtuve",https://www.ss.com/msg/en/real-estate/flats/riga/ziepniekkalns/bcopi.html,Ziepniekkalns Ziepniekkalna 64,2,71,4/6,New,"127,000  €"
"Mājīgs 2 ist. dzīvoklis, meža ielokā pie Rīgas robežas. Studio t",https://www.ss.com/msg/en/real-estate/flats/riga/ziepniekkalns/acxdn.html,Ziepniekkalns Ziepniekkalna 64,2,58,2/5,New,"104,000  €"
"Elegants 4 istabu dzīvoklis ar panorāmas skatu, plašu terasi , p",https://www.ss.com/msg/en/real-estate/flats/riga/centre/gflhc.html,Centre J. Dalina 8,4,227,19/24,New,"690,000  €"
Pārdod ekskluzīvu un plašu dzīvokli Rīgā – Anniņmuižas bulvārī 5,https://www.ss.com/msg/en/real-estate/flats/riga/imanta/dclik.html,Imanta Anninmuizhas boulevard,3,87,9/9,602-th,"115,000  €"
Ar skatu uz parku. Zemi komunāli maksājumi (vidēji 30€ mēnesī vi,https://www.ss.com/msg/en/real-estate/flats/riga/maskavas-priekshpilseta/fghpc.html,Latgales priekshpilset Kalupes 3,1,24,3/4,Pre-war house,"39,000 €"
"Penthaus-tipa divu līmeņu, piecu istabu dzīvoklis ar kopējo plat",https://www.ss.com/msg/en/real-estate/flats/riga/vecriga/bchpkx.html,Vecriga M. Smilshu 12,5,263,5/6,Recon.,"600,000  €"
"Pārdod elegantu, plašu, labiekārtotu dzīvokli Rīgā, piejūras dab",https://www.ss.com/msg/en/real-estate/flats/riga/vecaki/aeoin.html,Vecaki Vecaku pr. 191,4,121,2/4,New,"310,000  €"
"Pārdod elegantu, plašu un gaišu dzīvokli Rīgā, piejūras dabas pa",https://www.ss.com/msg/en/real-estate/flats/riga/vecaki/abjej.html,Vecaki Vecaku pr. 191,4,171,3/4,New,"265,000  €"
Pārdošanā elegants divistabu dzīvoklis renovētā vēsturiskā ēkā R,https://www.ss.com/msg/en/real-estate/flats/riga/centre/alxik.html,Centre Brivibas 68,2,45,2/6,Recon.,"158,900  €"
Plašs un gaišs 4-istabu dzīvoklis 119. sērijas mājā Purvciemā,https://www.ss.com/msg/en/real-estate/flats/riga/purvciems/bbnokc.html,Purvciems Deglava 59,4,92,2/6,119-th,"96,500  €"
Elegant Penthouse Residence in the Quiet Centre – Ausekļa 14.,https://www.ss.com/msg/en/real-estate/flats/riga/centre/algbd.html,Centre Ausekla 14,4,241,6/6,New,"1,580,000  €"
"Pārdod modernu 1-istabas dzīvokli projektā ""Nameja Rezidence""",https://www.ss.com/msg/en/real-estate/flats/riga/agenskalns/afcfn.html,Agenskalns Ranka d. 5,1,29,2/5,New,"127,800  €"
"Pārdodu 1 istabas dzīvokli ar lielisku skatu uz ostu un Vecrīgu,",https://www.ss.com/msg/en/real-estate/flats/riga/dzeguzhkalns/egopm.html,Dzeguzhkalns Bullu 16,1,45,9/9,Sm.fam.,"42,000  €"
"Īpašnieks pārdod investīcijas objektu, saskaņots būvprojekts uz",https://www.ss.com/msg/en/real-estate/flats/riga/vecriga/bcjhpg.html,Vecriga Vecpilsetas 5,Other,283,5/6,Recon.,"335,000  €"
"Piedāvājam pārdošanai 2-istabu dzīvokli jaunajā projektā ""Ģertrū",https://www.ss.com/msg/en/real-estate/flats/riga/centre/dpgxd.html,Centre Gertrudes 65,2,56,3/6,New,"160,950  €"
Piedāvājumā saulains dzīvoklis ar plašu terasi un skatu uz iekšp,https://www.ss.com/msg/en/real-estate/flats/riga/ziepniekkalns/eolmk.html,Ziepniekkalns Bikstu 6,2,52,1/6,New,"81,000  €"
Gaišs un silts dzīvoklis dienvidu pusē nelielai ģimenei kompleks,https://www.ss.com/msg/en/real-estate/flats/riga/imanta/bblpdk.html,Imanta Anninmuizhas boulevard,2,61,7/18,Spec. pr.,"131,500  €"
3 istabu dzīvoklis ar lieliem logiem un zemgrīdas apkuri jaunajā,https://www.ss.com/msg/en/real-estate/flats/riga/purvciems/bdflnx.html,Purvciems Dzelzavas 74C,3,66,2/13,New,"159,300 €"
"Mājas viss 3. stāvs. Dzīvoklī 5, 2 m augsti griesti un divi otri",https://www.ss.com/msg/en/real-estate/flats/riga/mezhapark/aakkb.html,Mezhapark Sudrabu Edzhus 16,Other,253,3/3,Pre-war house,"690,000  €"
Продаю квартиру. 3 года назад был сделан капитальный ремонт - за,https://www.ss.com/msg/en/real-estate/flats/riga/plyavnieki/ahfpe.html,Plyavnieki Ulbrokas 10,1,39,5/5,Sm.fam.,"47,000  €"
Продаётся просторная 3-комнатная квартира 119 серии в одном из с,https://www.ss.com/msg/en/real-estate/flats/riga/zolitude/cdoch.html,Zolitude Lejina 3,3,75,8/9,119-th,"79,900  €"
"Gaišs, plašs un ar raksturu Tavs jaunais mājoklis jaunajā projek",https://www.ss.com/msg/en/real-estate/flats/riga/darzciems/bkcecj.html,Darzciems Stopinu 14,3,91,5/5,New,"181,000  €"
"Продаётся 2-х комнатная квартира, комнаты изолированные, без дол",https://www.ss.com/msg/en/real-estate/flats/riga/vecmilgravis/agjbb.html,Vecmilgravis Emmas 1,2,48,2/5,Chrusch.,"49,000 €"
"Pārdod kompaktu dzīvokli ar visām ērtībām. 
Dzīvoklis ir silts",https://www.ss.com/msg/en/real-estate/flats/riga/chiekurkalns/hfcgd.html,Chiekurkalns Chiekurkalna 7. cr. l.,1,12,1/2,Spec. pr.,"13,500  €"
Dzīvoklis pašā centrā gaida savu jauno īpašnieku. No šī dzīvokļa,https://www.ss.com/msg/en/real-estate/flats/riga/centre/dmkcl.html,Centre Brivibas 148,3,99,2/6,Pre-war house,"119,000  €"
"Pārdod īpašnieks siltu 1-istabas dzīvokli pirmajā stāvā Teikā, d",https://www.ss.com/msg/en/real-estate/flats/riga/teika/chfdh.html,Teika Brivibas g. 334,1,29,1/5,Chrusch.,"47,000  €"
Attīstītājs pārdod 4 istabu dzīvokli ar diviem sanmezgliem proje,https://www.ss.com/msg/en/real-estate/flats/riga/plyavnieki/bechbi.html,Plyavnieki Dravnieku 3 K-3,4,87,9/10,New,"192,172  €"
"Ekonomisks un ērts studijas tipa dzīvoklis. 
+ pirmskara ēka, k",https://www.ss.com/msg/en/real-estate/flats/riga/centre/ajfmj.html,Centre Gertrudes 91A,1,15,2/5,Pre-war house,"26,500  €"
"Kompāniju grupa R. Evolution, projekta attīstītājs un īpašnieks,",https://www.ss.com/msg/en/real-estate/flats/riga/agenskalns/apmkd.html,Agenskalns Ranka d. 34,5,184,14/22,New,"557,000  €"
Divistabu dzīvoklis ar svaigu un gaumīgu remontu. Remontdarbu la,https://www.ss.com/msg/en/real-estate/flats/riga/centre/addod.html,Centre Artilerijas 66,2,42,2/2,Pre-war house,"74,000  €"
Dzīvoklis Grīziņkalnā – lieliskā vietā ar visu nepieciešamo infr,https://www.ss.com/msg/en/real-estate/flats/riga/grizinkalns/bpmibb.html,Grizinkalns Alauksta 9,4,98,1/6,New,"220,000  €"
Saulains 2 istabu dzīvoklis ar terasi projektā “Mežpilsēta”.,https://www.ss.com/msg/en/real-estate/flats/riga/mezhciems/hpfke.html,Mezhciems Hipokrata 20,2,39,1/5,New,"120,000  €"
"Īpašnieks pārdod dzīvokli Bolderājā. Klusā, skaistā vietā. Skats",https://www.ss.com/msg/en/real-estate/flats/riga/bolderaya/gjxnb.html,Bolderaya Liela 7,1,32,2/2,Pre-war house,"12,900  €"
Dzīvoklis Grīziņkalnā – lieliskā vietā ar visu nepieciešamo infr,https://www.ss.com/msg/en/real-estate/flats/riga/centre/cdggg.html,Centre Alauksta 9,4,98,1/6,New,"220,000  €"
"Divlīmeņu dzīvoklis renovētā mājā, kura atrodas pašā Rīgas centr",https://www.ss.com/msg/en/real-estate/flats/riga/centre/adfxi.html,Centre Raina boul. 19,4,144,6/6,Recon.,"394,000  €"
Piedāvājam iegādāties mājīgu un gaišu dzīvokli klusā un zaļā apk,https://www.ss.com/msg/en/real-estate/flats/riga/darzciems/bmnxhg.html,Darzciems Nicgales 32,2,65,1/4,New,"107,000  €"
"Pārdošanā tiek piedāvāts gaišs, mājīgs 2 istabu dzīvoklis, atrod",https://www.ss.com/msg/en/real-estate/flats/riga/yugla/gkpgk.html,Yugla Brivibas g. 361,2,43,3/5,Chrusch.,"60,000  €"
"Divu līmeņu dzīvoklis ar lielu griestu augstumu, panorāmas skatu",https://www.ss.com/msg/en/real-estate/flats/riga/centre/cihlg.html,Centre Sadovnikova 29A,5,134,5/6,Recon.,"296,000  €"
"Plašs un gaišs 4 istabu dzīvoklis Rīgas centrā, renovētā un labi",https://www.ss.com/msg/en/real-estate/flats/riga/centre/alckd.html,Centre Gertrudes 77,4,112,3/5,Recon.,"249,000  €"
Projekta attīstītājs un īpašnieks – kompāniju grupa R. Evolution,https://www.ss.com/msg/en/real-estate/flats/riga/centre/cncfn.html,Centre Strelnieku 8,3,224,2/7,New,"442,000  €"
Īpašnieks pārdod gaišu un plašu 4 istabu dzīvokli jaunajā projek,https://www.ss.com/msg/en/real-estate/flats/riga/teika/kphnj.html,Teika Laimdotas 38,4,93,4/4,New,"355,000 €"
Jauns 3-istabu dzīvoklis ar pilnu apdari un virtuves iekārtu. Dz,https://www.ss.com/msg/en/real-estate/flats/riga/ziepniekkalns/becpfg.html,Ziepniekkalns Ziepniekkalna 75,3,78,1/4,New,"217,600  €"
Jauns 4-istabu dzīvoklis ar pilnu apdari un virtuves iekārtu. Dz,https://www.ss.com/msg/en/real-estate/flats/riga/ziepniekkalns/bdnpnb.html,Ziepniekkalns Ziepniekkalna 75,4,96,2/4,New,"267,300  €"
"Kompāniju grupa R. Evolution, projekta attīstītājs un īpašnieks,",https://www.ss.com/msg/en/real-estate/flats/riga/centre/bckkon.html,Centre Strelnieku 5,3,108,3/7,New,"510,000  €"
Dzīve virs Skanstes zaļās zonas 110 m² dzīvoklis 8. stāvā ar pla,https://www.ss.com/msg/en/real-estate/flats/riga/centre/bfcjmk.html,Centre Grostonas 21,4,110,8/10,New,"345,000  €"
"3-k квааартира после ремонта - напротив Rsu

Есть действующая",https://www.ss.com/msg/en/real-estate/flats/riga/imanta/eghgx.html,Imanta Jurmalas g. 1x,3,57,2/5,Lit pr.,"92,500  €"
"Rīgas centrā dzīvokļu piedāvājums ir plašs, taču tikai daži apvi",https://www.ss.com/msg/en/real-estate/flats/riga/centre/fliil.html,Centre Brivibas 46,2,73,3/6,Recon.,"245,000  €"
Piedāvājam jaunu un elegantu dzīvokli renovētā ēkā pašā Rīgas ce,https://www.ss.com/msg/en/real-estate/flats/riga/centre/bebkoj.html,Centre Raina boul. 27,2,45,2/6,Recon.,"250,000  €"
"Pārdod gaišu un koptu 2 istabu dzīvokli izcilā lokācijā Juglā, S",https://www.ss.com/msg/en/real-estate/flats/riga/yugla/cjxgj.html,Yugla Silciema 15,2,45,2/5,Chrusch.,"54,000  €"
3-Istabu dzīvoklis zolitudē. Gatavs dzīvošanai. Blakus ir Rīgas,https://www.ss.com/msg/en/real-estate/flats/riga/zolitude/ejnoi.html,Zolitude Gramzdas 19k-1,3,89,7/9,119-th,"97,000  €"
"Pārdošanā jauns, pilnībā mēbelēts vienistabas dzīvoklis. 

Pie",https://www.ss.com/msg/en/real-estate/flats/riga/mezhapark/bekgxe.html,Mezhapark Gaujas 63,1,19,2/4,New,"53,000  €"
"Pārdošanā jauns, pilnībā mēbelēts vienistabas dzīvoklis. 

Pie",https://www.ss.com/msg/en/real-estate/flats/riga/teika/kngko.html,Teika Vijciema 8,1,19,2/4,New,"53,000  €"
Pārdod labiekārtotu 2-istabu dzīvokli Āgenskalnā. Privatizēta ze,https://www.ss.com/msg/en/real-estate/flats/riga/agenskalns/acxcx.html,Agenskalns M. Nometnu 72,2,37,2/5,Chrusch.,"56,500  €"
"Plašs un moderns 3 istabu dzīvoklis Ziepniekkalnā 
Piedāvājam i",https://www.ss.com/msg/en/real-estate/flats/riga/ziepniekkalns/ajclo.html,Ziepniekkalns Bikstu 6,3,139,3/6,New,"225,000  €"
Pārdot mēbelētu 3-istabu dzīvokli renovētā ēkā ar remontētu kāpņ,https://www.ss.com/msg/en/real-estate/flats/riga/centre/ajnmj.html,Centre Terbatas 33,3,77,6/6,Recon.,"233,000  €"
"Dzīvokļi vēsturiskājā Āgenskalnā – vietā, kur Pārdaugavas miers",https://www.ss.com/msg/en/real-estate/flats/riga/agenskalns/bcijkj.html,Agenskalns Kalnciema 12A,2,67,4/4,Pre-war house,"120,750  €"
Продаем светлую и просторную 3-комнатную квартиру в Литовском пр,https://www.ss.com/msg/en/real-estate/flats/riga/ilguciems/ajmxi.html,Ilguciems Lidonu 13,3,64,1/5,Lit pr.,"64,500 €"
"Pārdod 1 istabu dzīvokli. 
Apkalpo Rnp, mazie komunālie, sākot",https://www.ss.com/msg/en/real-estate/flats/riga/imanta/aicox.html,Imanta Jurmalas g. 101,1,32,3/9,602-th,"42,000  €"
"Квартиру продает собственник. 
Общая площадь квартиры 48, 3.",https://www.ss.com/msg/en/real-estate/flats/riga/teika/dfegg.html,Teika Bikernieku 31,2,48,5/5,Chrusch.,"72,500  €"
"Tiek pārdots saulains 2-istabu dzīvoklis Rīgas centrā, klusā vie",https://www.ss.com/msg/en/real-estate/flats/riga/centre/dcxgl.html,Centre Indranu 2,2,46,3/5,103-th,"85,000  €"
Pārdod. Ekskluzīvs dzīvoklis Rīdzenes Rezidences projektā ar ska,https://www.ss.com/msg/en/real-estate/flats/riga/vecriga/abidn.html,Vecriga Kungu 25,3,130,4/4,New,"550,000  €"
"Īpašnieks pārdod 3 istabu dzīvokli Imantā. 
Dzīvoklis ir brīvs,",https://www.ss.com/msg/en/real-estate/flats/riga/imanta/ckefg.html,Imanta Kleistu 17,3,61,1/9,602-th,"66,500  €"
"Bez parādiem, zeme īpašumā 
Silts, saulains un plašs dzīvoklis",https://www.ss.com/msg/en/real-estate/flats/riga/kengarags/fcxgb.html,Kengarags Krustpils 75,1,36,3/4,Spec. pr.,"31,000  €"
"No 1.oktobra pardošanā pieejams mājīgs, saulains 3 istabu dzīvok",https://www.ss.com/msg/en/real-estate/flats/riga/yugla/fcihc.html,Yugla Baltezera 2,3,56,5/5,Chrusch.,"75,000  €"
"Pārdod dzīvokli ar privātmājas sajūtu un plašām terasēm. 
Ja me",https://www.ss.com/msg/en/real-estate/flats/riga/zolitude/ghein.html,Zolitude Liedes 2,4,200,4/4,New,"299,000  €"
"Хозяин продает 4x комнатную квартиру в Плявниеках 602 серии. 
7",https://www.ss.com/msg/en/real-estate/flats/riga/plyavnieki/doopp.html,Plyavnieki Rudens 3,4,76,8/9,602-th,"72,000  €"
Продаётся просторная и светлая трёхкомнатная квартира с полность,https://www.ss.com/msg/en/real-estate/flats/riga/centre/ggfpg.html,Centre Valdemara 106,3,90,5/7,Stalin project,"220,000  €"
"Pārdod plašu 2-istabu dzīvokli ar papildu telpām Teikā, Biķernie",https://www.ss.com/msg/en/real-estate/flats/riga/teika/ecgcn.html,Teika Bikernieku 28,2,65,2/5,103-th,"75,000  €"
Tiek pārdots 2-izolētu istabu dzīvoklis Lietuviešu projekta 5.st,https://www.ss.com/msg/en/real-estate/flats/riga/kengarags/ccbxx.html,Kengarags Aviacijas 9,2,49,5/5,Lit pr.,"57,000  €"
"Gaišs, plašs un ar raksturu Tavs jaunais mājoklis jaunajā projek",https://www.ss.com/msg/en/real-estate/flats/riga/purvciems/aekcd.html,Purvciems Nicgales 36,3,91,5/5,New,"181,000  €"
"Pārdod gaišu, siltu 2 istabu dzīvokli ar divām izolētām istabām",https://www.ss.com/msg/en/real-estate/flats/riga/purvciems/aonkg.html,Purvciems Dudajeva g. 3,2,49,5/5,Lit pr.,"64,500  €"
Attīstītājs pārdod 4 istabu dzīvokli renovētā A klases energoefe,https://www.ss.com/msg/en/real-estate/flats/riga/centre/bcjlfx.html,Centre Dagdas 4,4,98,2/4,Recon.,"250,000  €"
"Продается теплая, светлая и полностью готовая к проживанию 2-ком",https://www.ss.com/msg/en/real-estate/flats/riga/purvciems/aikoc.html,Purvciems Varaviksnes g. 16,2,51,9/9,602-th,"63,500  €"
"Pārdod plašu divistabu dzīvokli Rīgā – Brīvības gatvē 358, Teikā",https://www.ss.com/msg/en/real-estate/flats/riga/teika/apdkc.html,Teika Brivibas g. 358,2,54,3/4,Stalin project,"82,500  €"
Pārdod stilīgu un mūsdienīgu četristabu dzīvokli Rīgas centrā –,https://www.ss.com/msg/en/real-estate/flats/riga/centre/dodjo.html,Centre Birznieka-Upisha 10,4,83,5/5,Recon.,"245,000  €"
"Piedāvājumā uz iegādi dzīvoklis Vecrīgā, Vaļņu ielā 21.
Ēka ir",https://www.ss.com/msg/en/real-estate/flats/riga/vecriga/oggdb.html,Vecriga Valnu 21,3,83,4/7,Recon.,"310,000  €"
Īpašnieks pārdod skaistu divistabu dzīvokli projektā “Dammes Lie,https://www.ss.com/msg/en/real-estate/flats/riga/imanta/ahxnx.html,Imanta Slokas 130a,2,61,7/7,New,"137,000 €"
"Elegants 4 istabu dzīvoklis ar panorāmas skatu, plašu terasi dzī",https://www.ss.com/msg/en/real-estate/flats/riga/centre/afxph.html,Centre J. Dalina 8,4,227,19/24,New,"690,000  €"
"Pārdod 2 istabu dzīvokli Imantā, Kleistu ielā 10

Piedāvājumā",https://www.ss.com/msg/en/real-estate/flats/riga/imanta/bejkg.html,Imanta Kleistu 10,2,49,4/5,Lit pr.,"51,500  €"
"Ranka dambis 34, Philosophers Residence
Pārdošanā plašs ģimenes",https://www.ss.com/msg/en/real-estate/flats/riga/agenskalns/efboj.html,Agenskalns Ranka d. 34,3,92,7/23,New,"360,000  €"
"Lv: Tiek pārdots mājīgs vienistabas dzīvoklis 38, 5 m² platībā,",https://www.ss.com/msg/en/real-estate/flats/riga/centre/afefk.html,"Centre Mastu 8, k-1",1,39,3/5,Recon.,"65,000  €"
"Pārdod mājīgu un saulainu dzīvokli

Pārdod īpašnieks dzīvoklis",https://www.ss.com/msg/en/real-estate/flats/riga/vecmilgravis/eieeg.html,Vecmilgravis Kalngales 9,1,35,6/9,602-th,"33,000  €"
Plašs 4 istabu dzīvoklis ģimenei Purvciemā – Madonas ielā 25.,https://www.ss.com/msg/en/real-estate/flats/riga/purvciems/enjhk.html,Purvciems Madonas 25,4,94,2/9,119-th,"119,500  €"
"Pārdod mājīgu, siltu 2 istabu dzīvokli Pārdaugavā, Volguntes iel",https://www.ss.com/msg/en/real-estate/flats/riga/shampeteris-pleskodale/cpfbi.html,Shampeteris-Pleskodale Volguntes 27,2,43,5/5,Chrusch.,"55,000 €"
"Penthouse ar panorāmas skatu uz Juglas ezeru. Jugla/ Berģi, blak",https://www.ss.com/msg/en/real-estate/flats/riga/yugla/nlxgo.html,Yugla Brivibas g. 446,4,341,4/4,New,"315,000  €"
"Penthouse ar panorāmas skatu uz Juglas ezeru. Jugla/ Berģi, blak",https://www.ss.com/msg/en/real-estate/flats/riga/bergi/hdbmx.html,Bergi Brivibas g. 446,4,341,4/4,New,"315,000  €"
Продается 2-комнатная квартира отличный старт для вашего ремонта,https://www.ss.com/msg/en/real-estate/flats/riga/yugla/dxbbx.html,Yugla Kveles 23,2,44,1/5,Lit pr.,"38,000  €"
Tiek pārdots elegants un pilnībā aprīkots dzīvoklis Vecrīgas sir,https://www.ss.com/msg/en/real-estate/flats/riga/vecriga/ngpmb.html,Vecriga Tirgonu 17,2,84,2/3,Pre-war house,"229,240  €"
Saimniece pārdod dzīvokli sakarā ar dzīvesvietas maiņu – augstvē,https://www.ss.com/msg/en/real-estate/flats/riga/yugla/aggmf.html,Yugla Brivibas g. 466,4,184,4/4,New,"345,000  €"
Tiek pārdots kvalitatīvi renovēts 4 istabu dzīvoklis Skolas ielā,https://www.ss.com/msg/en/real-estate/flats/riga/centre/gbnib.html,Centre Skolas 22a,4,114,5/6,Pre-war house,"319,240  €"
Pārdošanā plašs un gaišs dzīvoklis 19. stāvā ar iespaidīgu panor,https://www.ss.com/msg/en/real-estate/flats/riga/agenskalns/cidfp.html,Agenskalns Ranka d. 34,4,129,19/23,New,"499,000  €"
Grezns dzīvoklis ar balkonu un panorāmas skatu uz pilsētas kanāl,https://www.ss.com/msg/en/real-estate/flats/riga/centre/bcjfgp.html,Centre Meierovics boul. 4,3,146,4/6,Pre-war house,"360,000  €"
Pārdošanā: Plašs un gaišs dzīvoklis Zolitūdē – ērtā lokācijā.,https://www.ss.com/msg/en/real-estate/flats/riga/zolitude/ajeon.html,Zolitude Lejina 5,3,78,3/9,119-th,"78,499  €"
Pārdošanā elegants un plašs 3–4 istabu dzīvoklis vienā no presti,https://www.ss.com/msg/en/real-estate/flats/riga/centre/bdpigb.html,Centre Elizabetes 12,4,124,5/5,Recon.,"398,000  €"
Piedāvājam iegādāties energoefektīvu 1-istabu dzīvokli topošajā,https://www.ss.com/msg/en/real-estate/flats/riga/kengarags/nmmhn.html,Kengarags Latgales 324C,1,32,4/7,New,"78,755  €"
"Investīciju objekts Rīgas centrā – 2 mansarda dzīvokļi. 

Pied",https://www.ss.com/msg/en/real-estate/flats/riga/centre/bcjnng.html,Centre Barona 70,5,81,3/3,Pre-war house,"120,000  €"
"Mansarda dzīvoklis Rīgas aktīvajā centrā. 

Piedāvājam iegādāt",https://www.ss.com/msg/en/real-estate/flats/riga/centre/benphe.html,Centre Barona 70,2,40,3/3,Pre-war house,"60,000  €"
2 istabu dzīvoklis ar gandrīz 14 m² plašu balkonu pie Daugavas p,https://www.ss.com/msg/en/real-estate/flats/riga/kengarags/begmcp.html,Kengarags Latgales C,2,53,2/7,New,"121,876  €"
"Pārdod divistabu dzīvokli jaunajā projektā Krasta masīvā. 

Īp",https://www.ss.com/msg/en/real-estate/flats/riga/krasta-st-area/ejnec.html,Krasta st. area Zilupes 18,2,47,2/4,New,"105,000  €"
"Īpašnieks pārdod jaunu, ekskluzīvu divstāvu trīs istabu dzīvokli",https://www.ss.com/msg/en/real-estate/flats/riga/krasta-st-area/ifmxb.html,Krasta st. area Zilupes 18,3,76,3/4,New,"165,000  €"
"Ja meklējat dzīvokli ar lielu potenciālu, šis piedāvājums ir dom",https://www.ss.com/msg/en/real-estate/flats/riga/centre/ejxej.html,Centre Mīlenbaha 2,3,85,4/5,Pre-war house,"99,900  €"
"Tiek piedāvāts plašs 6 istabu dzīvoklis pilsētas centrā, kas šob",https://www.ss.com/msg/en/real-estate/flats/riga/centre/bedenm.html,Centre Dagdas 4,6,121,3/5,Recon.,"175,000  €"
Pārdodas dzīvoklis bez remonta. Dzīvoklim ir nomainīti pakešu lo,https://www.ss.com/msg/en/real-estate/flats/riga/kengarags/belbgc.html,Kengarags Prushu 20,2,40,4/5,Chrusch.,"43,000  €"
"Pārdošu bez starpniekim. 
pašā Rīgas centrā:
Dzīvoklis ar divā",https://www.ss.com/msg/en/real-estate/flats/riga/centre/exnkh.html,Centre Merkela 6,6,147,2/5,Pre-war house,"285,000  €"
Piedāvājumā elegants un funkcionāli plānots 4 istabu dzīvoklis v,https://www.ss.com/msg/en/real-estate/flats/riga/centre/bibgm.html,Centre Birznieka-Upisha 13,4,111,5/7,New,"281,000  €"
Pārdošanā gaišs un kluss 2 istabu dzīvoklis ar lielisku infrastr,https://www.ss.com/msg/en/real-estate/flats/riga/kengarags/bexljh.html,Kengarags Latgales 275,2,50,9/12,Czech pr.,"70,000 €"
"Pārdomāts mājoklis ģimenei - ar divām atsevišķām guļamistabām, d",https://www.ss.com/msg/en/real-estate/flats/riga/kengarags/clock.html,Kengarags Latgales 324D,3,63,2/7,New,"155,912  €"
Tiek pārdots 1-istabu dzīvoklis meža ielokā bijušā p/f Jugla cie,https://www.ss.com/msg/en/real-estate/flats/riga/mezhciems/ejeen.html,Mezhciems Bikernieku 226,1,26,3/5,Chrusch.,"28,500  €"
"Piedāvājumā pilnībā mēbelēts, gaišs divlīmeņu dzīvoklis ar moder",https://www.ss.com/msg/en/real-estate/flats/riga/purvciems/ffnfx.html,Purvciems Puces 47,4,217,7/8,New,"285,000  €"
Pārdošanā silts un gaišs dzīvoklis ar ērtu ikdienai nepieciešamo,https://www.ss.com/msg/en/real-estate/flats/riga/kengarags/afpcn.html,Kengarags Lokomotives 64,3,56,2/5,Lit pr.,"57,000  €"
"Tiek pārdots divistabu dzīvoklis, kurā abas istabas izolētas un",https://www.ss.com/msg/en/real-estate/flats/riga/kengarags/bemlgi.html,Kengarags Vishku 23,2,47,4/5,Lit pr.,"41,500  €"
Pārdošanā mājīgs vienistabas dzīvoklis ar skatu uz Daugavu Pie Ķ,https://www.ss.com/msg/en/real-estate/flats/riga/kengarags/fllhi.html,Kengarags Latgales 268 k-7,1,35,5/5,Chrusch.,"39,000  €"
"Pārdod gaišu un mājīgu 2 istabu dzīvokli ar autostāvvietu, tikai",https://www.ss.com/msg/en/real-estate/flats/riga/purvciems/bheke.html,Purvciems Vaidavas 6,2,52,4/5,New,"100,000  €"
"Dzīvoklis jaunajā projektā ""Hill Garden Kapseļi"" – Āgenskalnā.",https://www.ss.com/msg/en/real-estate/flats/riga/agenskalns/bejkpn.html,Agenskalns Kapselu 11,2,44,1/3,New,"159,120  €"
Silts 1-istabu dzīvoklis 15 min no Rīgas centrā. Vienmēr varēs i,https://www.ss.com/msg/en/real-estate/flats/riga/sarkandaugava/onkhg.html,Sarkandaugava Priezhu 6,1,26,2/3,Pre-war house,"13,890  €"
"Dzīvoklis jaunajā projektā ""Hill Garden Kapseļi"" – Āgenskalnā.",https://www.ss.com/msg/en/real-estate/flats/riga/agenskalns/bfxcbh.html,Agenskalns Kapselu 11,2,41,1/3,New,"148,680  €"
"Mūsdienīgs dzīvoklis jaunā, renovētā projektā, lieliskā lokācijā",https://www.ss.com/msg/en/real-estate/flats/riga/shampeteris-pleskodale/aiiib.html,Shampeteris-Pleskodale Lielirbes 9A,3,47,3/4,Recon.,"119,000  €"
"Studio dzīvoklis pašā Mežaparka sirdī, pirmskara mūra privātmājā",https://www.ss.com/msg/en/real-estate/flats/riga/mezhapark/aennd.html,Mezhapark Hamburgas 27,1,36,1/3,Pre-war house,"75,810  €"
"Skaists studio 29, 5 m2 dzīvoklis otrajā stāvā renovētā ēkā kapi",https://www.ss.com/msg/en/real-estate/flats/riga/maskavas-priekshpilseta/cjmlb.html,Latgales priekshpilset Vilanu 16,1,29,2/5,Recon.,"69,500  €"
"Pārdod mājīgu divistabu dzīvokli Rīgā – Ceļinieku ielā 18, Sarka",https://www.ss.com/msg/en/real-estate/flats/riga/sarkandaugava/cebnb.html,Sarkandaugava Celinieku 18,2,43,1/5,Chrusch.,"48,300  €"
"Pārdod 1 istabas dzīvokli Ķengaragā, Latgales ielā 425 ēkas 5. s",https://www.ss.com/msg/en/real-estate/flats/riga/kengarags/gdkxi.html,Kengarags Latgales 425,1,34,5/9,467-th,"36,000  €"
"Pārdod mājīgu studio tipa dzīvokli renovētā ēkā. 

Dzīvoklī ir",https://www.ss.com/msg/en/real-estate/flats/riga/centre/bpnnx.html,Centre Marijas 14,1,19,6/6,Recon.,"69,900  €"
Pārdošanā plašs divistabu dzīvoklis kas sastāv no plaša priekšna,https://www.ss.com/msg/en/real-estate/flats/riga/ziepniekkalns/gdedn.html,Ziepniekkalns Ziepniekkalna 64/1,2,62,1/5,New,"112,000  €"
"Lieliska iespēja dzīvot tuvu pilsētas centram, maksājot mininālo",https://www.ss.com/msg/en/real-estate/flats/riga/maskavas-priekshpilseta/cdxfne.html,Latgales priekshpilset Katolu 9,1,30,4/5,Pre-war house,"27,000  €"
Attīstītājs piedāvā iegādāties dzīvokli pilnībā renovētā mājā Da,https://www.ss.com/msg/en/real-estate/flats/riga/centre/ddnxe.html,Centre Sadovnikova 30,2,45,3/5,Recon.,"108,600  €"
Attīstītājs piedāvā iegādāties dzīvokli pilnībā renovētā mājā Da,https://www.ss.com/msg/en/real-estate/flats/riga/centre/exmem.html,Centre Sadovnikova 30,2,30,3/5,Recon.,"73,300  €"
"Dzīvokļi ar pilnu apdari renovētā ēkā, Grīziņkalnā. 
Dzīvojiet",https://www.ss.com/msg/en/real-estate/flats/riga/centre/gpmhi.html,Centre Zvaigzhnu 21,1,22,4/6,Recon.,"51,840  €"
"Pārdošanā jauns nemēbelēts vienistabas dzīvoklis. 

Dzīvoklis",https://www.ss.com/msg/en/real-estate/flats/riga/teika/kilhx.html,Teika Vijciema 8,1,19,2/4,New,"47,000  €"
"Pārdošanā jauns vienistabas dzīvoklis. 

Dzīvoklis atrodas mūs",https://www.ss.com/msg/en/real-estate/flats/riga/mezhapark/goggg.html,Mezhapark Gaujas 63,1,19,2/4,New,"47,000  €"
Pārdošanā jauns divistabu dzīvoklis projektā - Čiekurkalna Lofti,https://www.ss.com/msg/en/real-estate/flats/riga/chiekurkalns/bkkiod.html,Chiekurkalns Chiekurkalna 7. cr. l.,2,31,2/4,New,"88,540  €"
"Pārdod mājīgu, plašu, gaišu, ļoti labā stāvoklī esošu, nesen ren",https://www.ss.com/msg/en/real-estate/flats/riga/mezhciems/deixb.html,Mezhciems Kaivas 29,3,81,4/4,New,"175,000  €"
Iegādei pieejams dzīvoklis pilnībā renovētā ēkā projektā Brīvdab,https://www.ss.com/msg/en/real-estate/flats/riga/bergi/cnhel.html,Bergi Kaktusu 6,3,55,2/2,Recon.,"143,888  €"
Iegādei pieejams dzīvoklis pilnībā renovētā ēkā projektā Brīvdab,https://www.ss.com/msg/en/real-estate/flats/riga/bergi/akoce.html,Bergi Kaktusu 6,2,41,2/2,Recon.,"112,888  €"
Iegādei pieejams dzīvoklis pilnībā renovētā ēkā projektā Brīvdab,https://www.ss.com/msg/en/real-estate/flats/riga/bergi/bdpdfo.html,Bergi Kaktusu 6,2,40,1/2,Recon.,"108,888  €"
"Продам квартиру 3 комнаты, два встроенных шкафа ( в прихожей и с",https://www.ss.com/msg/en/real-estate/flats/riga/purvciems/adoxe.html,Purvciems Staiceles 1/3,3,63,4/9,602-th,"67,000 €"
"Īpašnieks pārdod 2 istabu dzīvokli Āgenskalnā

 Pārdodu 2 ista",https://www.ss.com/msg/en/real-estate/flats/riga/agenskalns/bclflm.html,Agenskalns Lermontova 4b,2,46,2/2,Pre-war house,"43,700  €"
Apraksts: Pārdodu studijas tipa dzīvokli. Īpašums ir gatavs dzīv,https://www.ss.com/msg/en/real-estate/flats/riga/agenskalns/bcignx.html,Agenskalns Lermontova 4b,1,44,2/2,Pre-war house,"42,000  €"
"Premium klases dzīvokļi Rīgas centrā – Lāčplēša ielā 36.

Ēka",https://www.ss.com/msg/en/real-estate/flats/riga/centre/egjco.html,Centre Lachplesha 36,2,44,2/5,Recon.,"152,490  €"
"Pārdod plašu trīsistabu dzīvokli Rīgā – Vangažu ielā 28, Juglā.",https://www.ss.com/msg/en/real-estate/flats/riga/yugla/hglxk.html,Yugla Vangazhu 28,3,75,8/12,Czech pr.,"117,520  €"
"Ekskluzīvs dzīvoklis Rīgas sirdī – projektā ""Raiņa nams"" 

Tie",https://www.ss.com/msg/en/real-estate/flats/riga/centre/bfdinj.html,Centre Raina boul. 27,1,21,1/5,Recon.,"99,840  €"
"Pārdod divistabu dzīvokli Rīgā – Melīdas ielā 6 k-1, Vecmīlgrāvī",https://www.ss.com/msg/en/real-estate/flats/riga/vecmilgravis/ecoxe.html,Vecmilgravis Melidas 6 k-1,2,50,2/5,Lit pr.,"49,920  €"
"Продается просторная трёхэтажная квартира с отдельным входом, со",https://www.ss.com/msg/en/real-estate/flats/riga/shampeteris-pleskodale/bbhnn.html,Shampeteris-Pleskodale Apuzes 28,5,158,1/1,New,"240,000 €"
Хозяин продает полностью обновлённую 3-комнатную квартиру в Кенг,https://www.ss.com/msg/en/real-estate/flats/riga/kengarags/ixgxo.html,Kengarags Latgales 258,3,62,1/5,Lit pr.,"80,500  €"
Attīstītājs pārdod penthouse tipa dzīvokli Nr. 14 ir ar plašu pa,https://www.ss.com/msg/en/real-estate/flats/riga/centre/acdmi.html,Centre Skolas 17,3,169,7/7,New,"647,500  €"
Pārdošana četru istabu dzīvoklis centrā. Dzīvoklis labā stāvoklī,https://www.ss.com/msg/en/real-estate/flats/riga/centre/acfin.html,Centre Birznieka-Upisha 29,4,102,2/5,Recon.,"200,000  €"
"Pārdod 2 istabu dzīvokli Imantā

Piedāvājam iegādāties labā st",https://www.ss.com/msg/en/real-estate/flats/riga/imanta/codmn.html,Imanta Slokas 205A,2,49,1/5,Lit pr.,"65,000  €"
"Esmu īpašnieks. 
Pārdodu savu 2 istabu dzīvokli. 
Renoveta māj",https://www.ss.com/msg/en/real-estate/flats/riga/yugla/deggl.html,Yugla Skrudalienas 4,2,42,3/3,Spec. pr.,"55,000  €"
"Tiek pārdots mājīgs, gaišs, ļoti silts un kluss 1-istabas dzīvok",https://www.ss.com/msg/en/real-estate/flats/riga/darzciems/cjfii.html,Darzciems Sitas 50,1,42,5/5,Sm.fam.,"37,000  €"
Renovēta mājā 2 istabu dzīvoklis ar plašu halli Rīgas centrā.,https://www.ss.com/msg/en/real-estate/flats/riga/centre/bedxgh.html,Centre Lachplesha 116,2,53,5/6,Recon.,"83,500  €"
Plašs un gaišs četru istabu dzīvoklis Bruknas ielā 16 Ziepniekka,https://www.ss.com/msg/en/real-estate/flats/riga/ziepniekkalns/fckjh.html,Ziepniekkalns Bruknas 16,4,88,2/9,119-th,"84,500  €"
"Viesturdārza Rezidence ir dzīvojamā ēka Rīgas klusajā centrā, ku",https://www.ss.com/msg/en/real-estate/flats/riga/centre/behlxi.html,Centre Vashingtona pl. 2,2,42,2/5,Recon.,"135,117  €"
Pārdod 3 istabu dzīvokli Skanstes mājās – mūsdienīgs īpašums Rīg,https://www.ss.com/msg/en/real-estate/flats/riga/centre/ddnfj.html,Centre Grostonas 19,3,88,5/10,New,"300,000 €"
"Viesturdārza Rezidence ir dzīvojamā ēka Rīgas klusajā centrā, ku",https://www.ss.com/msg/en/real-estate/flats/riga/centre/bieei.html,Centre Vashingtona pl. 2,3,90,3/5,Recon.,"355,354  €"
"Vai Jums ir vajadzīgs labs 1-istabu dzīvoklis? 

+ Dzīvoklis i",https://www.ss.com/msg/en/real-estate/flats/riga/bolderaya/agehf.html,Bolderaya Stagaru 4,1,36,4/5,Spec. pr.,"40,000  €"
Pārdod plašu 4 istabu dzīvokli Rīgas centrā – Blaumaņa iela 21,https://www.ss.com/msg/en/real-estate/flats/riga/centre/algbk.html,Centre Blaumana 21,4,139,6/6,Pre-war house,"215,000 €"
"Pārdod 2 istabu dzīvokli Juglā, Brīvības gatvē 361.

Dzīvokļa",https://www.ss.com/msg/en/real-estate/flats/riga/yugla/ffnco.html,Yugla Brivibas g. 361,2,41,1/5,Chrusch.,"50,000  €"
"Pārdod plašu, gaišu un pārdomāti pārplānotu 3 istabu dzīvokli (6",https://www.ss.com/msg/en/real-estate/flats/riga/kengarags/belhic.html,Kengarags Lokomotives 80,3,63,5/5,Lit pr.,"68,000  €"
"Pārdod plašu vienistabas dzīvokli Rīgā – Ieriķu ielā 60, Purvcie",https://www.ss.com/msg/en/real-estate/flats/riga/purvciems/gfxck.html,Purvciems Ieriku 60,1,53,1/9,Spec. pr.,"59,730  €"
Piedāvājam iegādāties plašu ģimenes dzīvokli Čiekurkalna klusajā,https://www.ss.com/msg/en/real-estate/flats/riga/chiekurkalns/giobp.html,Chiekurkalns Chiekurkalna 2. cr. l.,5,183,5/5,New,"260,000  €"
"Īpašnieks pārdod 1-istabas studijas tipa dzīvokli. 

Dzīvoklis",https://www.ss.com/msg/en/real-estate/flats/riga/mezhciems/empfd.html,Mezhciems Kaivas 50/3,1,32,4/5,New,"73,600  €"
"Jauna cena. Labdien. Piedāvājam divus dzīvokļus vienā, labi uztu",https://www.ss.com/msg/en/real-estate/flats/riga/centre/cxebo.html,Centre Avotu 3,4,117,2/5,Pre-war house,"175,000 €"
"Просторная, светлая, уютная 4-х комнатная квартира – 76 м2.Окна",https://www.ss.com/msg/en/real-estate/flats/riga/imanta/djpld.html,Imanta Rigondas g. 10,4,76,5/9,602-th,"90,000  €"
Iegādei tiek piedāvāts 2 istabu dzīvoklis pilnībā rekonstruētā k,https://www.ss.com/msg/en/real-estate/flats/riga/centre/behdii.html,Centre Murnieku 12,2,41,1/2,Recon.,"101,250  €"
Хозяин продаёт двухкомнатную квартиру после качественного капита,https://www.ss.com/msg/en/real-estate/flats/riga/yugla/aieml.html,Yugla Murjanu 46,2,47,3/5,Lit pr.,"85,000  €"
Vienā no elitārākajiem Imantas projektiem “Solaris” tiek piedāvā,https://www.ss.com/msg/en/real-estate/flats/riga/imanta/ceoec.html,Imanta Anninmuizhas boulevard,4,96,7/24,New,"223,000  €"
"Pārdod dzīvokli ar visām ērtībām. 
Labi attīstīta pilsētas infr",https://www.ss.com/msg/en/real-estate/flats/riga/agenskalns/idcxe.html,Agenskalns Dreilinu 14,2,42,1/5,Chrusch.,"65,000  €"
"Plašs dzīvoklis, 2 guļamistabas, virtuve, viesistaba, atsevišķs",https://www.ss.com/msg/en/real-estate/flats/riga/ziepniekkalns/cfijl.html,Ziepniekkalns Valdeku 53,3,78,8/9,119-th,"70,000  €"
"Pārdod mājīgu divistabu dzīvokli Rīgā – Staru ielā 21, Vecmīlgrā",https://www.ss.com/msg/en/real-estate/flats/riga/vecmilgravis/acmfh.html,Vecmilgravis Staru 21,2,38,3/5,Lit pr.,"42,000  €"
"Дом находится в прекрасном месте, развита инфраструктура, рядом",https://www.ss.com/msg/en/real-estate/flats/riga/purvciems/ghxli.html,Purvciems Dzelzavas 80,3,60,1/5,Lit pr.,"60,000  €"
"Pārdod 2 istabu dzīvokli Rīgas sirdī – Krāmu ielā 4, Vecrīgā.",https://www.ss.com/msg/en/real-estate/flats/riga/vecriga/neclj.html,Vecriga Kramu 4,2,89,3/4,Pre-war house,"163,330  €"
"Pārdod vienistabas dzīvokli Rīgā – Dzegužu ielā 2, Dzirciemā.",https://www.ss.com/msg/en/real-estate/flats/riga/dzeguzhkalns/cfxfo.html,Dzeguzhkalns Dzeguzhu 2,1,34,2/2,Pre-war house,"19,000  €"
Projekts nodots ekspluatācijā un palikuši pēdējie dzīvokļi. Iesp,https://www.ss.com/msg/en/real-estate/flats/riga/darzciems/ibbfc.html,Darzciems Rumbulas 14,4,137,1/5,New,"281,000  €"
Piedāvājumā 1-istabas dzīvoklis ar plašu guļamistabu Rīgas centr,https://www.ss.com/msg/en/real-estate/flats/riga/centre/beboxh.html,Centre Gertrudes 43,1,33,4/5,Pre-war house,"79,000  €"
Piedāvājumā gaišs un mājīgs 3 istabu dzīvoklis 4. stāvā ēkā ar l,https://www.ss.com/msg/en/real-estate/flats/riga/centre/gjchc.html,Centre Valdemara 106,3,90,4/8,Stalin project,"187,000  €"
"Premium klases dzīvokļi Rīgas centrā – Lāčplēša ielā 36.

Ēka",https://www.ss.com/msg/en/real-estate/flats/riga/centre/bfeobc.html,Centre Lachplesha 36,2,34,1/5,New,"112,560  €"
Продаётся 3-комнатная квартира. Две изолированные комнаты и гост,https://www.ss.com/msg/en/real-estate/flats/riga/kengarags/aixkb.html,Kengarags Ikshkiles 7,3,66,2/5,Lit pr.,"55,000  €"
Pārdod 2 istabu dzīvokli Pulkveža Brieža ielā 15. Dzīvoklis atro,https://www.ss.com/msg/en/real-estate/flats/riga/centre/bcilfd.html,Centre Pulkv. Briezha 15,2,37,3/7,Recon.,"108,000  €"
Piedāvājam iegādei investīciju objektu - izīrētu studijas tipa d,https://www.ss.com/msg/en/real-estate/flats/riga/tornjakalns/hkifj.html,Tornjakalns Tornakalna 2,1,35,2/5,New,"116,000  €"
"Pārdod funkcionālu studio tipa dzīvokli Klusajā centrā, pie Andr",https://www.ss.com/msg/en/real-estate/flats/riga/centre/binmn.html,Centre Eksporta 4,1,42,1/5,Pre-war house,"49,000 €"
Piedāvājumā 3 istabu dzīvokli (divas izolētas istabas) Rīgas cen,https://www.ss.com/msg/en/real-estate/flats/riga/centre/fepji.html,Centre Gertrudes 43,3,71,4/5,Pre-war house,"165,000  €"
"Plašums, gaisma un miera sajūta Alauksta ielā 9.

Pārdošanā pl",https://www.ss.com/msg/en/real-estate/flats/riga/centre/aenko.html,Centre Alauksta 9,2,69,2/6,New,"139,900  €"
Attīstītājs tirgo pilnībā ar mēbelēm aprīkotu un ar sadzīves teh,https://www.ss.com/msg/en/real-estate/flats/riga/centre/aelml.html,Centre Alauksta 7,2,33,1/2,Recon.,"140,000  €"
Pillar piedāvā iespēju iegādāties četru istabu dzīvokli “Mežciem,https://www.ss.com/msg/en/real-estate/flats/riga/mezhciems/ncbxi.html,Mezhciems Eizenshteina 47a,4,87,9/10,New,"213,900  €"
Pillar piedāvā iespēju iegādāties divu istabu dzīvokli “Mežciema,https://www.ss.com/msg/en/real-estate/flats/riga/mezhciems/ahkxd.html,Mezhciems Eizenshteina 47a,2,45,9/10,New,"114,800  €"
Piedāvājam iespēju iegādāties plašu trīs istabu dzīvokli “Dreili,https://www.ss.com/msg/en/real-estate/flats/riga/dreilini/cffckk.html,Dreilini Valtera 1,3,73,5/9,New,"171,300  €"
Piedāvājam iespēju iegādāties plašu četru istabu dzīvokli “Dreil,https://www.ss.com/msg/en/real-estate/flats/riga/dreilini/cflili.html,Dreilini Valtera 1b,4,81,2/4,New,"193,000  €"
"Pārdod gaišu, mājīgu dzīvokli jaunajā projektā. 

- Augsti gri",https://www.ss.com/msg/en/real-estate/flats/riga/yugla/cndog.html,Yugla Brivibas g. 338,3,84,7/7,New,"145,000  €"
Īpašnieks pārdod lielisku dzīvokli izdevīgā atrašanās vietā – mā,https://www.ss.com/msg/en/real-estate/flats/riga/centre/blcie.html,Centre Gertrudes 22,5,203,5/6,Pre-war house,"320,000  €"
"Jaunajā projektā ""Pīlādžu mājās"" tiek pārdots moderns dzīvoklis",https://www.ss.com/msg/en/real-estate/flats/riga/ziepniekkalns/fpgix.html,Ziepniekkalns Tumes 27A,2,38,1/6,New,"102,900  €"
Mansarda tipa 6 - istabu dzīvoklis ar savu privātu torni un 360,https://www.ss.com/msg/en/real-estate/flats/riga/centre/eijdo.html,Centre Terbatas 93/95,6,224,6/6,Stalin project,"298,000  €"
Dzīvoklis ar vēsturisku šarmu. Dzīvoklis fasādes mājā ar logiem,https://www.ss.com/msg/en/real-estate/flats/riga/centre/bciged.html,Centre Kalnina 8,6,220,2/5,Pre-war house,"290,000  €"
"Kluss, saulains 2 - istabu dzīvoklis Nr. 41. Pēc remonta būs pie",https://www.ss.com/msg/en/real-estate/flats/riga/centre/ggkpx.html,Centre Chaka 133,2,46,2/6,Pre-war house,"63,488  €"
"Plašs 4 istabu īpašums ar iespēju atjaunot dzīvokļa statusu

P",https://www.ss.com/msg/en/real-estate/flats/riga/ziepniekkalns/afpjn.html,Ziepniekkalns Valdeku 61,4,79,1/9,119-th,"114,999  €"
Stilīgs un pārdomāti iekārtots studijas tipa dzīvoklis ar 6 m² t,https://www.ss.com/msg/en/real-estate/flats/riga/plyavnieki/hbgof.html,Plyavnieki Plavnieku 9,1,54,4/9,New,"108,000  €"
"2 istabu dzīvoklis Rīgas centrā ar autostāvvietu. 

Dzīvoklis",https://www.ss.com/msg/en/real-estate/flats/riga/centre/cielk.html,Centre Stabu 49,2,34,5/5,Pre-war house,"85,000  €"
"Piedāvājumā 3 istabu dzīvoklis Rīgas centrā. 

Dzīvoklis ir pl",https://www.ss.com/msg/en/real-estate/flats/riga/centre/bdpgnp.html,Centre Valdemara 72A,3,59,2/5,Chrusch.,"110,000  €"
"Pārdod mājīgu 2-istabu dzīvokli, istabas izolētas, jauni radiato",https://www.ss.com/msg/en/real-estate/flats/riga/vecmilgravis/dmpmh.html,Vecmilgravis Vecmilgravja 1. l. 49,2,50,4/5,Lit pr.,"45,000  €"
Продается 1-комнатная квартира на восьмом этаже 119-ой серии.,https://www.ss.com/msg/en/real-estate/flats/riga/zolitude/adnei.html,Zolitude Gramzdas 19,1,46,8/9,119-th,"58,000  €"
Продаётся дизайнерская квартира в новом жилом проекте в Старой Р,https://www.ss.com/msg/en/real-estate/flats/riga/vecriga/cbffc.html,Vecriga Kungu 25,3,132,4/4,New,"550,000  €"
"Tiek pārdots 2 istabu dzīvoklis ar divām izolētām istabām. 
Dzī",https://www.ss.com/msg/en/real-estate/flats/riga/purvciems/enlgh.html,Purvciems Dudajeva g. 3,2,49,5/5,Lit pr.,"62,000 €"
"Продаётся 1-комнатная квартира от Собственника. 

Квартира распо",https://www.ss.com/msg/en/real-estate/flats/riga/plyavnieki/dnxod.html,Plyavnieki Tinuzhu 7,1,39,2/9,Sm.fam.,"33,000  €"
Pārdošanā ir kompakts divu istabas dzīvoklis un lielisks investī,https://www.ss.com/msg/en/real-estate/flats/riga/centre/chldb.html,Centre Miera 103,2,49,1/5,New,"147,500 €"
"Plašs 3 istabu dzīvoklis jaunajā projektā Krustkalnos. 

Dzīvo",https://www.ss.com/msg/en/real-estate/flats/riga/ziepniekkalns/begnni.html,Ziepniekkalns Ziepniekkalna 100,3,78,1/4,New,"226,600  €"
"Pārdošanā gaišs un funkcionāls 2 istabu dzīvoklis Purvciemā, Sti",https://www.ss.com/msg/en/real-estate/flats/riga/purvciems/dgomh.html,Purvciems Stirnu 45,2,45,4/5,Lit pr.,"56,000 €"
"Attīstītājs ""Yit Latvija"" piedāvā iegādāties jaunu 2-istabu dzīv",https://www.ss.com/msg/en/real-estate/flats/riga/dreilini/conpo.html,Dreilini Kaivas 48b,2,44,1/6,New,"110,500  €"
"Pārdod plašu un gaišu 8 istabu dzīvokli Rīgas centrā. 
Dzīvokli",https://www.ss.com/msg/en/real-estate/flats/riga/centre/diiof.html,Centre Brivibas 100c,Other,176,2/2,Recon.,"170,000  €"
Pārdod skaistu un plašu 3 istabu istabu dzīvokli pašā Rīgas cent,https://www.ss.com/msg/en/real-estate/flats/riga/centre/afjgx.html,Centre Skolas 20,3,98,6/7,Recon.,"350,000  €"
"Saulains un kluss pagalma, 3.stāva dzīvoklis Katoļu ielā 29, pēc",https://www.ss.com/msg/en/real-estate/flats/riga/maskavas-priekshpilseta/bckklc.html,Latgales priekshpilset Katolu 29,2,34,3/6,Recon.,"84,035  €"
"Pārdod plašu 6 istabu dzīvokli Rīgas centrā. 
Dzīvoklis atrodas",https://www.ss.com/msg/en/real-estate/flats/riga/centre/bcngm.html,Centre Brivibas 100c,6,124,1/2,Recon.,"115,000  €"
Pārdod renovētu divu izolētu istabu dzīvokli ar ieeju no pagalma,https://www.ss.com/msg/en/real-estate/flats/riga/maskavas-priekshpilseta/bfxffb.html,Latgales priekshpilset Latgales 150,2,40,1/3,Pre-war house,"59,000  €"
"3 istabu dzīvoklis ar stāvvietu. 

Dzīvoklis ir ļoti gaišs, lo",https://www.ss.com/msg/en/real-estate/flats/riga/purvciems/dhkek.html,Purvciems Dzelzavas 108,3,61,2/7,New,"159,900  €"
Ar pilnu virtuves aprīkojumu jau komplektācijā - pārdošanā pēdēj,https://www.ss.com/msg/en/real-estate/flats/riga/agenskalns/bkbmxd.html,Agenskalns Lielirbes 9a,3,47,3/4,Recon.,"119,000  €"
Ekonomisks dzīvoklis pirmskara mūra mājā par ļoti labu cenu. Ska,https://www.ss.com/msg/en/real-estate/flats/riga/centre/bclbgm.html,Centre Chaka 133,2,46,2/6,Pre-war house,"63,500  €"
"Neliels Māksliniecisks Studio pašā centrā ielas mājā. 
Pelnošs",https://www.ss.com/msg/en/real-estate/flats/riga/centre/bfdgng.html,Centre Skolas 22,1,17,4/4,Pre-war house,"52,500  €"
Ērts un ekonomisks dzīvoklis pirmskara mūra mājā par labu cenu.,https://www.ss.com/msg/en/real-estate/flats/riga/grizinkalns/cdokph.html,Grizinkalns Chaka 133,1,32,4/6,Pre-war house,"47,000  €"
Īpašnieks izpārdod māju pa atsevišķiem dzīvokļiem un pieejams ir,https://www.ss.com/msg/en/real-estate/flats/riga/grizinkalns/bplopd.html,Grizinkalns Chaka 133,2,46,2/6,Pre-war house,"63,500  €"
Продаю 1-комнатную квартиру на 9 этаже 9-этажного дома 119 серии,https://www.ss.com/msg/en/real-estate/flats/riga/zolitude/aelhc.html,Zolitude Lejina 4,1,43,9/9,119-th,"53,000  €"
Jauns dzīvoklis jaunā mājā - gaišs un silts 2-istabu dzīvoklis j,https://www.ss.com/msg/en/real-estate/flats/riga/purvciems/cihnd.html,Purvciems Upenu 19,2,53,4/9,New,"143,000  €"
Дом 1910 года постройки от архитектора Эрнеста Поле (к слову око,https://www.ss.com/msg/en/real-estate/flats/riga/centre/ephgb.html,Centre Stabu 6,6,126,1/6,Pre-war house,"132,000  €"
"Квартира 13- для тех, кто верит не в приметы, а в выгодные возмо",https://www.ss.com/msg/en/real-estate/flats/riga/centre/ghnjh.html,Centre Stabu 6,2,66,2/6,Pre-war house,"90,000  €"
Īpašnieks pārdod dzīvokli centrā ar visām ērtībām. Māja nesen re,https://www.ss.com/msg/en/real-estate/flats/riga/centre/bdkmi.html,Centre Murnieku 14,1,20,1/2,Recon.,"35,000  €"
Īpašniece pārdod kompaktu un siltu studio tipa vienistabas dzīvo,https://www.ss.com/msg/en/real-estate/flats/riga/maskavas-priekshpilseta/cbdxc.html,Latgales priekshpilset Vilanu 16,1,20,5/5,New,"45,900  €"
Pārdod gaišu un mājīgu 1-istabas dzīvokli Teikā Ropažu ielā 24.,https://www.ss.com/msg/en/real-estate/flats/riga/teika/bboxok.html,Teika Ropazhu 24,1,30,1/5,Chrusch.,"47,000  €"
"Хозяин продаёт 2-комнатную квартиру в Риге на ул. Ницгалес 38, Д",https://www.ss.com/msg/en/real-estate/flats/riga/darzciems/fnxbx.html,Darzciems Nicgales 38,2,53,2/5,103-th,"58,000  €"
"Auto stāvvieta (P)- automašīnai slēgtā pagalmā, iezīmētā vietā.",https://www.ss.com/msg/en/real-estate/flats/riga/centre/dickd.html,Centre Deglava 42,1,25,2/2,Pre-war house,"49,600  €"
Tiek pārdots gaišs 2-istabu dzīvoklis ar izolētām istabām. Dzīvo,https://www.ss.com/msg/en/real-estate/flats/riga/darzciems/ifgdf.html,Darzciems Rumbulas 7,2,54,3/5,103-th,"57,000  €"
"Pārdodam labu 3 istabu dzīvokli, 119. sērija, Zolitūdē, Paula Le",https://www.ss.com/msg/en/real-estate/flats/riga/zolitude/fgxgc.html,Zolitude Lejina 16,3,78,4/9,119-th,"75,500  €"
"Slēgta, labiekārtota noliktavas telpa pašā Rīgas centrā. 

Par",https://www.ss.com/msg/en/real-estate/flats/riga/centre/doekh.html,Centre Merkela 7,1,10,1/5,Recon.,"13,000  €"
В квартире нужен ремонт. Железная дверь. Изолированные комнаты.,https://www.ss.com/msg/en/real-estate/flats/riga/vecmilgravis/aampe.html,Vecmilgravis Meldru 28,2,50,2/5,Lit pr.,"33,000  €"
"Pārdod remontētu un labiekārtotu dzīvokli nesen renovētā, siltin",https://www.ss.com/msg/en/real-estate/flats/riga/teika/befngi.html,Teika Vijciema 16,3,72,2/3,Chrusch.,"120,000  €"
Pārdod gaišu un siltu 3 istabu dzīvokli ar skatu uz abām mājas p,https://www.ss.com/msg/en/real-estate/flats/riga/bolderaya/cjfeb.html,Bolderaya Gaigalas 23a,3,68,4/5,103-th,"85,000  €"
"Pārdod patīkamu un plašu 4 istabu dzīvokli Skolas ielā, Rīgas ce",https://www.ss.com/msg/en/real-estate/flats/riga/centre/ahxei.html,Centre Skolas 22a,4,110,3/6,Pre-war house,"275,000  €"
Продаётся просторная и светлая 3-комнатная квартира в Золитуде у,https://www.ss.com/msg/en/real-estate/flats/riga/zolitude/ecxfc.html,Zolitude Ruses 14,3,78,7/9,119-th,"110,000 €"
"Šis ir dzīvoklis cilvēkam, kurš novērtē Rīgas vēsturisko atmosfē",https://www.ss.com/msg/en/real-estate/flats/riga/vecriga/afxdo.html,Vecriga Kramu 4,1,73,4/5,Pre-war house,"147,000  €"
"Продаётся просторная, светлая 5-комнатная квартира в Риге. Кварт",https://www.ss.com/msg/en/real-estate/flats/riga/teika/dmgdf.html,Teika Ropazhu 49,5,127,2/7,Spec. pr.,"165,000  €"
Pārdod plašu un gaišu 4 istabu dzīvokli mūsdienīgā 2018. gadā bū,https://www.ss.com/msg/en/real-estate/flats/riga/centre/flgbl.html,Centre Chaka 134,4,96,3/6,New,"239,000  €"
Продается 1-комнатная квартира в тихом месте с приятным видом. С,https://www.ss.com/msg/en/real-estate/flats/riga/dzeguzhkalns/bfexkc.html,Dzeguzhkalns Dzirciema 35,1,30,2/5,Lit pr.,"60,000 €"
"Продаю комнату гостиничного типа 20 кв. м. светлая, теплая, не у",https://www.ss.com/msg/en/real-estate/flats/riga/purvciems/ccgng.html,Purvciems Ieriku 20,1,20,3/3,Sm.fam.,"17,000  €"
Pārdod Divstāvu Penthaus 6. UN 7. Stāvā 138 m² + 122 m² Terase,https://www.ss.com/msg/en/real-estate/flats/riga/centre/beexlx.html,Centre Chaka 134,5,260,7/7,New,"380,000  €"
Piedāvājumā dzīvoklis Vecā Biķernieku ielā 33. Ēka celta 2006. g,https://www.ss.com/msg/en/real-estate/flats/riga/mezhciems/agmmp.html,Mezhciems Veca Bikernieku 33,2,60,2/4,New,"119,000  €"
Pārdošanā remontējams 2 istabu dzīvoklis Latgales priekšpilsētā.,https://www.ss.com/msg/en/real-estate/flats/riga/maskavas-priekshpilseta/edhjo.html,Latgales priekshpilset Latgales 84,2,48,3/7,Pre-war house,"40,500  €"
"Pārdod plašu, siltu un mājīgu 3 istabu dzīvokli mūsdienīgā un pi",https://www.ss.com/msg/en/real-estate/flats/riga/plyavnieki/ichpf.html,Plyavnieki Kupricu 1A,3,73,4/5,New,"183,000  €"
"Pārdod 2-istabu dzīvokli Teikā, klusā un zaļā vietā Ropažu ielas",https://www.ss.com/msg/en/real-estate/flats/riga/teika/bpxig.html,Teika Ropazhu 56,2,29,4/4,Stalin project,"46,500  €"
"Pārdodu 1-istabas dzīvokli netālu no Turības. 
Dzīvoklis atrodā",https://www.ss.com/msg/en/real-estate/flats/riga/ziepniekkalns/ahbpj.html,Ziepniekkalns Vienibas g. 75,1,25,2/2,Pre-war house,"20,500  €"
"Vienā no labākajiem jaunajiem projektiem, netālu no Botāniskā dā",https://www.ss.com/msg/en/real-estate/flats/riga/agenskalns/fhxbd.html,Agenskalns Vilipa 12,3,99,6/10,New,"173,800  €"
"Pārdošanā dzīvoklis pēc kapitālā remonta. 
Nomainīti logi, kuri",https://www.ss.com/msg/en/real-estate/flats/riga/mezhciems/ajdlp.html,Mezhciems Hipokrata 43,1,35,6/9,602-th,"55,500  €"
"Bez starpniekiem, pardod īpašnieks. Dizaina renovācija. Zemes īp",https://www.ss.com/msg/en/real-estate/flats/riga/plyavnieki/hdbdj.html,Plyavnieki Rudens 12,1,35,5/9,602-th,"58,500  €"
Pārdošanā plašs 3 istabu dzīvoklis lieliskā lokācijā Iļģuciemā,https://www.ss.com/msg/en/real-estate/flats/riga/ilguciems/hoeee.html,Ilguciems Riekstu 23,3,70,3/5,Lit pr.,"72,300  €"
"Pārdod dzīvokli Rīgā, Celtnieku ielā 12

Pārdou trīsistabas dz",https://www.ss.com/msg/en/real-estate/flats/riga/sarkandaugava/ajljf.html,Sarkandaugava Celinieku 12,3,59,2/3,Pre-war house,"32,000  €"
"Īpašnieks pārdod mājīgu 2 istabu dzīvokli 67, 5 m2 platībā Panor",https://www.ss.com/msg/en/real-estate/flats/riga/shampeteris-pleskodale/hcngg.html,Shampeteris-Pleskodale Lielirbes 11,2,68,7/25,New,"125,000  €"
"Продаю квартиру на Ваускас 15, произошла В доме газовый взрыв на",https://www.ss.com/msg/en/real-estate/flats/riga/tornjakalns/aeklf.html,Tornjakalns Bauskas 15,1,44,1/5,Sm.fam.,"20,000 €"
Tiek pārdots saulains un mājīgs vienistabas dzīvoklis kvalitatīv,https://www.ss.com/msg/en/real-estate/flats/riga/dzeguzhkalns/beojkn.html,Dzeguzhkalns Dzeguzhu 7,1,30,5/5,Chrusch.,"40,000  €"
"Dzīvoklim ir pārdomāts un funkcionāls plānojums, kas nodrošina ē",https://www.ss.com/msg/en/real-estate/flats/riga/centre/cbjhh.html,Centre Grostonas 21,4,110,8/10,New,"345,000  €"
Продается 3-х комнатная квартира с част. удобствами (баллонный г,https://www.ss.com/msg/en/real-estate/flats/riga/maskavas-priekshpilseta/edhxp.html,Latgales priekshpilset Daugavpils 26,3,72,1/2,Pre-war house,"39,000  €"
"Īpašnieks pārdod 3 istabu dzīvokli projektā “Trebū Home”. 

Ēr",https://www.ss.com/msg/en/real-estate/flats/riga/plyavnieki/ebcem.html,Plyavnieki Kupricu 1A,3,73,5/5,New,"195,000  €"
К покупке предлагается комфортная 3-комнатная квартира в малоква,https://www.ss.com/msg/en/real-estate/flats/riga/shampeteris-pleskodale/aellj.html,Shampeteris-Pleskodale Zalves 47,3,132,4/5,New,"299,500  €"
"Īpašnieks pārdod saulainu un siltu trīsistabu dzīvokli, trešajā",https://www.ss.com/msg/en/real-estate/flats/riga/plyavnieki/fecxe.html,Plyavnieki Deglava 164,3,63,3/9,602-th,"74,400 €"
"Pārdošanā 3 istabu mansarda dzīvoklis. Visas 3 istabas izolētas,",https://www.ss.com/msg/en/real-estate/flats/riga/tornjakalns/agenx.html,Tornjakalns Bauskas 4,3,83,4/4,Pre-war house,"125,000  €"
"Pārdošanā mājīgs, gaišs un mēbelēts dzīvoklis ar visu nepiecieša",https://www.ss.com/msg/en/real-estate/flats/riga/teika/dpopp.html,Teika Vijciema 8,2,31,3/4,New,"84,455  €"
"Pārdošanā mājīgs, gaišs un mēbelēts dzīvoklis ar visu nepiecieša",https://www.ss.com/msg/en/real-estate/flats/riga/mezhapark/hcfgi.html,Mezhapark Gaujas 63,2,31,3/4,New,"84,455  €"
"Dzīve ar raksturu Vecrīgas sirdī – Grēcinieku ielā 24, Rīgā
Pār",https://www.ss.com/msg/en/real-estate/flats/riga/vecriga/abpmn.html,Vecriga Grecinieku 24,3,100,4/6,Recon.,"285,000  €"
"Stīlīgs dzīvoklis pēc remonta. Remonts tika veikts sev, nevis pā",https://www.ss.com/msg/en/real-estate/flats/riga/sarkandaugava/epdoi.html,Sarkandaugava Tvaika 14,2,49,1/5,Chrusch.,"76,500 €"
"Просторная, светлая и современная квартира с Двумя парковочными",https://www.ss.com/msg/en/real-estate/flats/riga/ziepniekkalns/acngp.html,Ziepniekkalns Ziepniekkalna 64,4,135,2/6,New,"285,000  €"
"Pārdod plašu divu istabu dzīvokli Āgenskalna sirdī. 

Piedāvāj",https://www.ss.com/msg/en/real-estate/flats/riga/agenskalns/beoxeg.html,Agenskalns Atputas 1,2,54,2/3,Pre-war house,"77,900  €"
"Dzīvoklis atrodas netālu no tirdzniecības un atpūtas centra ""Akr",https://www.ss.com/msg/en/real-estate/flats/riga/kengarags/dnekx.html,Kengarags Salaspils 8,1,33,1/12,Spec. pr.,"33,000  €"
"Pārdošanā mājīgs, silts un saulains trīsistabu dzīvoklis. Logi i",https://www.ss.com/msg/en/real-estate/flats/riga/sarkandaugava/bcmbi.html,Sarkandaugava Tvaika 54/3,3,53,2/5,Chrusch.,"45,000  €"
"Светлая, уютная квартира. Недавно сделан косметический ремонт.",https://www.ss.com/msg/en/real-estate/flats/riga/kengarags/cmecp.html,Kengarags Latgales 254/1,2,48,3/5,Chrusch.,"54,200  €"
Skaists mēbelēts dzīvoklis ar ērtu plānojumu centrālā lokācijā:,https://www.ss.com/msg/en/real-estate/flats/riga/centre/alogl.html,Centre Dzirnavu 115,2,47,4/4,Pre-war house,"129,500  €"
Pārdodam mājīgu divistabu dzīvokli ar savu slēgtu teritoriju. Li,https://www.ss.com/msg/en/real-estate/flats/riga/centre/hbjnn.html,Centre Matisa 84,2,25,1/2,Pre-war house,"18,900  €"
Pārdodam gaišu un mājīgu dzīvokli mūra mājā. Lielisks variants g,https://www.ss.com/msg/en/real-estate/flats/riga/maskavas-priekshpilseta/cjocm.html,Latgales priekshpilset Liksnas 16A,1,22,3/5,Pre-war house,"17,900  €"
"Pārdodu vienistabas dzīvokli. 

Ēka labā stāvoklī. 
Slēgta, t",https://www.ss.com/msg/en/real-estate/flats/riga/vecmilgravis/ahihk.html,Vecmilgravis Ziemelblazmas 51,1,34,1/9,Spec. pr.,"32,000  €"
Продаётся уютная 2-комнатная квартира с изолированными комнатами,https://www.ss.com/msg/en/real-estate/flats/riga/imanta/bkxlo.html,Imanta Jurmalas g. 93,2,50,1/5,Lit pr.,"52,000  €"
"Pārdod 1-istabu dzīvokli ķieģeļu mūra mājā ar biezām sienām. 
L",https://www.ss.com/msg/en/real-estate/flats/riga/breksi/cenoff.html,Breksi Bikernieku 262,1,29,1/3,Pre-war house,"22,900  €"
"В квартире сделан дизайн в современном стиле, который будет акту",https://www.ss.com/msg/en/real-estate/flats/riga/plyavnieki/adodx.html,Plyavnieki Saharova 5,3,63,1/9,602-th,"78,500  €"
"Pārdod divistabu dzīvokli lieliskā lokācijā – pie paša parka, za",https://www.ss.com/msg/en/real-estate/flats/riga/maskavas-priekshpilseta/cdpkel.html,Latgales priekshpilset Balvu 13,2,50,5/5,Spec. pr.,"45,000  €"
"Pārdod mājīgu 1-istabas dzīvokli. 
Pārdošanā gaišs, ļoti silts",https://www.ss.com/msg/en/real-estate/flats/riga/imanta/ahgdm.html,Imanta M. Krūmu 20,1,36,2/9,602-th,"62,900  €"
"Представьте место, где после насыщенного дня можно по-настоящему",https://www.ss.com/msg/en/real-estate/flats/riga/jaunciems/cpfnx.html,Jaunciems Jaunciema 2. l. 5a,2,46,2/5,Spec. pr.,"42,000  €"
"Studio tipa investīciju dzīvoklis Marijas ielā 8B, iekšpagalma ē",https://www.ss.com/msg/en/real-estate/flats/riga/centre/cgkib.html,Centre Marijas 8B,1,21,3/3,Pre-war house,"88,600  €"
"Pārdod Plašu 5 Istabu Dzīvokli 110 M²

Pārdod plašu un mājīgu",https://www.ss.com/msg/en/real-estate/flats/riga/zolitude/ejpdx.html,Zolitude Biezina 1,5,110,1/9,119-th,"140,000  €"
"Saulains un silts vienistabas dzīvoklis. Dzelzs ārdurvis , Pvc l",https://www.ss.com/msg/en/real-estate/flats/riga/vecmilgravis/doopl.html,Vecmilgravis Stiebru 8,1,28,5/5,Lit pr.,"26,000  €"
"Pārdošanā 2 istabu dzīvoklis Pļavniekos, Rudens ielā 5.

Dzīvo",https://www.ss.com/msg/en/real-estate/flats/riga/plyavnieki/gkxij.html,Plyavnieki Rudens 5,2,49,1/9,602-th,"50,000  €"
38 + 33 m2 = Pārdodu Kapitāli remontētu dzīvokli + komerciālās t,https://www.ss.com/msg/en/real-estate/flats/riga/centre/dnnbm.html,Centre Avotu 66A,3,71,1/5,Recon.,"111,000  €"
"Īpašnieks pārdod plašu, siltu un funkcionāli izplānotu 3 istabu",https://www.ss.com/msg/en/real-estate/flats/riga/teika/bdfok.html,Teika Berzpils 59,3,74,1/2,Stalin project,"113,900  €"
"Skaists divlīmeņu dzīvoklis ar autostāvvietu ar ērtu, pārdomātu",https://www.ss.com/msg/en/real-estate/flats/riga/zolitude/fplmg.html,Zolitude Anninmuizhas 13,5,183,11/12,New,"255,000  €"
Īpašnieks pārdod dzīvokli Mežaparka sirdī ar brīnišķīgu panorāma,https://www.ss.com/msg/en/real-estate/flats/riga/mezhapark/cpidi.html,Mezhapark Kempes 3,3,75,12/12,Spec. pr.,"145,000 €"
Attīstītājs un īpašnieks – kompāniju grupa R. Evolution – pārdod,https://www.ss.com/msg/en/real-estate/flats/riga/agenskalns/dmxbg.html,Agenskalns Ranka d. 34,5,178,15/23,New,"608,000  €"
"Māja vai liels divlīmeņu Dzīvoklis ar ideālu lokāciju? 

Pārdo",https://www.ss.com/msg/en/real-estate/flats/riga/centre/gceje.html,Centre Brivibas 281,5,112,5/6,Spec. pr.,"163,000  €"
"Pārdošanā atjaunots, gaišs un kvalitatīvs trīs istabu dzīvoklis",https://www.ss.com/msg/en/real-estate/flats/riga/centre/dmkik.html,Centre Brivibas 72,3,82,5/5,Pre-war house,"193,000  €"
"""Aleksandra Apartments"" - pārdodu trīs istabu dzīvokli jaunajā,",https://www.ss.com/msg/en/real-estate/flats/riga/centre/bedmmj.html,Centre Ausekla 4,3,80,3/7,New,"219,000  €"
33 + 38 m2 -> Pārdodu Kapitāli remontētu dzīvokli + komerciāl,https://www.ss.com/msg/en/real-estate/flats/riga/grizinkalns/bpnfbh.html,Grizinkalns Avotu 66A,3,71,1/5,Recon.,"111,000  €"
Īpašnieks pārdod vienistabas dzīvokli Vienības gatvē ar malkas a,https://www.ss.com/msg/en/real-estate/flats/riga/ziepniekkalns/clmnl.html,Ziepniekkalns Vienibas g. 126,1,25,2/2,Pre-war house,"13,900  €"
Pārdošanā gaišs un ērti plānots 2 istabu dzīvoklis projektā “Rub,https://www.ss.com/msg/en/real-estate/flats/riga/shkirotava/cbxif.html,Shkirotava Gravas 17,2,44,2/5,New,"87,500  €"
Pārdošanā moderns 1 istabu dzīvoklis lieliskā atrašanās vietā pi,https://www.ss.com/msg/en/real-estate/flats/riga/kengarags/gjpnl.html,Kengarags Kaniera 14,1,36,4/12,Spec. pr.,"59,000  €"
Pārdošanā labiekārtots 3 istabu dzīvoklis jaunajā projektā klusā,https://www.ss.com/msg/en/real-estate/flats/riga/ziepniekkalns/hcdgf.html,Ziepniekkalns Putnu 14,3,78,1/5,New,"156,000  €"
"Colonel’S House ir Jūsu iespēja radīt mājvietu tieši tādu, kādu",https://www.ss.com/msg/en/real-estate/flats/riga/centre/bplho.html,Centre Pulkv. Briezha 15,2,48,2/7,Recon.,"152,960  €"
Piedāvājumā gaišs un pārdomāti plānots divstāvu dzīvoklis ar ter,https://www.ss.com/msg/en/real-estate/flats/riga/bergi/aainf.html,Bergi Brivdabas 1,4,186,3/3,New,"280,000  €"
"Labdien. 
Vai Tu meklē vietu, kuru saukt par savām mājām? 
Vai",https://www.ss.com/msg/en/real-estate/flats/riga/bolderaya/gcjpj.html,Bolderaya Plata 8,2,49,1/2,Stalin project,"57,000  €"
"Предлагается квартира в Тихом центре Риги, в полностью реновиров",https://www.ss.com/msg/en/real-estate/flats/riga/centre/ejfdp.html,Centre Rupniecibas 11,2,75,4/5,Recon.,"290,000  €"
"Īpašnieks pārdod siltu, gaišu, mājīgu un ērtu dzīvokli pirmskara",https://www.ss.com/msg/en/real-estate/flats/riga/centre/bckmbf.html,Centre Tallinas 9,3,46,3/4,Pre-war house,"65,500 €"
"Īpašnieks pārdod siltu, gaišu, saulainu dzīvokli labā stāvoklī.",https://www.ss.com/msg/en/real-estate/flats/riga/plyavnieki/hngox.html,Plyavnieki Rudens 10,1,30,5/9,602-th,"44,500  €"
Pārdošanā 2-istabu dzīvoklis tikko pēc remonta gatavs dzīvošanai,https://www.ss.com/msg/en/real-estate/flats/riga/dzeguzhkalns/beojko.html,Dzeguzhkalns Slokas 46a,2,55,4/4,Pre-war house,"102,000  €"
"Pārdodam autentisku gaišu, saulainu 2 istabu dzīvokli pirmskara",https://www.ss.com/msg/en/real-estate/flats/riga/darzciems/bjhhog.html,Darzciems Stopinu 8,2,31,3/3,Recon.,"53,500  €"
"Pārdod tikko izremontētu vienistabas dzīvokli. 

Dzīvoklim ir",https://www.ss.com/msg/en/real-estate/flats/riga/vecmilgravis/acmmc.html,Vecmilgravis Vecmilgravja 1. l. 54,1,28,3/5,Lit pr.,"40,000  €"
"Māja tiek izpārdota pa atsevišķiem dzīvokļiem, kas dod iespēju i",https://www.ss.com/msg/en/real-estate/flats/riga/centre/dxlik.html,Centre Chaka 133,1,32,4/6,Pre-war house,"47,000  €"
"Pārdod 4 istabu dzīvokli 159, 1 m² platībā ar 35 m² lielu terasi",https://www.ss.com/msg/en/real-estate/flats/riga/maskavas-priekshpilseta/dhceh.html,Latgales priekshpilset Katolu 19,4,159,2/6,New,"179,000 €"
3 istabu dzīvoklis Centrā - peļņa gadā ~7%. Ideāli piemērots gan,https://www.ss.com/msg/en/real-estate/flats/riga/centre/affxj.html,Centre Lachplesha 52,3,56,2/5,Pre-war house,"129,500  €"
"Pārdošanā renovēts 2 istabu dzīvoklis Rīgas centrā

Adrese: Ma",https://www.ss.com/msg/en/real-estate/flats/riga/centre/ailxc.html,Centre Matisa 101,2,45,1/5,Recon.,"98,000  €"
"Vienistabas dzīvoklis trešajā stāvā, Pirmskara laikā ēkā. Griest",https://www.ss.com/msg/en/real-estate/flats/riga/maskavas-priekshpilseta/bjnbmf.html,Latgales priekshpilset Reznas 7B,1,31,3/3,Pre-war house,"36,000  €"
Pārdodu 3 istabu dzīvokli ar individuāli pielāgotu dizainu.,https://www.ss.com/msg/en/real-estate/flats/riga/agenskalns/fxjdx.html,Agenskalns Ranka d. 34,3,93,9/21,New,"299,800  €"
Pārdod mājīgu un gaišu 1 istabas dzīvokli ar ērtu plānojumu. Dzī,https://www.ss.com/msg/en/real-estate/flats/riga/purvciems/idfeh.html,Purvciems Ieriku 60,1,37,5/9,Spec. pr.,"47,200  €"
"Nav dārgi tiek pārdots jauks saulains dzīvoklis (34 m2), 20 minū",https://www.ss.com/msg/en/real-estate/flats/riga/kengarags/ejkch.html,Kengarags Aviacijas 23,1,34,7/12,Sm.fam.,"37,000  €"
"Pārdošanā gaišs, plašs un funkcionāli izplānots 2 istabu dzīvokl",https://www.ss.com/msg/en/real-estate/flats/riga/centre/fpbjk.html,Centre Rupniecibas 34A,2,57,5/6,New,"165,000  €"
"Pārdošanā gaišs un silts 4 istabu dzīvoklis 76 m² platībā, 467.",https://www.ss.com/msg/en/real-estate/flats/riga/kengarags/gehml.html,Kengarags Ikshkiles 2,4,76,9/9,467-th,"70,000  €"
"Pārdod pilnīgi jaunu divistabu dzīvokli Imantā

Pārdod gaišu,",https://www.ss.com/msg/en/real-estate/flats/riga/imanta/cnpnb.html,Imanta Talavas g. 9,2,50,4/5,Lit pr.,"78,000  €"
Attīstītajs piedāvā iegādāties dzīvokļus 1912. gadā celtā pirmsk,https://www.ss.com/msg/en/real-estate/flats/riga/centre/afdxm.html,Centre Brivibas 190,1,26,2/6,Recon.,"41,743  €"
Attīstītajs piedāvā iegādāties dzīvokļus 1912. gadā celtā pirmsk,https://www.ss.com/msg/en/real-estate/flats/riga/centre/cddcp.html,Centre Brivibas 190,1,25,2/6,Recon.,"41,743  €"
Pārdod gaišu un gaumīgi izremontētu 3 istabu dzīvokli ļoti zaļā,https://www.ss.com/msg/en/real-estate/flats/riga/krasta-st-area/gxlxf.html,Krasta st. area Salacas 17,3,56,4/9,467-th,"105,000  €"
"Plašas telpas vēsturiskā namā klusajā centrā. 

Tiek piedāvāta",https://www.ss.com/msg/en/real-estate/flats/riga/centre/eogbc.html,Centre Vilandes 12,5,160,2/5,Recon.,"280,000  €"
Attīstītājs piedāvā iegādāties dzīvokļus 1912. gadā celtā pirmsk,https://www.ss.com/msg/en/real-estate/flats/riga/centre/ghffn.html,Centre Brivibas 190,3,44,2/6,Recon.,"76,825  €"
"Iekšpagalma ēka. 
Attīstītājs piedāvā iegādāties dzīvokļus 1912",https://www.ss.com/msg/en/real-estate/flats/riga/centre/ajbii.html,Centre Brivibas 190,2,47,1/6,Recon.,"59,776  €"
"Pārdod praktisku, siltu un gaišu 2 istabu dzīvokli ar pārdomātu",https://www.ss.com/msg/en/real-estate/flats/riga/purvciems/bbnll.html,Purvciems Stirnu 5,2,59,3/9,119-th,"77,700 €"
Attīstītajs piedāvā iegādāties dzīvokļus 1912. gadā celtā pirmsk,https://www.ss.com/msg/en/real-estate/flats/riga/centre/fjxix.html,Centre Brivibas 190,4,66,2/6,Recon.,"106,758  €"
"Rīgas centrā tiek pārdots studio tipa dzīvoklis

Iespēja iegād",https://www.ss.com/msg/en/real-estate/flats/riga/centre/bdphpd.html,Centre Brivibas 68,1,38,1/6,Recon.,"134,400  €"
Īpašnieks pārdod kompaktu dzīvokli. Ļoti laba atrašanās vieta.,https://www.ss.com/msg/en/real-estate/flats/riga/krasta-st-area/efilh.html,Krasta st. area Latgales 65,1,30,2/5,Spec. pr.,"54,500  €"
"Pārdod 2 istabu dzīvokli Juglā ar esošu īrnieku

Pārdod pilnīb",https://www.ss.com/msg/en/real-estate/flats/riga/yugla/oeeoi.html,Yugla Markalnes 5,2,34,4/5,Recon.,"51,900  €"
"Pārdošanā Gaišs, Pilnībā Izremontēts 2 Istabu Dzīvoklis Rīgā – K",https://www.ss.com/msg/en/real-estate/flats/riga/centre/bfckxh.html,Centre Klijanu 22,2,50,2/8,Recon.,"84,800 €"
Divstāvīgs dzīvoklis ar 3 vannas istabām un savu autostāvvietu.,https://www.ss.com/msg/en/real-estate/flats/riga/centre/cixnl.html,Centre Rupniecibas 48,3,60,2/2,New,"240,000  €"
"Skaistā Jaunceltnē, lieliskā apkaimē pārdošanā ir nonācis 2istab",https://www.ss.com/msg/en/real-estate/flats/riga/centre/bcjfxo.html,Centre Rupniecibas 48,2,35,2/4,New,"130,000  €"
"Skaists, mājīgs 3 istabu dzīvoklis Ģertrūdes ielā 24. Dzīvoklis",https://www.ss.com/msg/en/real-estate/flats/riga/centre/belfom.html,Centre Gertrudes 24,3,86,4/5,Pre-war house,"230,000  €"
"Skaistā Jaunceltnē, lieliskā apkaimē pārdošanā ir nonācis trīs i",https://www.ss.com/msg/en/real-estate/flats/riga/centre/bcjfob.html,Centre Rupniecibas 48,3,71,1/2,New,"230,000  €"
"Pārdošanā nonācis gaumīgs, moderns dzīvoklis ar 2 izolētām istab",https://www.ss.com/msg/en/real-estate/flats/riga/vecriga/ainpl.html,Vecriga Kalku 2,2,48,5/5,Stalin project,"149,000  €"
"Māja ir nodota ekspluatācijā. 

Attīstītājs piedāvā dzīvokļus",https://www.ss.com/msg/en/real-estate/flats/riga/centre/bmnim.html,Centre Lachplesha 36,2,44,2/5,Recon.,"152,490  €"
"Māja ir nodota ekspluatācijā. 

Attīstītājs piedāvā dzīvokļus",https://www.ss.com/msg/en/real-estate/flats/riga/centre/ahjoi.html,Centre Lachplesha 36,3,64,5/5,Recon.,"241,680  €"
Īpašnieks pārdod divistabu dzīvokli ar kopējo platību 44 kvadrāt,https://www.ss.com/msg/en/real-estate/flats/riga/imanta/fgpxk.html,Imanta Anninmuizhas boulevard,2,44,12/24,New,"105,000  €"
Spacious and bright 3-room apartment with its own balcony and pa,https://www.ss.com/msg/en/real-estate/flats/riga/centre/bcimdn.html,Centre Senchu 7,3,87,1/5,New,"149,000  €"
"Īpašnieks pārdod vienistabas dzīvokli ar kopējo platību 30, 08 k",https://www.ss.com/msg/en/real-estate/flats/riga/kengarags/njmhm.html,Kengarags Rasas 2,1,30,5/5,Lit pr.,"29,500  €"
Spacious and modern apartment with an exclusive view from the ba,https://www.ss.com/msg/en/real-estate/flats/riga/centre/hehix.html,Centre Valdemara 39,3,149,7/7,Recon.,"229,900  €"
Plašs 2istabu dzīvoklis ar lieliem logiem uz slēgtu paglamu. Ir,https://www.ss.com/msg/en/real-estate/flats/riga/centre/bednbf.html,Centre Brivibas 146,2,57,1/5,Recon.,"79,890  €"
Īpašnieks pārdod trīsistabu dzīvokli ar kopējo platību 107 kvadr,https://www.ss.com/msg/en/real-estate/flats/riga/centre/adjdc.html,Centre Republikas pl. 3,4,107,2/7,New,"215,000  €"
"Продаю комнату в подвальном помещении с окном, только что сделан",https://www.ss.com/msg/en/real-estate/flats/riga/vecmilgravis/bxlkmd.html,Vecmilgravis Vecmilgravja 1. l. 8,1,16,1/5,Stalin project,"5,000  €"
"Pārdošanā tiek piedāvāta tikko izremontēta, estētiski augstvērtī",https://www.ss.com/msg/en/real-estate/flats/riga/centre/adbob.html,Centre Klijanu 22,1,30,1/8,Recon.,"59,000  €"
Pārdošanā romantikas stilā iekārtots 3 istabu dzīvoklis klusā vi,https://www.ss.com/msg/en/real-estate/flats/riga/mezhapark/becegn.html,Mezhapark Stendera 14,3,55,1/3,Pre-war house,"109,500  €"
"Piedāvājam rezervācijai 61, 8 m² plašu 3 istabu dzīvokli vēsturi",https://www.ss.com/msg/en/real-estate/flats/riga/centre/cmmdl.html,Centre Bruninieku 41,3,62,3/5,Pre-war house,"117,420  €"
Īpašnieks pārdod gaišu un funkcionālu 3 istabu dzīvokli ar kopēj,https://www.ss.com/msg/en/real-estate/flats/riga/centre/eglxo.html,Centre Pulkv. Briezha 9,3,98,3/8,Spec. pr.,"198,000  €"
"Piedāvājam iegādei, modernu dzīvokli, belatāžas stāvā, ar pilnu",https://www.ss.com/msg/en/real-estate/flats/riga/agenskalns/bcibdl.html,Agenskalns Sabiles 15B,3,63,1/3,New,"188,700  €"
Piedāvājam rezervācijai 4-istabu dzīvokli ar platību 82.8 m² vēs,https://www.ss.com/msg/en/real-estate/flats/riga/centre/bclfjj.html,Centre Bruninieku 41,3,83,2/5,Pre-war house,"144,900  €"
Piedāvājam rezervācijai 2-istabu dzīvokli ar platību 29.7 m² vēs,https://www.ss.com/msg/en/real-estate/flats/riga/centre/becexl.html,Centre Bruninieku 41,2,30,4/5,Pre-war house,"62,370  €"
Piedāvājam rezervācijai 30.2 m² plašu 2 istabu dzīvokli vēsturis,https://www.ss.com/msg/en/real-estate/flats/riga/centre/afohj.html,Centre Bruninieku 41,2,30,2/5,Pre-war house,"58,890  €"
"Pārdod gaišu, saulainu un ļoti siltu 3 istabu dzīvokli Rīgā, Mež",https://www.ss.com/msg/en/real-estate/flats/riga/mezhciems/bedgbe.html,Mezhciems Gailezera 4,3,62,8/9,602-th,"75,000  €"
135 m² plašs un gaišs dzīvoklis renovētā vēsturiskā mājā Baznīca,https://www.ss.com/msg/en/real-estate/flats/riga/centre/dflxm.html,Centre Baznicas 45,5,133,4/5,Recon.,"270,000  €"
Eng. Exclusive Penthouse for Sale in the Modern Residential Proj,https://www.ss.com/msg/en/real-estate/flats/riga/centre/becidg.html,Centre Chaka 134,4,135,6/6,New,"310,000  €"
Gaišs un tiešām kluss 2 istabu dzīvoklis centrā pagalma mājā ar,https://www.ss.com/msg/en/real-estate/flats/riga/centre/bconxb.html,Centre Brivibas 162k2,2,55,4/8,Spec. pr.,"98,999  €"
"Plašs trīs istabu dzīvoklis pagalma mājā Imantā, ļoti labā atraš",https://www.ss.com/msg/en/real-estate/flats/riga/imanta/fjmeb.html,Imanta Kurzemes pr. 104A,3,59,4/5,Lit pr.,"56,000  €"
"Продаётся просторная и уютная 4-комнатная квартира площадью 107,",https://www.ss.com/msg/en/real-estate/flats/riga/centre/dninp.html,Centre Brivibas 72/2,4,108,3/6,Pre-war house,"225,000  €"
Īpašnieks pārdod dzīvokli ar parkingu mājas pazemes garāžā (ērta,https://www.ss.com/msg/en/real-estate/flats/riga/mezhapark/ixlke.html,Mezhapark Ezermalas 13,3,79,3/5,New,"173,000 €"
"Vienistabas dzīvoklis klusā un zaļā vietā. 

Pagalmā pie pašas",https://www.ss.com/msg/en/real-estate/flats/riga/agenskalns/icfnc.html,Agenskalns Nomales 7,1,30,1/4,Chrusch.,"39,900 €"
Dzīvoklis atrodas Ērgļu iela 12 pie Sporta nams Daugava peldbase,https://www.ss.com/msg/en/real-estate/flats/riga/centre/fhbic.html,Centre Barona 110,3,73,1/3,Pre-war house,"163,000  €"
"Jaunais projekts Mimosa ir radīts cilvēkiem, kas zina, ko vēlas.",https://www.ss.com/msg/en/real-estate/flats/riga/imanta/bcobc.html,Imanta Akaciju 2F,3,62,2/9,New,"174,758  €"
Pieejams investīciju dzīvoklis 1. stāva Katoļu ielā 29. Dzīvokli,https://www.ss.com/msg/en/real-estate/flats/riga/maskavas-priekshpilseta/bcioob.html,Latgales priekshpilset Katolu 29,2,32,1/6,Recon.,"70,840  €"
"Pārdodam gaišu, saulainu četristabu dzīvokli labā dzīvojamā stāv",https://www.ss.com/msg/en/real-estate/flats/riga/plyavnieki/bpoid.html,Plyavnieki Rudens 8,4,79,5/9,602-th,"77,700  €"
"Tiek pārdots plašs divistabu dzīvoklis. Ērts plānojums, gaišas i",https://www.ss.com/msg/en/real-estate/flats/riga/purvciems/fijlm.html,Purvciems Unijas 74,2,74,1/4,New,"112,900  €"
Pārdošanā tiek piedāvāts plašs un gaišs 3 istabu dzīvoklis ar ko,https://www.ss.com/msg/en/real-estate/flats/riga/centre/bedkm.html,Centre Skolas 30,3,91,5/6,Recon.,"125,600  €"
"Plašs vienistabas dzīvoklis Mežciemā, Rīgā. Šis 104. sērijas dzī",https://www.ss.com/msg/en/real-estate/flats/riga/mezhciems/afilj.html,Mezhciems Hipokrata 13,1,46,4/16,104-th,"59,000  €"
"Iegādājies divu istabu dzīvokli Bieriņos, Īves ielā 3.

Dzīvok",https://www.ss.com/msg/en/real-estate/flats/riga/bierini/dnogi.html,Bierini Ives 3,2,36,1/4,Recon.,"78,320  €"
После капитального ремонта Готова для проживания Без обременений,https://www.ss.com/msg/en/real-estate/flats/riga/imanta/dxdxj.html,Imanta Imantas 3в,2,49,3/5,Lit pr.,"69,000  €"
"Продаётся стильная, светлая и уютная 2-комнатная квартира в совр",https://www.ss.com/msg/en/real-estate/flats/riga/imanta/cleki.html,Imanta Akaciju 6,2,60,9/9,New,"141,000  €"
"Pārdod dzīvokli Rīgas centrā, klusā un pieprasītā rajonā. 
2. s",https://www.ss.com/msg/en/real-estate/flats/riga/centre/flenm.html,Centre Terbatas 93,4,93,2/6,Stalin project,"186,000  €"
"Tiek pārdots gaišs un mājīgs 3 istabu dzīvoklis 92, 6 m² platībā",https://www.ss.com/msg/en/real-estate/flats/riga/centre/ajxbo.html,Centre Antonijas 16A,3,93,4/7,New,"290,000  €"
Pārdod vienistabas dzīvokli specprojekta mājā bez remonta. Aprak,https://www.ss.com/msg/en/real-estate/flats/riga/ilguciems/ajocx.html,Ilguciems Spilves 25,1,45,7/14,Spec. pr.,"42,500  €"
"Pārdod 44, 4 m² dzīvokli Kristapa ielā 23. Tas atrodas mājas 2.",https://www.ss.com/msg/en/real-estate/flats/riga/agenskalns/agxhn.html,Agenskalns Kristapa 23,2,44,2/5,Chrusch.,"62,000 €"
Piedāvājam iegādāties 2.istabu dzīvokłi jaunajā energoefektīvā d,https://www.ss.com/msg/en/real-estate/flats/riga/ziepniekkalns/bcjlnx.html,Ziepniekkalns Bauskas 41,2,45,1/2,Recon.,"103,500  €"
Продаётся светлая и уютная 3-комнатная квартира. Расположена на,https://www.ss.com/msg/en/real-estate/flats/riga/imanta/cnpgl.html,Imanta Kurzemes pr. 120,3,64,4/9,602-th,"75,900  €"
"Цена указана за обе квартиры , но возможна и продажа по отдельно",https://www.ss.com/msg/en/real-estate/flats/riga/teika/dijbh.html,Teika Ropazhu 41,4,58,1/2,Pre-war house,"49,994  €"
"Pārdod 47, 1 m² dzīvokli vēsturiskā 19. gadsimta tirgotāju namā",https://www.ss.com/msg/en/real-estate/flats/riga/centre/acnhh.html,Centre Elijas 8,3,47,2/2,Pre-war house,"35,000  €"
Īpašnieks pārdod kompaktu un ērtu 2 istabu 39 m2 dzīvokli Patver,https://www.ss.com/msg/en/real-estate/flats/riga/sarkandaugava/edjhx.html,Sarkandaugava Patversmes 26,2,39,2/5,Chrusch.,"65,000 €"
Īpašnieks pārdod dzīvokli ar 4 metrus augstiem griestiem jaunajā,https://www.ss.com/msg/en/real-estate/flats/riga/teika/lgibh.html,Teika Brivibas g. 201,2,56,5/5,New,"127,500  €"
Īpašnieks pārdod mājīgu un pārdomāti iekārtotu dzīvokli pašā Āge,https://www.ss.com/msg/en/real-estate/flats/riga/agenskalns/bfxojn.html,Agenskalns M. Nometnu 17,1,23,3/3,Pre-war house,"44,900  €"
"Pārdod dzīvokli ar apdari jaunajā projektā – Gatves Lofti. 

D",https://www.ss.com/msg/en/real-estate/flats/riga/teika/bcipgb.html,Teika Brivibas g. 201,2,54,3/5,New,"149,500  €"
Pārdod tikko izremontētu dzīvokli ar pilnu gala apdari jaunajā p,https://www.ss.com/msg/en/real-estate/flats/riga/teika/apgbp.html,Teika Brivibas g. 201,3,73,3/5,New,"219,500  €"
Pārdošanā jauns divistabu dzīvoklis projektā - Čiekurkalna Lofti,https://www.ss.com/msg/en/real-estate/flats/riga/chiekurkalns/bjomlx.html,Chiekurkalns Chiekurkalna 7. cr. l.,2,31,3/4,New,"84,455  €"
"Pārdod lielisku, gaišu un siltu 2 istabu dzīvokli Ģertrūdes ielā",https://www.ss.com/msg/en/real-estate/flats/riga/centre/bclcji.html,Centre Gertrudes 100,2,43,4/5,Spec. pr.,"68,000  €"
Pārdod. Brīnišķīgs divistabu dzīvoklis klusā centrālā vietā. Res,https://www.ss.com/msg/en/real-estate/flats/riga/centre/cmpkj.html,Centre Rupniecibas 11,2,74,4/5,Recon.,"280,000  €"
Plašs studio dzīvoklis jaunajā projektā Klusajā centrā ar terasi,https://www.ss.com/msg/en/real-estate/flats/riga/centre/cjelc.html,Centre Rupniecibas 25,1,49,1/6,New,"159,900  €"
"Pārdod divistabu dzīvokli Altonavas ielā 19, divstāvu mājas 2. s",https://www.ss.com/msg/en/real-estate/flats/riga/tornjakalns/aenhn.html,Tornjakalns Altonavas 19,2,34,2/2,Pre-war house,"21,000  €"
Pārdodam unikālo dzīvokli. Mājā ir tikai trīs dzīvokļi. Sava ats,https://www.ss.com/msg/en/real-estate/flats/riga/bolderaya/hcbof.html,Bolderaya Mencu 10C,1,35,1/2,Priv.house,"30,000  €"
Pārdod mājīgu 2 istabu dzīvokli skaistā renovētā projektā “Rēder,https://www.ss.com/msg/en/real-estate/flats/riga/centre/bdplbf.html,Centre Latgales 48,2,28,1/4,Recon.,"75,000  €"
"Pārdošanās plašs, gaišs trīs istabu dzīvoklis “Zundas pasāžā”. M",https://www.ss.com/msg/en/real-estate/flats/riga/dzeguzhkalns/oifof.html,Dzeguzhkalns Udens 12,3,107,3/5,New,"190,000  €"
"Pieejams uzreiz. 
Dzīvoklis ir atbrīvots un gatavs kapitālajam",https://www.ss.com/msg/en/real-estate/flats/riga/ziepniekkalns/bexgxb.html,Ziepniekkalns Sterstu 9,2,39,3/3,Chrusch.,"36,500  €"
"Tiek pārdots 1-istabas dzīvoklis Rīgā, Ojāra Vācieša ielā 12. Dz",https://www.ss.com/msg/en/real-estate/flats/riga/bierini/cgojnh.html,Bierini O. Vaciesha 12,1,19,1/2,Pre-war house,"27,500  €"
"Pārdošanā saulains, kapitāli izremontēts mansarda dzīvoklis reno",https://www.ss.com/msg/en/real-estate/flats/riga/centre/bedndh.html,Centre Matisa 85,3,75,6/6,Recon.,"155,000  €"
"Tiek pārdots vienistabas studio tipa dzīvoklis. Tualete, vanna d",https://www.ss.com/msg/en/real-estate/flats/riga/maskavas-priekshpilseta/bcicbo.html,Latgales priekshpilset Latgales 125,1,26,1/2,Pre-war house,"24,700  €"
"Pārdošanā dzīvoklis perspektīvā vietā Rīgas centrā, Lastādijā, E",https://www.ss.com/msg/en/real-estate/flats/riga/centre/ejkpi.html,Centre Elijas 14,1,35,2/5,Pre-war house,"35,500 €"
"Dzīvoklis blakus Mežaparkam. 

Attīstītājs One Development pie",https://www.ss.com/msg/en/real-estate/flats/riga/aplokciems/bnbkei.html,Aplokciems Chiekuru 3,4,130,4/4,New,"275,000  €"
"Divu istabu dzīvoklis Premium Klases ēkā, 5.stāvā. 

""One Deve",https://www.ss.com/msg/en/real-estate/flats/riga/centre/cpmxk.html,Centre Marijas 4,2,33,5/5,Recon.,"129,480  €"
"Pārdod 3 istabu dzīvokli jaunajā projektā ""Meira Garden"" Mežapar",https://www.ss.com/msg/en/real-estate/flats/riga/aplokciems/bnddml.html,Aplokciems Mores 28,3,76,2/3,New,"197,500  €"
Tiek pārdots mansarda dzīvoklis vienā no retajiem Āgenskalna mūr,https://www.ss.com/msg/en/real-estate/flats/riga/agenskalns/beiljn.html,Agenskalns Margrietas 16,3,108,3/3,Recon.,"169,500  €"
"Pārdod dzīvokli jaunajā projektā ""Meira Garden"" Mežaparka zaļajā",https://www.ss.com/msg/en/real-estate/flats/riga/aplokciems/bnjlfd.html,Aplokciems Mores 28,2,51,2/3,New,"137,800  €"
Gaumīgs divstāvu dzīvoklis renovētā namā stilīgākajā Rīgas centr,https://www.ss.com/msg/en/real-estate/flats/riga/centre/bcnjfi.html,Centre Alauksta 7,2,36,2/2,Recon.,"115,000  €"
"Dzīvoklis parkā, Pārdaugavā, maz zināmā, bet patiesi unikālā vie",https://www.ss.com/msg/en/real-estate/flats/riga/bierini/dkcix.html,Bierini Gimnastikas X,4,125,1/4,New,"215,000  €"
Pārdodam dzīvokli labi uzturētā mūra mājā tuvu centram. Dzīvokli,https://www.ss.com/msg/en/real-estate/flats/riga/maskavas-priekshpilseta/afehp.html,Latgales priekshpilset Daugavpils 49,1,32,1/5,Pre-war house,"19,800  €"
"Īpašnieks pārdod 3 istabu dzīvokli (2 guļamistabas, 2 sanmezgli)",https://www.ss.com/msg/en/real-estate/flats/riga/centre/bfdjxp.html,Centre Blaumana 11/13,3,81,2/5,Pre-war house,"253,000  €"
"Pārdošanā- silts un saulains 2- istabu dzīvoklis , mūra mājas, o",https://www.ss.com/msg/en/real-estate/flats/riga/maskavas-priekshpilseta/fcdjn.html,Latgales priekshpilset Daugavpils 76,2,44,2/5,Pre-war house,"65,000  €"
Pārdod gaišu un saulainu 33 m² dzīvokli Rīgas centrā ar ērtu un,https://www.ss.com/msg/en/real-estate/flats/riga/centre/bhdgb.html,Centre Zvaigzhnu 26,1,33,2/5,Spec. pr.,"55,000  €"
"Dzīvokļi ar pilnu apdari renovētā ēkā, Grīziņkalnā. 
Dzīvojiet",https://www.ss.com/msg/en/real-estate/flats/riga/grizinkalns/cgibdg.html,Grizinkalns Zvaigzhnu 21,1,23,5/6,Recon.,"54,720  €"
"Pārdod plašu 4 istabu dzīvokli klusajā centrā, šogad tiks renovē",https://www.ss.com/msg/en/real-estate/flats/riga/centre/bclfjk.html,Centre Petersalas 17,4,80,2/2,Pre-war house,"49,500  €"
Pārdod perspektīvu dzīvokli izdevīgā lokācijā Iļģuciemā ar zemie,https://www.ss.com/msg/en/real-estate/flats/riga/ilguciems/fggjh.html,Ilguciems Slokas 75,1,29,2/2,Pre-war house,"33,500  €"
Piedāvājam pārdošanai 3-istabas dzīvokli lietuviešu projektā.,https://www.ss.com/msg/en/real-estate/flats/riga/kengarags/eedxm.html,Kengarags Latgales 254k-3,3,61,1/5,Lit pr.,"61,800  €"
"Pārdošanā brīnišķīgs, moderns un gaišs 4 istabu dzīvoklis energo",https://www.ss.com/msg/en/real-estate/flats/riga/imanta/bcenk.html,Imanta Jurmalas g. 74a,4,84,3/3,New,"273,000  €"
Pārdod gaišu un gaumīgi renovētu dzīvokli 1910. gadā celtā jūgen,https://www.ss.com/msg/en/real-estate/flats/riga/maskavas-priekshpilseta/bclphx.html,Latgales priekshpilset Daugavpils 48,1,34,4/5,Pre-war house,"42,000  €"
"Projekts nodots ekspluatācijā, 2/3 ēkas jau ir izpārdota un pali",https://www.ss.com/msg/en/real-estate/flats/riga/plyavnieki/gmjni.html,Plyavnieki Rembates 10,1,33,7/10,New,"74,500  €"
Projekts nodots ekspluatācijā; 2/3 ēkas jau ir pārdota un piedāv,https://www.ss.com/msg/en/real-estate/flats/riga/plyavnieki/adjph.html,Plyavnieki Rembates 10,2,52,9/10,New,"109,750  €"
"Projekts nodots ekspluatācijā, 2/3 ēkas jau ir izpārdota un pali",https://www.ss.com/msg/en/real-estate/flats/riga/plyavnieki/ddklg.html,Plyavnieki Rembates 10,4,95,8/10,New,"209,000  €"
"Projekts nodots ekspluatācijā, 2/3 ēkas jau ir izpārdota un pali",https://www.ss.com/msg/en/real-estate/flats/riga/plyavnieki/glepj.html,Plyavnieki Rembates 10,3,77,8/10,New,"160,250  €"
Rīgas klusajā centrā plašs 3 istabu dzīvoklis par izdevīgu cenu.,https://www.ss.com/msg/en/real-estate/flats/riga/centre/dchcm.html,Centre Zala 7,3,99,2/3,Pre-war house,"150,000  €"
Attīstītājs piedāvā iegādāties dzīvokli unikālā ēkā vēstures un,https://www.ss.com/msg/en/real-estate/flats/riga/agenskalns/dmpen.html,Agenskalns Kristapa 2,3,81,1/2,Recon.,"229,870  €"
Piedāvājumā plašs un gaišs 2-istabu dzīvoklis jūgendstila pirmsk,https://www.ss.com/msg/en/real-estate/flats/riga/centre/bckfhe.html,Centre Blaumana 36,2,77,3/5,Pre-war house,"215,350  €"
Projekts nodots ekspluatācijā un palikuši pēdējie dzīvokļi. Iesp,https://www.ss.com/msg/en/real-estate/flats/riga/darzciems/befgnf.html,Darzciems Rumbulas 14,2,49,2/5,New,"119,000  €"
Projekts nodots ekspluatācijā un palikuši pēdējie dzīvokļi. Iesp,https://www.ss.com/msg/en/real-estate/flats/riga/darzciems/ifbhm.html,Darzciems Rumbulas 14,3,60,5/5,New,"156,000  €"
Pārdod gaišu un saulainu trīs istabu dzīvokli 80.3m3 platībā. Gr,https://www.ss.com/msg/en/real-estate/flats/riga/centre/adixx.html,Centre Darzauglu 1,3,80,5/7,New,"179,000  €"
"Tikko remontēts dzīvoklis
Pārdod 3 - istabu dzīvokli ar augstas",https://www.ss.com/msg/en/real-estate/flats/riga/maskavas-priekshpilseta/ahlcb.html,Latgales priekshpilset Jersikas 18,3,43,2/5,Recon.,"111,800  €"
"Tikko remontēts dzīvoklis
Pārdod 3 - istabu dzīvokli ar augstas",https://www.ss.com/msg/en/real-estate/flats/riga/centre/eikjx.html,Centre Latgales 109,3,43,2/5,Recon.,"111,800  €"
Plašs un elegants 4 istabu dzīvoklis Stabu ielā – Rīgas centrā,https://www.ss.com/msg/en/real-estate/flats/riga/centre/ecpod.html,Centre Stabu 60,4,116,4/5,Recon.,"210,000  €"
"Dzīvokļa priekšrocības:

pārdomāts un ērts plānojums;
gaišas",https://www.ss.com/msg/en/real-estate/flats/riga/centre/ehfgp.html,Centre Klijanu 12,2,40,3/3,New,"85,000  €"
Pārdodam ekskluzīvu 3 istabu dzīvokli ar saskaņotu pārplānojumu.,https://www.ss.com/msg/en/real-estate/flats/riga/purvciems/epiee.html,Purvciems Ilukstes 103,3,83,5/5,103-th,"95,000  €"
Iegādei pieejams kompakts divu istabu dzīvoklis jaunajā projektā,https://www.ss.com/msg/en/real-estate/flats/riga/plyavnieki/bfbkhc.html,Plyavnieki Kupricu 3C,2,50,6/6,New,"132,000  €"
Pārdošanā plašs dzīvoklis Stokholmashaus 26 – privātā kluba tipa,https://www.ss.com/msg/en/real-estate/flats/riga/mezhapark/lcbgm.html,Mezhapark Stokholmas 26,4,98,1/2,Recon.,"469,440  €"
"Attīstītājs ""Merko mājas"" piedāvā iegādāties energoefektīvu 3-is",https://www.ss.com/msg/en/real-estate/flats/riga/centre/beknmh.html,Centre Skanstes 12,3,79,1/12,New,"229,200 €"
"Pārdošanā gaišs un saulains dzīvoklis Grīziņkalnā. 

Dzīvokļi",https://www.ss.com/msg/en/real-estate/flats/riga/centre/fehmc.html,Centre Zvaigzhnu 21,1,22,4/5,Pre-war house,"30,100  €"
Pārdošanā jauns studio tipa dzīvoklis Stokholmashaus 26 – privāt,https://www.ss.com/msg/en/real-estate/flats/riga/mezhapark/bffxcn.html,Mezhapark Stokholmas 26,1,36,1/2,Recon.,"162,900  €"
Gaišs un mājīgs 1-istabas dzīvoklis Pļavniekos Ulbrokas iela 18.,https://www.ss.com/msg/en/real-estate/flats/riga/plyavnieki/conmd.html,Plyavnieki Ulbrokas 18,1,32,9/9,602-th,"40,000 €"
"Pārdošanā jauns, pilnībā mēbelēts 3-istabu dzīvoklis 83, 7 m² pl",https://www.ss.com/msg/en/real-estate/flats/riga/mezhapark/bcmnln.html,Mezhapark Stokholmas 26,3,84,2/2,Recon.,"393,390  €"
"Attīstītājs ""Merko mājas"" piedāvā iegādāties energoefektīvu 5-is",https://www.ss.com/msg/en/real-estate/flats/riga/centre/benihx.html,Centre Skanstes 12,5,105,2/12,New,"319,400 €"
Pieejams skaists un kvalitatīvs 2 istabu dzīvoklis ar savu teras,https://www.ss.com/msg/en/real-estate/flats/riga/shampeteris-pleskodale/bpggc.html,Shampeteris-Pleskodale Apuzes 51A,2,58,1/3,New,"137,500  €"
Attīstītājs piedāvā iegādāties dzīvokli pilnībā renovētā mājā Da,https://www.ss.com/msg/en/real-estate/flats/riga/maskavas-priekshpilseta/bkblom.html,Latgales priekshpilset Daugavpils 12,1,20,2/5,Recon.,"47,800  €"
"Pārdošanā jauns, pilnībā mēbelēts 3-istabu dzīvoklis 59, 8 m² pl",https://www.ss.com/msg/en/real-estate/flats/riga/mezhapark/kphof.html,Mezhapark Stokholmas 26,3,60,2/2,Recon.,"281,060  €"
"Attīstītājs ""Merko mājas"" piedāvā iegādāties energoefektīvu 4-is",https://www.ss.com/msg/en/real-estate/flats/riga/centre/bclfgf.html,Centre Skanstes 12,4,99,2/12,New,"278,100 €"
"Attīstītājs ""Merko mājas"" piedāvā iegādāties energoefektīvu 2-is",https://www.ss.com/msg/en/real-estate/flats/riga/centre/ajogh.html,Centre Skanstes 6,2,53,1/12,New,"160,700 €"
"Pārdod 2 istabu dzīvokli Rīgas centrā. 
Dzīvokļa kopējā platība",https://www.ss.com/msg/en/real-estate/flats/riga/centre/ddxcf.html,Centre Stabu 104,2,49,3/5,Lit pr.,"79,500  €"
"Pārdošanā pieejamas 159, 7 m² plašas un gaišas telpas vienā no R",https://www.ss.com/msg/en/real-estate/flats/riga/centre/bcjeji.html,Centre Vilandes 12,4,160,1/6,Pre-war house,"304,000  €"
"Trīs istabu dzīvoklis jaunā projektā Rīgas centrā. 
Unikāla ies",https://www.ss.com/msg/en/real-estate/flats/riga/centre/clbci.html,Centre Dzirnavu 85,3,59,2/7,New,"236,900  €"
"Pārdod saulainu, gaišu, plašu 3 istabu, pilnībā mēbelētu, ērta p",https://www.ss.com/msg/en/real-estate/flats/riga/centre/dmmgi.html,Centre Tomsona 30,3,122,2/10,New,"350,000  €"
Pārdošanā pēdējais pieejamais dzīvoklis šajā renovētajā ēkā – 2,https://www.ss.com/msg/en/real-estate/flats/riga/maskavas-priekshpilseta/cflcxg.html,Latgales priekshpilset Katolu 9,2,43,5/5,Recon.,"70,785  €"
Pārdod mājīgu 2 istabu dzīvokli Ķengaraga centrā ar skatu uz upi,https://www.ss.com/msg/en/real-estate/flats/riga/kengarags/fnbid.html,Kengarags Latgales 287,2,45,10/12,Czech pr.,"50,000  €"
"Iegādei pieejams mājīgs trīs istabu dzīvoklis jaunajā projektā """,https://www.ss.com/msg/en/real-estate/flats/riga/plyavnieki/apgxo.html,Plyavnieki Kupricu 3B,3,96,1/6,New,"198,200  €"
Продается 3-х комнатная квартира в реновированном доме. Чистый п,https://www.ss.com/msg/en/real-estate/flats/riga/agenskalns/gjmbn.html,Agenskalns Melnsila 28,3,59,5/5,Chrusch.,"80,000  €"
Gaišs un silts divistabu dzīvoklis ar kopējo platību 55 m² labā,https://www.ss.com/msg/en/real-estate/flats/riga/ziepniekkalns/aglkx.html,Ziepniekkalns Ozolciema 14/1,2,55,5/10,119-th,"93,500  €"
"Jauns dzīvojamās ēkas projekts Vecmīlgrāvī, Martas Rinkas ielā–z",https://www.ss.com/msg/en/real-estate/flats/riga/vecmilgravis/binmko.html,Vecmilgravis Rinkas 12,1,40,1/6,New,"64,640  €"
"Piedāvājam iegādāties elegantu 4 istabu dzīvokli Rīgas centrā, B",https://www.ss.com/msg/en/real-estate/flats/riga/centre/agipb.html,Centre Brivibas 72,4,108,3/6,Pre-war house,"225,000  €"
"Ekskluzīvs četru istabu dzīvoklis Rīgas vēsturiskajā centrā. 
I",https://www.ss.com/msg/en/real-estate/flats/riga/centre/bedmgp.html,Centre Blaumana 20,4,108,2/7,New,"390,000  €"
Rīgas centrā tiek pārdots 2-istabu saulains un elegants dzīvokli,https://www.ss.com/msg/en/real-estate/flats/riga/centre/bxfmj.html,Centre Brivibas 68,2,49,3/6,Recon.,"171,850  €"
"Tikko Pēc Kvalitatīva Remonta - Pārdodu divistabu dzīvokli, kas",https://www.ss.com/msg/en/real-estate/flats/riga/imanta/cdojk.html,Imanta Anninmuizhas boulevard,2,50,4/5,Recon.,"105,000  €"
Pārdošanā plašs četristabu dzīvoklis renovētā mājā pašā Rīgas ce,https://www.ss.com/msg/en/real-estate/flats/riga/centre/apxbo.html,Centre Brivibas 110,4,122,2/6,Pre-war house,"207,000  €"
Продается уникальная четырехкомнатная квартира в районе частных,https://www.ss.com/msg/en/real-estate/flats/riga/kengarags/beboed.html,Kengarags Prushu 46,4,150,10/11,New,"249,900  €"
Pārdošanā silts un saulains trīsistabu dzīvoklis netālu no Skans,https://www.ss.com/msg/en/real-estate/flats/riga/centre/abxpo.html,Centre Zirnu 5 k-2,3,60,4/9,467-th,"114,000  €"
"Dzīvoklis projektā Ezerjugla ar lielisku plānojumu, augstvērtīgu",https://www.ss.com/msg/en/real-estate/flats/riga/yugla/okhjg.html,Yugla Strazdumuizas 14,2,50,2/4,New,"126,520  €"
Pārdošanā mājīgs divistabu dzīvoklis ar nesen veiktu svaigu remo,https://www.ss.com/msg/en/real-estate/flats/riga/centre/gxjng.html,Centre Chaka 121,2,54,6/6,Recon.,"75,000  €"
"Двухкомнатная квартира в Centra nams. 

Планировка:
- Простор",https://www.ss.com/msg/en/real-estate/flats/riga/centre/adbnk.html,Centre Republikas pl. 3,2,55,2/7,New,"179,990  €"
Pārdošanā gaišs un mājīgs dzīvoklis jaunajā projektā “Tomsona Te,https://www.ss.com/msg/en/real-estate/flats/riga/centre/agkkl.html,Centre Tomsona 30,4,105,3/9,New,"250,000  €"
"Продается 2-комнатная квартира площадью 45 м² на 4 этаже. 

Кв",https://www.ss.com/msg/en/real-estate/flats/riga/purvciems/chbnf.html,Purvciems Raunas 37,2,45,4/5,Chrusch.,"66,000  €"
"Piedāvājam iegādei divu guļamistabu dzīvokli ar skatu uz parku,",https://www.ss.com/msg/en/real-estate/flats/riga/maskavas-priekshpilseta/bcmceg.html,Latgales priekshpilset Katolu 9,3,46,2/7,Recon.,"107,865  €"
"Продается 2-комнатная квартира площадью 45 м² на 4 этаже. 

Кв",https://www.ss.com/msg/en/real-estate/flats/riga/teika/aehjm.html,Teika Raunas 37,2,45,4/5,Chrusch.,"66,000  €"
Attīstītājs piedāvā iegādāties plašu 3 istabu dzīvokli jaunajā p,https://www.ss.com/msg/en/real-estate/flats/riga/centre/bckxbg.html,Centre Skolas 17,3,86,2/7,New,"295,320  €"
"Pārdodu 3 istabu dzīvokli tikko pēc kapitālā remonta, griestu au",https://www.ss.com/msg/en/real-estate/flats/riga/sarkandaugava/behjnd.html,Sarkandaugava Aptiekas 17B,3,42,2/2,New,"84,900  €"
Pārdomāts 1 guļamistabas dzīvoklis Teikā. Saules gaismas piepild,https://www.ss.com/msg/en/real-estate/flats/riga/teika/beboph.html,Teika Palmu 7,1,47,4/9,Spec. pr.,"88,000  €"
"Pārdod. Labs īpašums īstermiņa īrei. 
Plašs trīs guļamistabu dz",https://www.ss.com/msg/en/real-estate/flats/riga/vecriga/cgjgd.html,Vecriga Jekaba 26/28,3,101,4/4,Pre-war house,"290,000  €"
"Divlīmeņu dizaina dzīvoklis ar autostāvvietu. 

Īpašniece pārd",https://www.ss.com/msg/en/real-estate/flats/riga/teika/dlpll.html,Teika Brivibas g. 201 k3,2,56,3/5,New,"149,900  €"
"Tiek pārdots dzīvoklis mājas kompleksa ""Imantas Ozoli"". 

Dzīv",https://www.ss.com/msg/en/real-estate/flats/riga/imanta/agdkm.html,Imanta Jurmalas g. 82,3,72,3/9,New,"185,000 €"
"Zems 1. stāvs. Siltas, sausas, gaišas zema 1. stāva (vai augsta",https://www.ss.com/msg/en/real-estate/flats/riga/centre/cihep.html,Centre Chaka 133,2,44,1/6,Pre-war house,"25,492  €"
"Pārdod gaišu vienistabas dzīvokli. 
Ideāls piedāvājums, lai izv",https://www.ss.com/msg/en/real-estate/flats/riga/purvciems/gdxjb.html,Purvciems Dzelzavas 35k1,1,46,2/6,New,"83,000  €"
"Piedāvājam iegādei mēbelētu, jaunu, plašu 62 kvm. 2, 5-istabu dz",https://www.ss.com/msg/en/real-estate/flats/riga/agenskalns/felmi.html,Agenskalns Kugu 15,2,62,2/3,Recon.,"190,000  €"
"Pārdod investīciju dzīvokli Marijas ielā 8B, iekšpagalma ēkā",https://www.ss.com/msg/en/real-estate/flats/riga/centre/bclghi.html,Centre Marijas 8B,2,22,3/3,Pre-war house,"93,300  €"
"Pārdod 3 istabu dzīvokli Purvciemā ar lielisku potenciālu. 

D",https://www.ss.com/msg/en/real-estate/flats/riga/purvciems/fdlkj.html,Purvciems Pilu 4,3,60,1/5,Lit pr.,"58,000  €"
Pārdod pilnībā izremontētu 2 istabu dzīvokli renovētā mājā Rīgas,https://www.ss.com/msg/en/real-estate/flats/riga/centre/cphfc.html,Centre Krasotaju 13a,2,30,3/5,Recon.,"83,000  €"
"Trīs līmeņu, 4 istabu dzīvoklis ar saunu, mājas kinozāli un unik",https://www.ss.com/msg/en/real-estate/flats/riga/centre/bexjho.html,Centre Brivibas 104,4,175,5/7,Spec. pr.,"245,000  €"
"Piedāvājam iegādei studio dzīvokli pēc kvalitatīva remonta, piln",https://www.ss.com/msg/en/real-estate/flats/riga/centre/bhjoi.html,Centre Sadovnikova 39,1,27,7/7,Recon.,"67,830  €"
"Gaišs 2.stāva dzīvoklis pēc kvalitatīva remonta, pilnībā aprīkot",https://www.ss.com/msg/en/real-estate/flats/riga/centre/ddhfl.html,Centre Sadovnikova 39,2,42,2/7,Recon.,"100,320  €"
Pārdošanā ekskluzīvs un reprezentabls 3 istabu dzīvoklis pašā Ve,https://www.ss.com/msg/en/real-estate/flats/riga/vecriga/bcjohj.html,Vecriga Shkunu 13,3,105,3/6,Pre-war house,"385,000  €"
"Pārdošanā plašs un gaišs 2-istabu dzīvoklis Tērbatas ielā. 

D",https://www.ss.com/msg/en/real-estate/flats/riga/centre/agoef.html,Centre Terbatas 59/61,2,65,3/7,Recon.,"177,200  €"
Attīstītājs un īpašnieks – kompāniju grupa “R. Evolution” – pārd,https://www.ss.com/msg/en/real-estate/flats/riga/centre/aefif.html,Centre Strelnieku 5,4,118,2/7,New,"625,000  €"
"Saulains, ļoti silts dzīvoklis (čuguna radiatori) ar legalizētu",https://www.ss.com/msg/en/real-estate/flats/riga/kengarags/agkle.html,Kengarags Rushonu 42,2,41,5/5,Chrusch.,"39,888  €"
Pārdod elegantu izsmalcināta dizaina dzīvokli Alberta ielā 1 pil,https://www.ss.com/msg/en/real-estate/flats/riga/centre/bdhpf.html,Centre Alberta 1,6,209,5/5,Recon.,"745,000  €"
"Pārdod kapitāli izremontētu 3 istabu dzīvokli Mežciemā. 
 
 Pl",https://www.ss.com/msg/en/real-estate/flats/riga/mezhciems/beghfh.html,Mezhciems Druvienas 18,3,63,5/9,602-th,"92,900  €"
"Samazināta Cena - Pēdējā Cena. 
Tiek pārdots gaišs un mājīgs 2",https://www.ss.com/msg/en/real-estate/flats/riga/centre/dxgdo.html,Centre Lugazhu 4,2,47,5/5,Lit pr.,"51,000  €"
"Pārdod 2-istabu dzīvokli Sarkandaugavas vēsturiskajā centrā, vie",https://www.ss.com/msg/en/real-estate/flats/riga/sarkandaugava/gjmxb.html,Sarkandaugava Priezhu 4,2,40,2/3,Pre-war house,"27,000  €"
Remontēts studio tipa dzīvoklis Pļavniekos atbrīvots un gatavs d,https://www.ss.com/msg/en/real-estate/flats/riga/plyavnieki/bkxgec.html,Plyavnieki Ulbrokas 12,1,40,2/5,Sm.fam.,"46,800  €"
Pārdod stilīgu 2-istabu dzīvokli pilsētas sirdī – ideāls gan dzī,https://www.ss.com/msg/en/real-estate/flats/riga/vecriga/ofxcp.html,Vecriga Kaleju 57,2,34,1/5,Recon.,"134,800  €"
Moderns dizainera dzīvoklis mūsdienīgajā projektā pašā centrā.,https://www.ss.com/msg/en/real-estate/flats/riga/centre/ajfek.html,Centre Kungu 25,1,33,4/6,New,"120,000  €"
"Pārdodu divstāvu dzīvokli ar unikālu skatu uz Daugavu. 

Dzīvo",https://www.ss.com/msg/en/real-estate/flats/riga/kliversala/epnfe.html,Kliversala Kugu 28,3,134,1/7,New,"625,000 €"
"Pārdodu mājīgu 2 istabu dzīvokli ar mēbelēm, ar 3 metru augstiem",https://www.ss.com/msg/en/real-estate/flats/riga/dzeguzhkalns/dholk.html,Dzeguzhkalns Dagmaras 4,2,57,3/4,Spec. pr.,"93,000  €"
"Pārdodam dzīvokli Ieriķu ielā 14, 2. stāvs 2 stāvu ķieģeļu mājā",https://www.ss.com/msg/en/real-estate/flats/riga/purvciems/agjml.html,Purvciems Ieriku 14,2,45,2/2,Stalin project,"66,000 €"
Īpašnieks pārdod gaišu un saulainu 2 istabu dzīvokli vienā no la,https://www.ss.com/msg/en/real-estate/flats/riga/centre/agiok.html,Centre Blaumana 9A,2,51,5/6,Recon.,"229,500  €"
"Pārdodam dzīvokli Salaspils ielā 18 k 4, 5 stāvu mājas 4. stāvā.",https://www.ss.com/msg/en/real-estate/flats/riga/kengarags/adfil.html,Kengarags Salaspils 18к4,3,60,4/5,Lit pr.,"62,000  €"
"Četristabu dzīvoklis Skanstē ar skatu uz parku. 

Virtuve aprī",https://www.ss.com/msg/en/real-estate/flats/riga/centre/begljn.html,Centre Grostonas 21,4,110,8/10,New,"345,000  €"
"Kvalitatīvs dzīvoklis pēc kapitālā remonta. Ļoti ērts 3.stāvs, n",https://www.ss.com/msg/en/real-estate/flats/riga/bolderaya/chjhm.html,Bolderaya Lemeshu 9,3,63,3/9,602-th,"85,000  €"
Dzīvoklis tikko pēc remonta. Pārdod gaišu un siltu trīsistabu dz,https://www.ss.com/msg/en/real-estate/flats/riga/purvciems/dgfjb.html,Purvciems Stirnu 51,3,60,4/5,Lit pr.,"72,600  €"
Pārdod vēsturisku un gaišu vienistabas dzīvokli Rīgā – Valērijas,https://www.ss.com/msg/en/real-estate/flats/riga/krasta-st-area/mnnlf.html,Krasta st. area Lubanas 12,1,36,4/4,Pre-war house,"42,540  €"
Pārdod mansardu ar izstrādātu projektu četru dzīvokļu izbūvei Āg,https://www.ss.com/msg/en/real-estate/flats/riga/agenskalns/bcfxhh.html,Agenskalns Valguma 17,6,371,6/6,Pre-war house,"55,575  €"
Pārdošanā gaišs un saulains 2 istabu dzīvoklis Zolitūdē. Dzīvokl,https://www.ss.com/msg/en/real-estate/flats/riga/zolitude/dhokf.html,Zolitude Lejina 10,2,55,6/9,119-th,"110,000  €"
"Pārdod kapitāli izremontētu 3-istabu dzīvokli Iļguciemā, kurā pē",https://www.ss.com/msg/en/real-estate/flats/riga/ilguciems/hnhxh.html,Ilguciems Spilves 17,3,55,4/5,Lit pr.,"82,500  €"
"Pārdod izremontētu dzīvokli. Tikko pabeigts kapitālais remonts,",https://www.ss.com/msg/en/real-estate/flats/riga/mangalsala/mepii.html,Mangalsala Traleru 19,2,44,5/5,103-th,"48,900  €"
"Pārdod siltu, saulainu un mājīgu dzīvokli. Ir parkings un nolikt",https://www.ss.com/msg/en/real-estate/flats/riga/centre/cbihj.html,Centre Vesetas 10,2,66,5/7,Spec. pr.,"132,000  €"
Plašs 2 istabu dzīvoklis ar saulainu terasi Premium klases proje,https://www.ss.com/msg/en/real-estate/flats/riga/ziepniekkalns/gxxxf.html,Ziepniekkalns Kometas 10,2,66,1/4,New,"129,900  €"
"2-комнатная квартира в Кенгарагсе, Рига

Площадь: 45 м²
Комна",https://www.ss.com/msg/en/real-estate/flats/riga/kengarags/dicmg.html,Kengarags Latgales 423,2,46,4/5,Lit pr.,"47,000  €"
Izsmalcināts 2-istabu dzīvoklis renovētā namā Rīgas centrā.,https://www.ss.com/msg/en/real-estate/flats/riga/centre/bedbxj.html,Centre Chaka 26,2,53,5/7,Recon.,"165,000  €"
Gaišs 3 istabu dzīvoklis pēc kvalitatīva remonta 66 m² + 8 m² ba,https://www.ss.com/msg/en/real-estate/flats/riga/centre/fhjlg.html,Centre Chaka 133,3,74,6/6,Pre-war house,"180,000  €"
"Kluss, silts dzīvoklis sētas mājas 1. stāvā. Logi iziet uz divām",https://www.ss.com/msg/en/real-estate/flats/riga/centre/hxpim.html,Centre Barona 108,1,25,1/5,Pre-war house,"45,000  €"
Divu līmeņu dzīvoklis ar pārdomātu plānojumu un lielu griestu au,https://www.ss.com/msg/en/real-estate/flats/riga/centre/aimef.html,Centre Sadovnikova 29a,4,110,5/6,Recon.,"190,000  €"
"Unikāls dzīvoklis ar tiešu skatu uz Brīvības pieminekli, Bastejk",https://www.ss.com/msg/en/real-estate/flats/riga/centre/bobfc.html,Centre Brivibas 19,3,70,5/6,Pre-war house,"265,000  €"
"Pārdod plašu 2 istabu dzīvokli Šampēterī, projektā “Zalves dārzs",https://www.ss.com/msg/en/real-estate/flats/riga/shampeteris-pleskodale/bbfdic.html,Shampeteris-Pleskodale Zalves 35,2,73,1/4,New,"140,000  €"
"Tiek pārdots plašs četru istabu dzīvoklis Stabu ielā – vietā, ku",https://www.ss.com/msg/en/real-estate/flats/riga/centre/akixn.html,Centre Stabu 61,4,94,1/5,Pre-war house,"165,000  €"
Pārdod 2 istabu studio tipa dzīvokli jaunajā projektā Vecrīgā. D,https://www.ss.com/msg/en/real-estate/flats/riga/centre/ankkl.html,Centre Kaleju 74,2,61,3/6,New,"150,000  €"
"Квартира под ремонт .
За всю историю квартиры - один владелец.",https://www.ss.com/msg/en/real-estate/flats/riga/teika/aikel.html,Teika Bikernieku 105,2,39,2/3,Chrusch.,"43,500  €"
"Īpašnieks pārdod plašu, saulainu 3 istabu dzīvokli (75.7 m²) Buļ",https://www.ss.com/msg/en/real-estate/flats/riga/dzeguzhkalns/beoexx.html,Dzeguzhkalns Bullu 44 B,3,76,3/10,119-th,"83,300  €"
"Īpašnieki pārdod plašu, mājīgu un tikko renovētu 3 istabu dzīvok",https://www.ss.com/msg/en/real-estate/flats/riga/centre/bcklcp.html,Centre Zala 3,3,80,1/4,Pre-war house,"219,000  €"
"Pārdošanā dzīvoklis pašā Rīgas centrā. Zemais pirmais stāvs, kop",https://www.ss.com/msg/en/real-estate/flats/riga/centre/bpebi.html,Centre Mīlenbaha 2,3,51,1/5,Pre-war house,"46,000  €"
"Iegādei pieejams mājīgs trīs istabu dzīvoklis jaunajā projektā """,https://www.ss.com/msg/en/real-estate/flats/riga/plyavnieki/eoeji.html,Plyavnieki Kupricu 3B,3,84,5/6,New,"206,800  €"
"Iegādei pieejams mājīgs divu istabu dzīvoklis jaunajā projektā """,https://www.ss.com/msg/en/real-estate/flats/riga/plyavnieki/enoff.html,Plyavnieki Kupricu 3B,2,54,6/6,New,"144,200  €"
Attīstītājs River properties piedāvā iegādāties elegantu un pārd,https://www.ss.com/msg/en/real-estate/flats/riga/centre/fencb.html,Centre Skolas 17,3,89,3/7,New,"339,538  €"
Divu līmeņu dzīvoklis ar plašu terasi un saunu projektā “Dienvid,https://www.ss.com/msg/en/real-estate/flats/riga/ziepniekkalns/bjheo.html,Ziepniekkalns Vienibas g. 186A,5,169,5/6,New,"239,000  €"
"Pārdod pilnībā renovētu 2 istabu dzīvokli Rīgā, Latgales ielā 30",https://www.ss.com/msg/en/real-estate/flats/riga/kengarags/bekooj.html,Kengarags Latgales 309,2,49,1/5,Lit pr.,"65,000  €"
"822 Eur/m², zeme īpašumā. Vajag remontu un jaunu apkuri. Ir veik",https://www.ss.com/msg/en/real-estate/flats/riga/chiekurkalns/biklhh.html,Chiekurkalns Chiekurkalna 2. l. 15,3,81,2/2,Stalin project,"65,900  €"
"Lv:
Īpašnieks pārdod saulainu un gaišu dzīvokli pilsētas sirdī.",https://www.ss.com/msg/en/real-estate/flats/riga/centre/bdponk.html,Centre Lachplesha 48,2,50,6/6,Pre-war house,"125,000  €"
"Pārdod gaišu dzīvokli bez apdares Rīgas vēsturiskajā centrā, Kli",https://www.ss.com/msg/en/real-estate/flats/riga/centre/ajnhi.html,Centre Klijanu 22,2,36,4/8,Recon.,"26,950  €"
"Dzīvoklis tikko ir renovēts. 
 Lodžija. Dzīvoklis ir ļoti silts",https://www.ss.com/msg/en/real-estate/flats/riga/plyavnieki/hbljn.html,Plyavnieki Zemes 3,1,33,1/9,602-th,"48,900  €"
"Istabas ir atsevišķas. 
Atsevišķa vannas istaba. 
Lodžija. Dzī",https://www.ss.com/msg/en/real-estate/flats/riga/ziepniekkalns/fooke.html,Ziepniekkalns Berzupes 31а,2,51,4/5,Spec. pr.,"50,000  €"
"Pārdošanā gaišs un mājīgs 3 istabu dzīvoklis Rīgas centrā, Krāsl",https://www.ss.com/msg/en/real-estate/flats/riga/centre/behcdd.html,Centre Lachplesha 130,3,50,6/6,New,"130,000  €"
"Gaišs un gaumīgi renovēts 2 istabu dzīvoklis Juglā

Pārdošanā",https://www.ss.com/msg/en/real-estate/flats/riga/yugla/aahbb.html,Yugla Murjanu 54,2,45,4/5,Lit pr.,"52,000  €"
"Māja vai liels divu līmeņu Dzīvoklis ar ideālu lokāciju? 

Pār",https://www.ss.com/msg/en/real-estate/flats/riga/teika/bcillb.html,Teika Brivibas g. 281,5,112,5/6,Spec. pr.,"163,000  €"
"Piedāvājumā pārdomāts un kompakts 24 m² dzīvoklis, no kuriem 6 m",https://www.ss.com/msg/en/real-estate/flats/riga/teika/bfbii.html,Teika Vijciema 8,2,24,4/4,New,"59,800  €"
Pārdošanā jauns nemēbelēts vienistabas dzīvoklis projektā - Čiek,https://www.ss.com/msg/en/real-estate/flats/riga/chiekurkalns/bexohk.html,Chiekurkalns Chiekurkalna 7. cr. l.,1,19,2/4,New,"47,000  €"
Piedāvājumā mūsdienīgs un funkcionāli plānots 3 istabu dzīvoklis,https://www.ss.com/msg/en/real-estate/flats/riga/mezhciems/becpfk.html,Mezhciems Liduma 8a,3,118,4/5,Spec. pr.,"195,000  €"
"Продаю светлую, тёплую, уютную 3-комнатную квартиру в Иманте. Бе",https://www.ss.com/msg/en/real-estate/flats/riga/imanta/denkl.html,Imanta Jurmalas g. 99,3,63,7/9,602-th,"88,000 €"
Studio tipa dzīvoklis ar pilnu apdari renovētā ēkā Donberga kvar,https://www.ss.com/msg/en/real-estate/flats/riga/centre/dnglf.html,Centre Gertrudes 60,1,19,1/5,Pre-war house,"54,600  €"
"Pārdošanā plašs un gaišs 1-istabas dzīvoklis Pļavniekos, Tīnūžu",https://www.ss.com/msg/en/real-estate/flats/riga/plyavnieki/bkihlj.html,Plyavnieki Tinuzhu 7,1,41,4/9,Sm.fam.,"34,900  €"
Pārdošanā gaumīgi labiekārtots studijas tipa dzīvoklis vienā no,https://www.ss.com/msg/en/real-estate/flats/riga/centre/bdjmpb.html,Centre Pulkv. Briezha 10,1,33,3/5,Pre-war house,"123,879  €"
Klusais un omulīgais studijas tipa dzīvoklis vērsts uz Klusā cen,https://www.ss.com/msg/en/real-estate/flats/riga/centre/dofei.html,Centre Pulkv. Briezha 10,1,40,3/5,Pre-war house,"136,578  €"
К продаже предлагается уютная двухкомнатная квартира в Тихом цен,https://www.ss.com/msg/en/real-estate/flats/riga/centre/befpmx.html,Centre Pulkv. Briezha 10,2,42,3/5,Recon.,"144,585  €"
"Pārdod telpas Rīgā – Vaidavas ielā 2, Purvciemā. 

Piedāvājumā",https://www.ss.com/msg/en/real-estate/flats/riga/purvciems/ejcoj.html,Purvciems Vaidavas 2,1,26,1/5,Spec. pr.,"9,700  €"
Vienā no skaistākajām Imantas mikrorajona dzīvojamajām zonām Kur,https://www.ss.com/msg/en/real-estate/flats/riga/imanta/eixmm.html,Imanta Kurzemes pr. 118,4,78,8/9,602-th,"91,000  €"
Pilnībā aprikots divistabu dzīvoklis ar vietu automašīnai pagalm,https://www.ss.com/msg/en/real-estate/flats/riga/centre/bexjfg.html,Centre Aluksnes 3,2,38,1/5,Recon.,"78,000  €"
"Pārdomāts un funkcionāls divistabu dzīvoklis projektā ""Zilupes18",https://www.ss.com/msg/en/real-estate/flats/riga/krasta-st-area/afhhc.html,Krasta st. area Zilupes 18,2,47,2/4,New,"105,000  €"
Iegādei pieejams ar sadzīves tehniku un korpusa mēbelēm aprīkots,https://www.ss.com/msg/en/real-estate/flats/riga/centre/bebdob.html,Centre Pulkv. Briezha 10,2,35,3/7,New,"133,773  €"
Premium investīciju īpašums Vecrīgā – lieliska izvēle īres bizne,https://www.ss.com/msg/en/real-estate/flats/riga/vecriga/bmgpx.html,Vecriga Tirgonu 11,3,122,3/5,Recon.,"325,000  €"
Reta iespēja iegādāties plašu 4-istabu dzīvokli Rīgas vēstniecīb,https://www.ss.com/msg/en/real-estate/flats/riga/centre/bfffen.html,Centre Elizabetes 35,4,129,4/4,Pre-war house,"290,000  €"
"Pārdodam pārdomātu un mājīgu 3 istabu dzīvokli, kas atrodas māja",https://www.ss.com/msg/en/real-estate/flats/riga/dzeguzhkalns/eomjo.html,Dzeguzhkalns Jaunsaules 5b,3,62,2/5,Lit pr.,"105,000  €"
"Atvērta rezervācija. 

Dzīvokļi ar pilnu apdari renovētā ēkā,",https://www.ss.com/msg/en/real-estate/flats/riga/centre/bholl.html,Centre Zvaigzhnu 21,1,21,3/5,Recon.,"49,440  €"
"Pārdod gaišu, saulainu 1 istabas dzīvokli, Vecmīlgrāvja iela
Dz",https://www.ss.com/msg/en/real-estate/flats/riga/vecmilgravis/bhnpg.html,Vecmilgravis Vecmilgravja 17,1,30,3/4,Chrusch.,"27,500 €"
"Lv
Plašs un funkcionāls mājoklis Rīgas centrā – Lāčplēša ielā 4",https://www.ss.com/msg/en/real-estate/flats/riga/centre/gmoge.html,Centre Lachplesha 47,2,113,2/5,Recon.,"195,000 €"
"Elegants 2 istabu dzīvoklis Rīgas klusajā centrā

Pārdošanā pi",https://www.ss.com/msg/en/real-estate/flats/riga/centre/chiml.html,Centre Pulkv. Briezha 10,2,47,3/5,Recon.,"183,600  €"
"Attīstītājs ""Merko mājas"" piedāvā iegādāties jaunu un gaišu 4-is",https://www.ss.com/msg/en/real-estate/flats/riga/zolitude/gjjex.html,Zolitude Skrines 6,4,93,3/3,New,"223,400 €"
"Attīstītājs ""Merko mājas"" piedāvā iegādāties jaunu un gaišu 4-is",https://www.ss.com/msg/en/real-estate/flats/riga/zolitude/hhhdb.html,Zolitude Skrines 8,4,93,3/3,New,"222,800 €"
"Rīgas centrā tiek pārdots mājīgs un gaišs vienistabas dzīvoklis,",https://www.ss.com/msg/en/real-estate/flats/riga/centre/bdpgnm.html,Centre Stabu 104,1,28,1/5,Spec. pr.,"53,000  €"
"Pārdod ļoti siltu, gaišu un plašu četristabu dzīvokli. Dzīvoklis",https://www.ss.com/msg/en/real-estate/flats/riga/plyavnieki/begpoo.html,Plyavnieki Grestes 10,4,77,6/9,602-th,"75,000  €"
"Pārdošanā gaišs un silts dzīvoklis, divas lodžijas, san mezgls u",https://www.ss.com/msg/en/real-estate/flats/riga/ziepniekkalns/hejke.html,Ziepniekkalns Bruknas 8,2,57,3/9,119-th,"74,500  €"
Tiek piedāvāts plašs un funkcionāls 1 istabas dzīvoklis ar lieli,https://www.ss.com/msg/en/real-estate/flats/riga/teika/kpbbk.html,Teika Berzpils 65,1,37,1/2,Stalin project,"35,000  €"
"Pārdod 2-istabu dzīvokli Brekšos. 
Faktiskā adrese: Nautrēnu ie",https://www.ss.com/msg/en/real-estate/flats/riga/mezhciems/nbelf.html,Mezhciems Bikernieku 255,2,44,1/2,Stalin project,"37,000  €"
"Pārdod 3-istabu dzīvokli Rīgas centrā, Krišjāņa Valdemāra ielā 1",https://www.ss.com/msg/en/real-estate/flats/riga/centre/dgomf.html,Centre Valdemara 135,3,79,5/5,Stalin project,"126,000  €"
"Ļoti mājīgs, kārtīgs dzīvoklis ar privātu pagraba telpu un burvī",https://www.ss.com/msg/en/real-estate/flats/riga/vecmilgravis/ajdkp.html,Vecmilgravis Kavu 10,2,50,5/5,Lit pr.,"39,980  €"
"Attīstītājs pārdod dzīvokli Nr. 19 renovētajā projektā ""Raņķa Da",https://www.ss.com/msg/en/real-estate/flats/riga/agenskalns/dfhne.html,Agenskalns Ranka d. 31,2,50,3/4,Recon.,"88,200  €"
"Gaišs dzīvoklis renovētā vēsturiskā ēkā Rīgas centrā

Pārdošan",https://www.ss.com/msg/en/real-estate/flats/riga/centre/ahxpl.html,Centre Chaka 33,2,50,3/6,Recon.,"129,000  €"
Dzīvoklis ar izcilu atrašanās vietu blakus sabiedriskā transport,https://www.ss.com/msg/en/real-estate/flats/riga/teika/ajnog.html,Teika Brivibas g. 281,5,112,5/5,Spec. pr.,"165,000  €"
Attīstītājs ir realizējis kārtējo projektu – renovējis ēku vēstu,https://www.ss.com/msg/en/real-estate/flats/riga/agenskalns/bepplp.html,Agenskalns Kristapa 2,3,61,2/2,Recon.,"170,180  €"
"No attīstītāja- 3 istabu dzīvoklis projektā ""Deglava Gleznotāju",https://www.ss.com/msg/en/real-estate/flats/riga/plyavnieki/coenk.html,Plyavnieki Dravnieku 3 K-3,3,69,8/10,New,"152,013  €"
"Pārdošanā saulains, gaišs 3 istabu dzīvoklis ar lodžiju zaļā Apk",https://www.ss.com/msg/en/real-estate/flats/riga/mezhciems/hmemx.html,Mezhciems Mezhciema 26,3,66,1/5,Lit pr.,"65,000  €"
Pārdodam plašu un saulainu 3 istabu dzīvokli Jaunā Teikā. Dzīvok,https://www.ss.com/msg/en/real-estate/flats/riga/teika/bdjnfi.html,Teika Ropazhu 12,3,125,2/9,New,"225,000  €"
"Tiek pārdots 2 istabu dzīvoklis Ķengaragā, Višķu ielā 23, 2. stā",https://www.ss.com/msg/en/real-estate/flats/riga/kengarags/dggig.html,Kengarags Vishku 23,2,47,2/5,Lit pr.,"76,000 €"
"Dzīvoklis izceļas ar plašuma sajūtu un lieliem logiem, kas vērst",https://www.ss.com/msg/en/real-estate/flats/riga/centre/bcigjk.html,Centre Eksporta 14,3,74,4/5,Stalin project,"164,900  €"
"Pārdod investīciju dzīvokli Marijas ielā 8B, iekšpagalma ēkā",https://www.ss.com/msg/en/real-estate/flats/riga/centre/bcimel.html,Centre Marijas 8b,2,22,2/3,Pre-war house,"89,000  €"
"Studio tipa investīciju dzīvoklis Marijas ielā 8B, iekšpagalma ē",https://www.ss.com/msg/en/real-estate/flats/riga/centre/eijcn.html,Centre Marijas 8b,1,21,2/3,Pre-war house,"84,400  €"
"Pārdošanā stilīgs 4-istabu dzīvoklis ar dizaina remontu, plašu t",https://www.ss.com/msg/en/real-estate/flats/riga/zolitude/aigim.html,Zolitude Jurkalnes 87,4,140,2/5,New,"289,000  €"
Pārdod siltu un saulainu 2 istabu dzīvokli Mols / Lido rajonā,https://www.ss.com/msg/en/real-estate/flats/riga/maskavas-priekshpilseta/beonlf.html,Latgales priekshpilset Reznas 7,2,42,4/5,Chrusch.,"58,000  €"
Kompakts mēbelēts studijas tipa dzīvoklis ar savu atsevišķu ieej,https://www.ss.com/msg/en/real-estate/flats/riga/maskavas-priekshpilseta/bljpkg.html,Latgales priekshpilset Latgales 146,1,30,1/1,Spec. pr.,"49,000  €"
Mūsdienīgs un uzreiz pieejams dzīvošanai 2 -istabu mēbelēts dzīv,https://www.ss.com/msg/en/real-estate/flats/riga/maskavas-priekshpilseta/aflpn.html,Latgales priekshpilset Latgales 146,2,34,1/4,Spec. pr.,"64,900  €"
Unikāls piedāvājums tirgū: kompakts dzīvoklis ar savu atsevišķu,https://www.ss.com/msg/en/real-estate/flats/riga/maskavas-priekshpilseta/aemox.html,Latgales priekshpilset Latgales 146,1,19,1/1,Spec. pr.,"36,000  €"
Pārdošanā silts un saulains 2 istabu dzīvoklis 602. sērijas mājā,https://www.ss.com/msg/en/real-estate/flats/riga/plyavnieki/bkoxhp.html,Plyavnieki Dravnieku 14,2,52,2/9,602-th,"63,000  €"
Pārdošanā ir unikāla bēniņu telpa vēsturiskā ēkā ar jau saskaņot,https://www.ss.com/msg/en/real-estate/flats/riga/centre/adfoj.html,Centre Bruninieku 89,Other,300,6/6,Pre-war house,"89,999  €"
Ar skatu uz upi Daugavu - ekskluzīvs divu līmeņu dzīvoklis Vecrī,https://www.ss.com/msg/en/real-estate/flats/riga/centre/behdki.html,Centre Vecpilsetas 17,3,99,6/6,Pre-war house,"180,000  €"
Attīstītājs un īpašnieks – kompāniju grupa R. Evolution – pārdod,https://www.ss.com/msg/en/real-estate/flats/riga/agenskalns/agclm.html,Agenskalns Ranka d. 34,4,126,17/22,New,"375,000  €"
"3-istabu 3.stāva kluss pagalma dzīvoklis, pēc kvalitatīva remont",https://www.ss.com/msg/en/real-estate/flats/riga/centre/dfdgb.html,Centre Sadovnikova 39,3,50,3/7,Recon.,"120,240  €"
Elegants 3 istabu dzīvoklis Merks “Viesturdārza mājas” projektā.,https://www.ss.com/msg/en/real-estate/flats/riga/centre/bgdjf.html,Centre Rupniecibas 21,3,94,3/7,New,"319,000  €"
"Pārdod gaišu 3 istabu dzīvokli Rīgā, Imantā

Pārdošanā mājīgs",https://www.ss.com/msg/en/real-estate/flats/riga/imanta/dcink.html,Imanta Dammes 4,3,62,3/9,602-th,"73,000  €"
"Pārdod plašu un gaišu 1 istabas dzīvokli Bolderājā, Admirāļu iel",https://www.ss.com/msg/en/real-estate/flats/riga/bolderaya/elgnf.html,Bolderaya Admiralu 22,1,39,5/5,Sm.fam.,"28,500  €"
"Продаётся 2-комнатная квартира с ремонтом в центре Риги, по адре",https://www.ss.com/msg/en/real-estate/flats/riga/centre/dihkn.html,Centre Brivibas 129,2,58,2/6,Pre-war house,"120,000  €"
"Design mansard apartment in the Art Nouveau district
A spacious",https://www.ss.com/msg/en/real-estate/flats/riga/centre/bcohcg.html,Centre Dzirnavu 4,2,73,5/5,Pre-war house,"165,000 €"
Pārdošanā divistabu dzīvoklis (pārveidots no trīsistabu plānojum,https://www.ss.com/msg/en/real-estate/flats/riga/purvciems/bijje.html,Purvciems Ieriku 19,3,63,1/2,Stalin project,"93,000  €"
Pārdod pārdomātu un mājīgu 3 istabu dzīvokli modernā daudzdzīvok,https://www.ss.com/msg/en/real-estate/flats/riga/ziepniekkalns/edxni.html,Ziepniekkalns Vienibas g. 192,3,86,2/6,New,"171,500  €"
Pārdošanā gaišs 3 istabu dzīvoklis projektā “Purvciema Projekts”,https://www.ss.com/msg/en/real-estate/flats/riga/purvciems/aiffo.html,Purvciems Puces 47,3,55,2/7,New,"102,000  €"
Mūsdienīgs un plašs 4-istabu dzīvoklis ar unikālu terasi prestiž,https://www.ss.com/msg/en/real-estate/flats/riga/imanta/fonid.html,Imanta Jurmalas g. 113b,4,113,3/3,New,"249,980  €"
Tiek pārdots 2-istabu dzīvoklis ar ļoti labu planojumu - divas i,https://www.ss.com/msg/en/real-estate/flats/riga/imanta/dfpgo.html,Imanta Kurzemes pr. 36,2,49,4/5,Lit pr.,"62,000  €"
Pārdodam ekskluzīvu 3 istabu dzīvokli ar saskaņotu pārplānojumu.,https://www.ss.com/msg/en/real-estate/flats/riga/plyavnieki/cpdne.html,Plyavnieki Ilukstes 103,3,83,5/5,103-th,"95,000  €"
"Pārdod 1, 5 istabu dzīvokli ar ļoti labu plānojumu. 

Dzīvoklī",https://www.ss.com/msg/en/real-estate/flats/riga/sarkandaugava/aenlj.html,Sarkandaugava Tvaika 50,2,36,5/5,Chrusch.,"34,000  €"
Продаю 3-х комнатную квартиру на 5-ом этаже. Частично мебилирова,https://www.ss.com/msg/en/real-estate/flats/riga/darzciems/gcfco.html,Darzciems Nicgales 47,3,69,5/5,103-th,"85,000  €"
Īpašnieks pārdod tikko renovētu dzīvokli vēsturiskā ēkā - Donber,https://www.ss.com/msg/en/real-estate/flats/riga/centre/hhjhe.html,Centre Lachplesha 61,3,61,5/6,Recon.,"179,000  €"
Īpašnieks pārdod tikko renovētu dzīvokli vēsturiskā ēkā - Donber,https://www.ss.com/msg/en/real-estate/flats/riga/centre/ejeje.html,Centre Lachplesha 61,2,46,5/6,Recon.,"136,000  €"
"Продаётся тёплая, уютная и неугловая 3-комнатная квартира 467-й",https://www.ss.com/msg/en/real-estate/flats/riga/kengarags/ejkeh.html,Kengarags Latgales 425,3,61,1/9,467-th,"62,000  €"
"Собственник продает уютную солнечную квартиру. 

-2 изолирован",https://www.ss.com/msg/en/real-estate/flats/riga/purvciems/aeilk.html,Purvciems Deglava 61,2,59,1/9,119-th,"60,000  €"
"Laba vietā pārdod saulaino, siltu un gaišu dzīvokli. Kapņu telpa",https://www.ss.com/msg/en/real-estate/flats/riga/plyavnieki/gocdm.html,Plyavnieki Dzenu 14,1,41,7/9,602-th,"36,600  €"
Pārdošanā jauns nemēbelēts vienistabas dzīvoklis projektā - Čiek,https://www.ss.com/msg/en/real-estate/flats/riga/chiekurkalns/bikooh.html,Chiekurkalns Chiekurkalna 7. cr. l.,1,23,3/4,New,"54,000  €"
"Pārdošanā mājīgs, gaišs un pilnībā mēbelēts dzīvoklis ar visu ne",https://www.ss.com/msg/en/real-estate/flats/riga/mezhapark/ojmgg.html,Mezhapark Gaujas 63,2,31,3/4,New,"89,680  €"
"Pārdošanā mājīgs, gaišs un pilnībā mēbelēts dzīvoklis ar visu ne",https://www.ss.com/msg/en/real-estate/flats/riga/teika/gpxxb.html,Teika Vijciema 8,2,31,3/4,New,"89,680  €"
Pārdod dzīvokli ar balkonu un 4 metrus augstiem griestiem jaunaj,https://www.ss.com/msg/en/real-estate/flats/riga/teika/kgjng.html,Teika Brivibas g. 201,4,98,3/5,New,"202,900  €"
"Pārdod 3 istabu dzīvokli, kas piemērots remontam. 
 
 Pirms pā",https://www.ss.com/msg/en/real-estate/flats/riga/krasta-st-area/ghcgn.html,Krasta st. area Latgales 222C,3,62,6/9,467-th,"67,000  €"
"Pārdošanā 3 istabu dzīvoklis 119. sērijas mājā. 
Šī projekta dz",https://www.ss.com/msg/en/real-estate/flats/riga/purvciems/ekefk.html,Purvciems Deglava 106,3,78,1/9,119-th,"74,800  €"
"Plašs 3 istabu dzīvoklis projektā “Metropolia” – 100, 5 m² + aut",https://www.ss.com/msg/en/real-estate/flats/riga/imanta/anopf.html,Imanta Anninmuizhas street 38,3,101,13/18,New,"180,000 €"
Piedāvājumā skaists un plašs dzīvoklis renovētā pirmskara namā p,https://www.ss.com/msg/en/real-estate/flats/riga/centre/bpmnb.html,Centre Dzirnavu 53,4,119,5/5,Recon.,"475,650  €"
"Tiek pārdots saulains, gaišs, kvalitatīvi izremontēts divistabu",https://www.ss.com/msg/en/real-estate/flats/riga/yugla/afcoj.html,Yugla Murjanu 42,2,48,5/5,Chrusch.,"60,000  €"
"Pārdošanai tiek piedāvāts mājīgs, labiekārtots un saulains dzīvo",https://www.ss.com/msg/en/real-estate/flats/riga/purvciems/omdgg.html,Purvciems Upenu 11,3,82,3/7,New,"164,900  €"
"Gaišs, liels divistabu dzīvoklis. 

Dzīvoklim ir ļoti plaša (3",https://www.ss.com/msg/en/real-estate/flats/riga/agenskalns/adiml.html,Agenskalns Slokas 46a,2,60,2/4,Pre-war house,"108,000  €"
Elegants dzīvoklis vēsturiskā namā Rīgas centrā Elizabetes ielā,https://www.ss.com/msg/en/real-estate/flats/riga/centre/agplo.html,Centre Elizabetes 22,3,136,2/6,Recon.,"675,000  €"
A+ klases jauna mājokļa sekcija/dzīvoklis slēgtā ciematā tūvu Im,https://www.ss.com/msg/en/real-estate/flats/riga/imanta/ebddj.html,Imanta Kleistu 777,4,120,1/1,New,"235,900  €"
Pārdodam 4 istabu dzīvokli - logi vērsti uz apzaļumotu pagalmu u,https://www.ss.com/msg/en/real-estate/flats/riga/vecmilgravis/dmnjd.html,Vecmilgravis Dombrovska 39,4,80,3/9,602-th,"69,000  €"
Pārdošanā pieejams divistabu dzīvoklis ar lielisku skatu projekt,https://www.ss.com/msg/en/real-estate/flats/riga/centre/bclldl.html,Centre Latgales 109,2,43,4/5,Recon.,"64,375  €"
"Īpašnieks pardot pilnība mēbelētu dzīvokli(Itāļu virtuve, 
iebū",https://www.ss.com/msg/en/real-estate/flats/riga/zolitude/cdhdx.html,Zolitude Irlavas 5,2,49,3/3,New,"120,000 €"
"Pārdod gaišu un siltu divistabu dzīvoklis, divstāvu ēkas pirmajā",https://www.ss.com/msg/en/real-estate/flats/riga/mezhapark/nlpgb.html,Mezhapark Viestura pr. 93,2,62,1/2,Stalin project,"67,000  €"
"Pārdod gaišu un plašu 3 istabu dzīvokli Teikā, Tālivalža ielā 21",https://www.ss.com/msg/en/real-estate/flats/riga/teika/apcof.html,Teika Talivalzha 21,3,70,2/5,New,"178,000  €"
Kvalitatīvs 4-istabu dzīvoklis Pļavniekos ar cenā iekļautām divā,https://www.ss.com/msg/en/real-estate/flats/riga/plyavnieki/cigdf.html,Plyavnieki Salnas 21,4,114,6/9,New,"250,000  €"
Pārdošanai piedāvāts plašs un funkcionāls 4 istabu dzīvoklis ar,https://www.ss.com/msg/en/real-estate/flats/riga/agenskalns/bxmjnn.html,Agenskalns Veca Jurmalas g. 3a,4,78,2/2,Pre-war house,"78,850 €"
"Pārdošanā 48, 7 m² trīs istabu dzīvoklis Rezidences Ausma trešaj",https://www.ss.com/msg/en/real-estate/flats/riga/tornjakalns/acllp.html,Tornjakalns Jelgavas 23,3,49,3/3,Recon.,"147,000  €"
"Pārdošanā 64, 5 m² četru istabu dzīvoklis Rezidences Ausma treša",https://www.ss.com/msg/en/real-estate/flats/riga/tornjakalns/bbcjk.html,Tornjakalns Jelgavas 23,4,65,3/3,Recon.,"197,900  €"
"Pārdod 2 istabu dzīvokli ar kvalitatīvu remontu, pilnībā aprīkot",https://www.ss.com/msg/en/real-estate/flats/riga/imanta/dxchl.html,Imanta Dammes 28,2,51,4/5,Lit pr.,"82,000 €"
"Pārdod gaišu, siltu un saulainu dzīvokli ar plašu balkonu un pri",https://www.ss.com/msg/en/real-estate/flats/riga/plyavnieki/amgbo.html,Plyavnieki Plavnieku 9,2,50,1/9,New,"115,000  €"
Piedāvājumā divu istabu dzīvoklis. Logi vērsti uz mājās abām pus,https://www.ss.com/msg/en/real-estate/flats/riga/kengarags/belxbk.html,Kengarags Prushu 20,2,42,4/5,Chrusch.,"43,000  €"
Īpašnieks pārdod ekskluzīvu divstāvu četristabu dzīvokli jaunajā,https://www.ss.com/msg/en/real-estate/flats/riga/krasta-st-area/bhhkc.html,Krasta st. area Zilupes 18,4,90,3/4,New,"198,000  €"
"Piedāvājam iegādei, modernu dzīvokli, ar pilnu apdari, klusā un",https://www.ss.com/msg/en/real-estate/flats/riga/agenskalns/bedigb.html,Agenskalns Sabiles 15B,3,63,2/3,New,"201,200  €"
"Pārdod dzīvokli vēsturiskā jūgendstila ēkā Vecrīgā. 

Dzīvokļa",https://www.ss.com/msg/en/real-estate/flats/riga/vecriga/oeldn.html,Vecriga Kaleju 18/20,3,86,3/5,Recon.,"250,000  €"
"Visas trīs istabas ir izolētas, ir lodžija, logi vērsti uz dažād",https://www.ss.com/msg/en/real-estate/flats/riga/imanta/flnhn.html,Imanta Kurzemes pr. 108,3,60,5/5,Lit pr.,"54,500  €"
Pārdod 4-istabu dzīvokli vēsturiskā jūgendstila ēkā Vecrīgā.,https://www.ss.com/msg/en/real-estate/flats/riga/vecriga/bnjge.html,Vecriga Kaleju 18/20,4,155,3/5,Recon.,"480,000  €"
"Pārdod plašu, gaišu un siltu 2 istabu dzīvokli 119. sērijas mājā",https://www.ss.com/msg/en/real-estate/flats/riga/zolitude/afinb.html,Zolitude Biezina 11,2,58,8/10,119-th,"72,000  €"
"Ekskluzīvs piecu istabu dzīvoklis 157 m² Jaunzema namā (1901), a",https://www.ss.com/msg/en/real-estate/flats/riga/centre/ahhgp.html,Centre Blaumana 36,5,158,5/5,Pre-war house,"290,000 €"
"Pārdošanā dzīvoklis vēsturiskā jūgendstila ēkā Vecrīgā. 

Dzīv",https://www.ss.com/msg/en/real-estate/flats/riga/vecriga/aaaco.html,Vecriga Kaleju 18/20,3,113,2/5,Recon.,"315,000  €"
Tiek pārdots 2-istabas dzīvoklis Rīgas centra klusajā rajonā. Vi,https://www.ss.com/msg/en/real-estate/flats/riga/centre/fepxo.html,Centre Klijanu 12,2,37,3/3,Recon.,"88,000  €"
Īpašnieks pārdod dzīvokli centrā. Dzīvoklis remontējams. Liels z,https://www.ss.com/msg/en/real-estate/flats/riga/centre/dxmdi.html,Centre Ierochu 6,1,16,1/2,Pre-war house,"12,500  €"
"2-х комнатная квартира 43.8 м2 в новом центре по отличной цене,",https://www.ss.com/msg/en/real-estate/flats/riga/centre/gehdj.html,Centre Katrinas d. 6,2,44,1/3,Recon.,"80,100  €"
Attīstītājs piedāvā iegādāties dzīvokli pilnībā renovētā mājā Da,https://www.ss.com/msg/en/real-estate/flats/riga/maskavas-priekshpilseta/cdibg.html,Latgales priekshpilset Daugavpils 10/12,1,22,1/4,Recon.,"54,000  €"
Attīstītājs piedāvā iegādāties dzīvokli pilnībā renovētā mājā Da,https://www.ss.com/msg/en/real-estate/flats/riga/maskavas-priekshpilseta/fjogl.html,Latgales priekshpilset Daugavpils 12,1,20,1/5,Recon.,"46,600  €"
"Remontēts 2-istabu dzīvoklis lieliskā lokācijā. 
 
Dzīvoklis s",https://www.ss.com/msg/en/real-estate/flats/riga/maskavas-priekshpilseta/bljpbd.html,Latgales priekshpilset Kalupes 14,2,46,2/3,Pre-war house,"60,000 €"
"Pārdod 2 istabu dzīvokli Rīgas centrā, Tērbatas ielā 20. Dzīvokl",https://www.ss.com/msg/en/real-estate/flats/riga/centre/aclkx.html,Centre Terbatas 20,2,33,3/6,Recon.,"109,600  €"
"Dzīvokļi ar pilnu apdari renovētā ēkā, Grīziņkalnā. 
Dzīvojiet",https://www.ss.com/msg/en/real-estate/flats/riga/centre/bopeb.html,Centre Zvaigzhnu 21,2,29,4/6,Recon.,"69,600  €"
"Pārdod dzīvokli Rīgas klusajā centrā, vēsturiskā namā. 

Dzīvo",https://www.ss.com/msg/en/real-estate/flats/riga/centre/dhfdn.html,Centre Baznicas 27/29,3,81,2/5,Pre-war house,"150,000  €"
Lat/ Unikāla investīciju iespēja: kompakts divistabu dzīvoklis p,https://www.ss.com/msg/en/real-estate/flats/riga/centre/aflnk.html,Centre Chaka 26,2,42,1/6,Recon.,"106,800  €"
Pārdodu savu 3-istabu dzīvokli (72 kv. m) Čiekurkalna pašā centr,https://www.ss.com/msg/en/real-estate/flats/riga/chiekurkalns/bkggbm.html,Chiekurkalns Chiekurkalna 4. cr. l.,3,72,3/9,Spec. pr.,"79,000  €"
"“Hoffmann Rezidencē” – pilnībā rekonstruētā ēkā Kuģu ielā 13, šo",https://www.ss.com/msg/en/real-estate/flats/riga/kliversala/dillp.html,Kliversala Kugu 13,5,218,6/6,Recon.,"1,300,000 €"
"Pagalma ēka, labiekārtota apzaļumota teritorija, slēgts pagalms,",https://www.ss.com/msg/en/real-estate/flats/riga/centre/algxp.html,Centre Terbatas 82,2,58,1/5,Pre-war house,"89,900  €"
"Dzīvoklis ar terasi renovētā ēkā. 
Plānojums:
virtuve-viesista",https://www.ss.com/msg/en/real-estate/flats/riga/vecriga/depxg.html,Vecriga Vagnera 20,4,101,2/3,Recon.,"311,800  €"
"Tiek pārdots 3 istabu dzīvoklis projektā ""Vāgnera Rezidence"" Vec",https://www.ss.com/msg/en/real-estate/flats/riga/vecriga/aaccl.html,Vecriga Teatra 7,3,86,2/4,New,"300,000  €"
"Dzīvoklis pēc renovācijas. Pārdod gaišu, saulainu divistabu dzīv",https://www.ss.com/msg/en/real-estate/flats/riga/vecmilgravis/eomoc.html,Vecmilgravis Vecmilgravja 6,2,51,4/5,Spec. pr.,"57,000  €"
"Saulains dzīvoklis ar lodžiju. Lieliska atrašanās vieta, netālu",https://www.ss.com/msg/en/real-estate/flats/riga/tornjakalns/dbibf.html,Tornjakalns Koku 15,1,38,6/6,Sm.fam.,"38,800  €"
"Berģos, Bonaventuras ielā 3 tiek pārdots mājīgs dzīvoklis lielis",https://www.ss.com/msg/en/real-estate/flats/riga/bergi/bclhkx.html,Bergi Brivibas g. 3,2,85,1/3,New,"130,000  €"
"Pārdod privatizētu dzīvokli no īpašnieka. 

Dzīvoklī ir viena",https://www.ss.com/msg/en/real-estate/flats/riga/other/adhdg.html,Other Mazā Bauskas 30,1,22,1/2,Pre-war house,"20,000  €"
Pārdošanā plašs un kvalitatīvi remontēts 78 m² 3 istabu dzīvokli,https://www.ss.com/msg/en/real-estate/flats/riga/centre/behoxb.html,Centre Stabu 62,3,78,2/5,Recon.,"215,000  €"
Retā iespēja iegādāties plašu 4-istabu dzīvokli ar lielisku plān,https://www.ss.com/msg/en/real-estate/flats/riga/plyavnieki/bebxdm.html,Plyavnieki Dzenu 7/1,4,118,8/9,New,"281,000  €"
"Pārdod gaišu 3 istabu dzīvokli projektā ""Mežpilsēta"" (+ autostāv",https://www.ss.com/msg/en/real-estate/flats/riga/mezhciems/bedxcb.html,Mezhciems Hipokrata 18,3,62,6/6,New,"174,500  €"
"Pārdod mājīgu, gaišu 1-istabas dzīvokli (29 m²) Ķengaragā. Ideāl",https://www.ss.com/msg/en/real-estate/flats/riga/kengarags/belbjl.html,Kengarags Salaspils 18-k4,1,29,1/5,Lit pr.,"33,000  €"
"Tiek pārdots mājīgs, gaišs, ļoti silts un kluss 1-istabas dzīvok",https://www.ss.com/msg/en/real-estate/flats/riga/darzciems/dnooo.html,Darzciems Sitas 46,1,39,1/5,Sm.fam.,"39,900 €"
Piedāvājam iegādāties plašu 3 istabu dzīvokli ar atsevišķu virtu,https://www.ss.com/msg/en/real-estate/flats/riga/centre/bcjjjg.html,Centre Mīlenbaha 1,3,73,2/6,Recon.,"149,500  €"
"""Hoffmann Rezidence"" Attīstītājs pārdod mēbelētu, gatavu dzīvoša",https://www.ss.com/msg/en/real-estate/flats/riga/agenskalns/acphf.html,Agenskalns Kugu 13,2,40,5/6,Recon.,"155,000 €"
"""Hoffmann Rezidence"" Attīstītājs pārdod plašu mēbelētu, gatavu d",https://www.ss.com/msg/en/real-estate/flats/riga/agenskalns/edipm.html,Agenskalns Kugu 13,3,74,4/6,Recon.,"250,000 €"
Pilnībā mēbelēts studio tipa dzīvoklis jaunajā projektā Dainas –,https://www.ss.com/msg/en/real-estate/flats/riga/centre/bedpoe.html,Centre Dainas 10a,1,27,3/7,New,"99,900 €"
"Attīstītājs pārdod modernu, pilnībā mēbelētu 3 istabu dzīvokli j",https://www.ss.com/msg/en/real-estate/flats/riga/centre/giihp.html,Centre Dainas 10a,3,60,4/7,New,"220,800 €"
"Kapitāli izremontēts, omulīgs 1-istabas dzīvoklis, kurš gatavs i",https://www.ss.com/msg/en/real-estate/flats/riga/grizinkalns/cdxdcx.html,Grizinkalns Pernavas 88,1,22,1/2,Pre-war house,"38,500  €"
Pārdod Saulainu UN Kvalitatīvi Izremontētu Dzīvokli Ķengaragā.,https://www.ss.com/msg/en/real-estate/flats/riga/kengarags/bebnfp.html,Kengarags Latgales 285k-5,2,45,3/5,Lit pr.,"72,000  €"
"Pārdodas mājīgs dzīvoklis zaļā Zolitudes rajonā. 
Pilnība mēbel",https://www.ss.com/msg/en/real-estate/flats/riga/zolitude/agjhd.html,Zolitude Biezina 11,2,51,1/9,119-th,"70,000  €"
"Kapitāli izremontēts, omulīgs 1-istabas dzīvoklis, kurš gatavs i",https://www.ss.com/msg/en/real-estate/flats/riga/centre/fliib.html,Centre Vagonu 14,1,22,1/2,Pre-war house,"38,500  €"
Pārdod dzīvokli vienā no pieprasītākajām Rīgas centra vietām – l,https://www.ss.com/msg/en/real-estate/flats/riga/centre/belble.html,Centre Hospitalu 1,2,46,6/8,Spec. pr.,"84,000  €"
"Ekskluzīvs īpašums pašā Mežaparka sirdī. Ēka celta 1910. gadā, u",https://www.ss.com/msg/en/real-estate/flats/riga/mezhapark/behhoo.html,Mezhapark Hamburgas 27,3,83,3/3,Pre-war house,"120,000  €"
Stilīgs 2 istabu dzīvoklis Ķīpsalā – ar atsevišķu ieeju un privā,https://www.ss.com/msg/en/real-estate/flats/riga/kipsala/ofinm.html,Kipsala Balasta d. 70e,2,63,1/3,Recon.,"199,000  €"
Klusā un zaļā vietā tiek pārdots dzīvoklis ķieģeļu mājā. Māja ir,https://www.ss.com/msg/en/real-estate/flats/riga/shkirotava/jxxfx.html,Shkirotava Shkirotavas 2a,1,26,1/5,Chrusch.,"24,900  €"
Mūsdienīgs 2-istabu dzīvoklis pie Viesturdārza - Klusais centrs.,https://www.ss.com/msg/en/real-estate/flats/riga/centre/bifoh.html,Centre Rupniecibas 21,2,74,2/7,New,"250,000  €"
Tiek pārdots divīstabu dzīvoklis ar mēbelēm. Māja ir pilnībā rek,https://www.ss.com/msg/en/real-estate/flats/riga/agenskalns/hhhmk.html,Agenskalns Puku 6,2,54,2/3,Recon.,"155,500  €"
Pretim Dailes teātrim pagalma ēkas piektajā stāvā pārdošanā ir t,https://www.ss.com/msg/en/real-estate/flats/riga/centre/bclxol.html,Centre Brivibas 84,3,72,5/6,Pre-war house,"149,000  €"
"Квартира после капитального ремонта, обустроена и готова для жил",https://www.ss.com/msg/en/real-estate/flats/riga/purvciems/ddpbb.html,Purvciems Ilukstes 105,1,38,5/5,Spec. pr.,"60,000  €"
Ķieģeļu mūra mājas trešajā stāvā pārdošanā ir saulains un gaišs,https://www.ss.com/msg/en/real-estate/flats/riga/purvciems/bblcic.html,Purvciems Vaidavas 8,2,41,3/5,Chrusch.,"52,000  €"
"Pārdodam pilnībā mēbelētu demo dzīvokli projektā ""Ābeļziedu tera",https://www.ss.com/msg/en/real-estate/flats/riga/teika/bbmkxe.html,Teika Laimdotas 38,3,72,1/4,New,"215,000  €"
"Продаётся уютная 2-комнатная квартира в Вецмилгрависе

Продаёт",https://www.ss.com/msg/en/real-estate/flats/riga/vecmilgravis/gxmdj.html,Vecmilgravis Baltasbaznicas 21,2,49,3/3,Chrusch.,"45,600 €"
"Terase, dizainera veidota apdare. Pagalmā vieta automašīnai. 
K",https://www.ss.com/msg/en/real-estate/flats/riga/centre/chnkn.html,Centre Dzirnavu 92,4,132,4/5,Recon.,"430,000  €"
"Pārdodam kompaktu, kvalitatīvi remontētu vienistabas dzīvokli Br",https://www.ss.com/msg/en/real-estate/flats/riga/centre/ekbnf.html,Centre Bruninieku 93,1,26,4/4,Pre-war house,"52,000  €"
"Продается просторная, солнечная, полностью меблированная двухком",https://www.ss.com/msg/en/real-estate/flats/riga/centre/cfkgi.html,Centre Chaka 143,2,62,4/5,Recon.,"98,500  €"
3 istabu dzīvoklis 9.stāvā. Pirmajā stāvā atsevišķa mantu nolikt,https://www.ss.com/msg/en/real-estate/flats/riga/yugla/ajgno.html,Yugla Brivibas g. 386,3,68,9/14,New,"176,000 €"
"Izbaudiet Klusā centra šarmu – vēsturiska vide, izcila lokācija",https://www.ss.com/msg/en/real-estate/flats/riga/centre/heibi.html,Centre Pulkv. Briezha 10,2,42,4/5,Pre-war house,"157,182  €"
"Dzīve Klusajā centrā – vietā, kur vēsturiskā elegance satiekas a",https://www.ss.com/msg/en/real-estate/flats/riga/centre/ehgex.html,Centre Pulkv. Briezha 10,2,35,5/7,New,"137,088  €"
"Современная, атмосферная квартира с окнами на Юг и Запад. 
Собс",https://www.ss.com/msg/en/real-estate/flats/riga/zolitude/afiim.html,Zolitude Liedes 28,3,113,1/4,New,"168,000  €"
"Pārdodu gaišu, modernu un ļoti siltu 3 istabu dzīvokli vienā no",https://www.ss.com/msg/en/real-estate/flats/riga/teika/ahdki.html,Teika Ropazhu 14b,3,60,6/10,New,"184,900  €"
Tavas jaunās mājas - elegants 3 istabu dzīvoklis Rīgas vēsturisk,https://www.ss.com/msg/en/real-estate/flats/riga/centre/aindp.html,Centre Lachplesha 36,3,60,4/6,Recon.,"255,000  €"
Продаю 2-комнатную квартиру после ремонта. 2 изолированные комна,https://www.ss.com/msg/en/real-estate/flats/riga/plyavnieki/acgbe.html,Plyavnieki Lubanas 116,2,66,2/2,Pre-war house,"60,000  €"
Продаётся 1-комнатная квартира. Лоджия. Кладовка. Середина дома.,https://www.ss.com/msg/en/real-estate/flats/riga/darzciems/edxec.html,Darzciems Zeltinu 59,1,42,3/5,Sm.fam.,"35,000  €"
Pārdod mājīgu trīsistabu dzīvokli jaunajā projektā Biķernieku ie,https://www.ss.com/msg/en/real-estate/flats/riga/mezhciems/neoej.html,Mezhciems Bikernieku 160 k-2,3,75,4/4,New,"163,900  €"
"Pārdodu plašu 3 istabu dzīvokli Pļavniekos, kas atrodas 119. sēr",https://www.ss.com/msg/en/real-estate/flats/riga/plyavnieki/ahfxn.html,Plyavnieki Ilukstes 32,3,80,2/9,119-th,"91,000  €"
"Divistabu dzīvoklis klusā vietā netālu no centra. 
Dzīvoklis st",https://www.ss.com/msg/en/real-estate/flats/riga/purvciems/femde.html,Purvciems Ieriku 16,2,46,2/2,Stalin project,"60,000  €"
"Pārdodu plašu, saulainu 3-izstabu dzīvokli, 4 stāvā, jaunajā pro",https://www.ss.com/msg/en/real-estate/flats/riga/purvciems/ehjco.html,Purvciems Vaidavas 15-k. 1,3,88,4/7,New,"170,000  €"
"3 istabu dzīvokļa platība ir 76, 6 m², tas atrodas 3. stāvā (3/5",https://www.ss.com/msg/en/real-estate/flats/riga/ziepniekkalns/dpigc.html,Ziepniekkalns Ozolciema 20/2,3,77,3/5,New,"125,000  €"
"Pārdod gaišu un siltu 1-istabas dzīvokli Ziepniekkalnā. 
 Platī",https://www.ss.com/msg/en/real-estate/flats/riga/ziepniekkalns/ggjxf.html,Ziepniekkalns Ozolciema 56/2,1,36,5/9,602-th,"42,000  €"
"Pārdod dzīvokli Ģertrūdes ielā. 

Pārdošanā 1-istabas dzīvokli",https://www.ss.com/msg/en/real-estate/flats/riga/centre/bcjlef.html,Centre Gertrudes 78,1,34,5/6,Spec. pr.,"58,000  €"
"Pārdod mājīgu 3 istabu dzīvokli lietuviešu projekta mājā. 

Dz",https://www.ss.com/msg/en/real-estate/flats/riga/kengarags/begled.html,Kengarags Ikshkiles 16,3,61,4/5,Lit pr.,"89,900  €"
"Pārdod 1-istabas dzīvokli Āgenskalna priedēs (kompakts, kopējā p",https://www.ss.com/msg/en/real-estate/flats/riga/agenskalns/blxpxd.html,Agenskalns Kristapa 8B,1,17,4/4,Chrusch.,"27,400  €"
"Pārdod gaišu, mājīgu un gaumīgi izremontētu dzīvokli ar 2 izolēt",https://www.ss.com/msg/en/real-estate/flats/riga/plyavnieki/fnflp.html,Plyavnieki Dravnieku 14,2,51,6/9,602-th,"72,000  €"
Īpašnieks pārdod plašu 3 istabu dzīvokli 88 m² projektā “Skanste,https://www.ss.com/msg/en/real-estate/flats/riga/centre/gjemp.html,Centre Grostonas 21,3,88,1/8,New,"209,900  €"
"Pārdod remontētu 2 istabu dzīvokli divstāvu mājā ar dārzu, pagra",https://www.ss.com/msg/en/real-estate/flats/riga/agenskalns/eigeh.html,Agenskalns Dobeles 4a,2,30,2/1,Pre-war house,"32,598  €"
"Pārdodu gaišu un mājīgu 2-istabu dzīvokli klusā, apzaļumotā rajo",https://www.ss.com/msg/en/real-estate/flats/riga/ilguciems/enigm.html,Ilguciems Vaidelotes 21,2,42,5/5,Chrusch.,"45,000  €"
Pārdod gaumīgi izremontētu un mājīgu 2-istabu dzīvokli Daugavgrī,https://www.ss.com/msg/en/real-estate/flats/riga/ilguciems/cgmnfj.html,Ilguciems Daugavgrivas 132/1,2,51,3/5,Stalin project,"79,500  €"
"Vidus dzīvoklis ar lodžiju, silts un saulains. Pvc logi, dalīts",https://www.ss.com/msg/en/real-estate/flats/riga/plyavnieki/bdpbgn.html,Plyavnieki Ilukstes 20,1,34,4/9,602-th,"39,500  €"
"Pārdod remontējamus mansarda dzīvokļus Rīgas centrā, Tērbatas ie",https://www.ss.com/msg/en/real-estate/flats/riga/centre/dmnnk.html,Centre Terbatas 16/18,5,108,5/5,Pre-war house,"127,000  €"
Mājas pilnā renovācijas sākas pēc nedēļas. Pēc 8 mēnešiem māja b,https://www.ss.com/msg/en/real-estate/flats/riga/dzeguzhkalns/edjjg.html,Dzeguzhkalns Dzeguzhu 1,2,44,2/3,Recon.,"57,000  €"
"Jaunais dzīvokļu projekts Rīgā – Hospitāļu iela 49

Mūsdienīga",https://www.ss.com/msg/en/real-estate/flats/riga/centre/abnlf.html,Centre Hospitalu 49,4,103,6/8,New,"345,000  €"
"Izolētas istabas, 7, 2 m² virtuve, lodžija zeme īpašumā. Ltelisk",https://www.ss.com/msg/en/real-estate/flats/riga/vecmilgravis/ecbeo.html,Vecmilgravis Edzhina g. 1,2,51,9/9,467-th,"44,300  €"
Трехкомнатная квартира с собственным двором и парковкой в Торняк,https://www.ss.com/msg/en/real-estate/flats/riga/tornjakalns/colcl.html,Tornjakalns Koku 2,3,58,2/2,Pre-war house,"47,500  €"
"Pludmale 3 minūšu gājiens līdz upei; makšķerēšana, kā arī vieta",https://www.ss.com/msg/en/real-estate/flats/riga/sarkandaugava/gdhxo.html,Sarkandaugava Ziemelu 8,1,24,2/2,Pre-war house,"15,350  €"
"Pārdodās 1 Istanbul dzīvoklis. 
Dzīvoklis ir gaišs, majigs, sil",https://www.ss.com/msg/en/real-estate/flats/riga/centre/gdgff.html,Centre Brivibas 117,1,21,3/3,Stalin project,"27,000 €"
"Ja meklējat īstu pērli Vecrīgā, tad šī ir tā īstā. 
Izcils dzīv",https://www.ss.com/msg/en/real-estate/flats/riga/vecriga/nlmhi.html,Vecriga Valnu 21,3,85,3/7,Recon.,"315,000  €"
Plašs dzīvoklis Dreiliņos ar privātu zaļo zonu un divām Autostāv,https://www.ss.com/msg/en/real-estate/flats/riga/dreilini/bdhjf.html,Dreilini Kadiku 9,3,100,2/2,New,"219,000  €"
Pārdošanā plašas un kvalitatīvi iekārtotas komerctelpas Rīgas Kl,https://www.ss.com/msg/en/real-estate/flats/riga/centre/dikjb.html,Centre Ausekla 5,4,136,1/5,Recon.,"280,000  €"
Blakus t/c Akropole tiek pārdots 2 istabu dzīvoklis ar izolētām,https://www.ss.com/msg/en/real-estate/flats/riga/kengarags/bxxni.html,Kengarags Latgales 273/2,2,46,4/5,Lit pr.,"50,000  €"
Pārdod plašu 3 istabu dzīvokli ar panorāmas skatu prestižajā pro,https://www.ss.com/msg/en/real-estate/flats/riga/centre/gpnfb.html,Centre J. Dalina 8,3,111,16/24,New,"330,000  €"
"Tīrs, sauss un silts dzīvoklis. Dzīvoklis ļoti labā stāvoklī, va",https://www.ss.com/msg/en/real-estate/flats/riga/purvciems/cjfok.html,Purvciems Zvaigznaja g. 9,1,30,5/5,Lit pr.,"39,000  €"
"Pārdošanā 58, 1 m² trīs istabu dzīvoklis Rezidences Ausma trešaj",https://www.ss.com/msg/en/real-estate/flats/riga/tornjakalns/bcbeik.html,Tornjakalns Jelgavas 23,3,58,3/3,Recon.,"169,650  €"
Īpašnieks pārdod vienistabas dzīvokli blakus TC Akropole. Lielis,https://www.ss.com/msg/en/real-estate/flats/riga/kengarags/befdjb.html,Kengarags Latgales 273,1,30,5/5,Lit pr.,"31,900  €"
Pārdod vienistabas dzīvokli centrā pēc remonta. Nomainīta elektr,https://www.ss.com/msg/en/real-estate/flats/riga/centre/bigcc.html,Centre Valmieras 21,1,31,2/3,Pre-war house,"38,000  €"
Jauns 4-istabu dzīvoklis Premium projektā 360 Dzelzavas Residenc,https://www.ss.com/msg/en/real-estate/flats/riga/purvciems/gexdm.html,Purvciems Dzelzavas 74C,4,77,2/13,New,"199,900  €"
Ekskluzīvs piedāvājums- Vip stāva 3-istabu dzīvoklis ar panorāma,https://www.ss.com/msg/en/real-estate/flats/riga/purvciems/gjfpe.html,Purvciems Dzelzavas 74C,3,88,13/13,New,"284,500  €"
Pārdodu 43 kv. m lielu vienistabas dzīvokli ( liela un plaša ist,https://www.ss.com/msg/en/real-estate/flats/riga/maskavas-priekshpilseta/bljpkl.html,Latgales priekshpilset Jekabpils 9,1,43,2/3,Pre-war house,"69,000  €"
Iespēja iegādāties kapitāli izremontētu un pilnībā mēbelētu stud,https://www.ss.com/msg/en/real-estate/flats/riga/centre/ckehm.html,Centre Chaka 109,1,53,2/6,Pre-war house,"103,000  €"
Piedāvājumā 94 m² plašs un gaišs 3 istabu dzīvoklis vienā no pre,https://www.ss.com/msg/en/real-estate/flats/riga/centre/aihep.html,Centre Rupniecibas 21,3,94,2/7,New,"287,000  €"
Jauna A energoefektivitātes klases privātmāja ciematā “Kalnavoti,https://www.ss.com/msg/en/real-estate/flats/riga/plyavnieki/biien.html,Plyavnieki Ulbrokas 3,4,104,1/1,New,"199,680  €"
"Izmantojiet iespēju iegādāties divu istabu dzīvokli Bieriņos, Īv",https://www.ss.com/msg/en/real-estate/flats/riga/bierini/bolxh.html,Bierini Ives 3,2,45,3/3,Recon.,"109,200  €"
"Izmantojiet iespēju iegādāties dzīvokli atjaunotā ēkā Bieriņos,",https://www.ss.com/msg/en/real-estate/flats/riga/bierini/ichfc.html,Bierini Ives 3,2,41,3/3,Pre-war house,"101,675  €"
"Pārdodu pusi mājas ar zemi īpašumā, pagrabu, saimniecības ēkām u",https://www.ss.com/msg/en/real-estate/flats/riga/chiekurkalns/beopjn.html,Chiekurkalns Chiekurkalna 2. l. 22,2,64,1/1,Priv.house,"85,000  €"
"Terase, izsmalcināta arhitektūra un mūsdienīgs komforts – šis 3",https://www.ss.com/msg/en/real-estate/flats/riga/centre/coipm.html,Centre Valdemara 41A,3,64,5/8,New,"262,000  €"
Pārdod dzīvokli elitārā projektā „Ģipša Fabrika”. Ēku komplekss,https://www.ss.com/msg/en/real-estate/flats/riga/kipsala/ieehf.html,Kipsala Balasta d. 72,4,152,2/3,New,"430,000  €"
Pārdod kvalitatīvi būvētu un energoefektīvu savrupmāju vienā no,https://www.ss.com/msg/en/real-estate/flats/riga/ziepniekkalns/apbde.html,Ziepniekkalns Svetes 10,6,200,2/2,New,"245,000  €"
"Attīstītājs pārdod dzīvokli telpas renovētā projektā ""Šefela nam",https://www.ss.com/msg/en/real-estate/flats/riga/centre/bcpbln.html,Centre Baznicas 5,3,54,1/5,Recon.,"85,500  €"
"Atīstītājs pārdod 2 istabu dzīvokli renovētā projektā ""Šefela na",https://www.ss.com/msg/en/real-estate/flats/riga/centre/bcpbof.html,Centre Baznicas 5,2,40,2/5,Recon.,"166,415  €"
"Atīstītājs pārdod 2 istabu dzīvokli renovētā projektā ""Šefela na",https://www.ss.com/msg/en/real-estate/flats/riga/centre/behbdk.html,Centre Baznicas 5,2,45,2/5,Recon.,"166,130  €"
"Latviešu
Piedāvājumā izremontēts dzīvoklis ar divām izolētām is",https://www.ss.com/msg/en/real-estate/flats/riga/kengarags/bedcxo.html,Kengarags Ikshkiles 7,2,50,2/5,Lit pr.,"65,000  €"
"Dzīvoklis ar skatu uz priedēm, kur iespīd vakara saule. Jaunbiķe",https://www.ss.com/msg/en/real-estate/flats/riga/mezhciems/bdcnl.html,Mezhciems Kaivas 31/2,2,60,3/4,New,"139,000  €"
"Jaunais dzīvokļu projekts Rīgā – Hospitāļu iela 49

Mūsdienīga",https://www.ss.com/msg/en/real-estate/flats/riga/centre/dbjgn.html,Centre Hospitalu 49,3,61,2/8,New,"189,599  €"
"Jaunais dzīvokļu projekts Rīgā – Hospitāļu iela 49

Mūsdienīga",https://www.ss.com/msg/en/real-estate/flats/riga/centre/dneim.html,Centre Hospitalu 49,2,45,2/8,New,"142,624  €"
Pārdod kvalitatīvi remontētu mūsdienīgu 3 istabu dzīvokli Rīgas,https://www.ss.com/msg/en/real-estate/flats/riga/centre/fdebl.html,Centre Ganu 4,3,90,2/5,Recon.,"315,000  €"
"Pārdod 2 istabu dzīvokli Rīgā, Latgales ielā 279, lietuviešu pro",https://www.ss.com/msg/en/real-estate/flats/riga/kengarags/djxdb.html,Kengarags Latgales 279 k-1,2,45,4/5,Lit pr.,"37,000  €"
Экспорта 12 Просторная 3-Комнатная Квартира В Тихом Центре Риги,https://www.ss.com/msg/en/real-estate/flats/riga/centre/hxpci.html,Centre Eksporta 12,3,79,1/7,Recon.,"145,000  €"
Plašs 4-istabu dzīvoklis ar 2 balkoniem. Virtuve iekļauta cenā.,https://www.ss.com/msg/en/real-estate/flats/riga/aplokciems/bdfoin.html,Aplokciems Mores 15,4,100,2/3,New,"231,600  €"
Pārdošanā pilnībā aprīkots 2 istabu dzīvoklis Klusajā Centrā.,https://www.ss.com/msg/en/real-estate/flats/riga/centre/ahkxg.html,Centre Pulkv. Briezha 7,2,60,1/6,Pre-war house,"148,000  €"
Piedāvājam iegādāties ļoti pārdomāta plānojuma 2.5 istabu dzīvok,https://www.ss.com/msg/en/real-estate/flats/riga/agenskalns/dgecd.html,Agenskalns Zellu 13,2,52,3/3,Recon.,"174,618  €"
Piedāvājam iegādāties ļoti pārdomāta plānojuma 3 istabu dzīvokli,https://www.ss.com/msg/en/real-estate/flats/riga/agenskalns/agenc.html,Agenskalns Zellu 13,3,78,4/4,Pre-war house,"261,253  €"
Pilnībā atjaunots dizaina dzīvoklis Rīgas centrā – Baznīcas ielā,https://www.ss.com/msg/en/real-estate/flats/riga/centre/gblck.html,Centre Baznicas 27,4,158,5/5,Pre-war house,"590,000  €"
Piedāvājam iegādāties ļoti pārdomāta plānojuma 3 istabu dzīvokli,https://www.ss.com/msg/en/real-estate/flats/riga/agenskalns/cfijd.html,Agenskalns Zellu 13,3,62,3/3,Recon.,"209,339  €"
"Pārdod gaišu un pilnībā izremontētu 2 istabu dzīvokli 37, 88 m²",https://www.ss.com/msg/en/real-estate/flats/riga/imanta/diikk.html,Imanta Kurzemes pr. 46,2,38,1/5,Lit pr.,"62,000 €"
"Pārdod studio tipa dzīvokli Klusajā centrā

Dzīvoklis sastāv n",https://www.ss.com/msg/en/real-estate/flats/riga/centre/bdxpe.html,Centre Dzirnavu 37,1,25,3/7,Recon.,"95,400  €"
"Viesturdārza Rezidence ir dzīvojamā ēka Rīgas klusajā centrā, ku",https://www.ss.com/msg/en/real-estate/flats/riga/centre/beembh.html,Centre Vashingtona pl. 2,3,83,1/5,Recon.,"240,488  €"
"Pilna apdare
Viesturdārza Rezidence ir dzīvojamā ēka Rīgas klus",https://www.ss.com/msg/en/real-estate/flats/riga/centre/beiogf.html,Centre Vashingtona pl. 2,3,73,1/5,Recon.,"226,610  €"
Attīstītājs piedāvā iegādāties dzīvokli pilnībā renovētā mājā Da,https://www.ss.com/msg/en/real-estate/flats/riga/centre/epikm.html,Centre Sadovnikova 30,2,35,2/5,Recon.,"86,000  €"
''Zaļā Rezidence'' dzīvoklis ar savu privāto ieeju renovētā ēkā,https://www.ss.com/msg/en/real-estate/flats/riga/agenskalns/ahppm.html,Agenskalns Slokas 21,2,35,1/2,Recon.,"120,000  €"
"Dzīvoklis saules pusē, dzīvojamā istaba 23m2 un gar visus sienu",https://www.ss.com/msg/en/real-estate/flats/riga/plyavnieki/hcnjd.html,Plyavnieki Ulbrokas 7,1,50,5/12,104-th,"49,000 €"
Pārdošanā pēdējais dzīvoklis Jersikas namā. Divistabu dzīvoklis,https://www.ss.com/msg/en/real-estate/flats/riga/maskavas-priekshpilseta/cdjnod.html,Latgales priekshpilset Jersikas 18,2,43,4/5,Recon.,"64,375  €"
"78 m² Rīgas centrā. Ievācies un dzīvo. 
Gaišs, pilnībā dzīvošan",https://www.ss.com/msg/en/real-estate/flats/riga/centre/ebkpg.html,Centre Akas 4,3,78,5/7,New,"295,000  €"
"Pēdējie divi 3 istabu dzīvokļi Lielirbes ielā 9A

Lielirbes ie",https://www.ss.com/msg/en/real-estate/flats/riga/agenskalns/bohgp.html,Agenskalns Lielirbes 9A,3,47,4/4,Recon.,"119,500  €"
"Pēdējie divi 3 istabu dzīvokļi Lielirbes ielā 9A

Lielirbes ie",https://www.ss.com/msg/en/real-estate/flats/riga/shampeteris-pleskodale/dggjj.html,Shampeteris-Pleskodale Lielirbes 9A,3,47,3/4,Recon.,"119,000  €"
Plašs un mūsdienīgs dzīvoklis ar ekskluzīvu skatu no erkera (tor,https://www.ss.com/msg/en/real-estate/flats/riga/centre/felxi.html,Centre Valdemara 39,4,149,7/7,Pre-war house,"229,900  €"
"Plašs un gaišs dzīvoklis ar ērtu un pārdomātu plānojumu. 
Dzīvo",https://www.ss.com/msg/en/real-estate/flats/riga/ilguciems/afhhl.html,Ilguciems Spilves 7,3,68,5/5,Lit pr.,"73,500  €"
"131 m² dzīvoklis ar 4 istabu potenciālu. 

Izdevīgi komunālie",https://www.ss.com/msg/en/real-estate/flats/riga/zolitude/bcibnp.html,Zolitude Anninmuizhas 7,4,131,8/10,New,"188,000  €"
"Plašs un daudzfunkcionāls 141, 6 m² īpašums Rīgas centrā. 

Pā",https://www.ss.com/msg/en/real-estate/flats/riga/centre/gojmn.html,Centre Stabu 47,6,142,4/6,Recon.,"220,000  €"
Tiek pārdots kapitāli remontēts dzīvoklis 2.stāvā ar iekšpagalmu,https://www.ss.com/msg/en/real-estate/flats/riga/vecmilgravis/anpjk.html,Vecmilgravis Dombrovska 9B,1,24,2/2,Pre-war house,"26,500  €"
"3-istabu dzīvoklis divos stāvos ar terasi. 

Dzīvoklis ir aprī",https://www.ss.com/msg/en/real-estate/flats/riga/agenskalns/ffbhm.html,Agenskalns Ludvika 2,3,90,3/4,Pre-war house,"211,500  €"
"Attīstītājs ""Yit Latvija"" piedāvā iegādāties jaunu 3-istabu dzīv",https://www.ss.com/msg/en/real-estate/flats/riga/bierini/bdfbin.html,Bierini Liepajas 37c,3,69,3/4,New,"173,900 €"
"Attīstītājs ""Yit Latvija"" piedāvā iegādāties energoefektīvu 2-is",https://www.ss.com/msg/en/real-estate/flats/riga/plyavnieki/beloon.html,Plyavnieki Kaudzisu 37,2,43,2/6,New,"99,300 €"
"Attīstītājs ""Yit Latvija"" piedāvā iegādāties energoefektīvu 3-is",https://www.ss.com/msg/en/real-estate/flats/riga/plyavnieki/bfbijm.html,Plyavnieki Kaudzisu 37,3,65,2/6,New,"149,000 €"
"Attīstītājs ""Yit Latvija"" piedāvā iegādāties energoefektīvu 4-is",https://www.ss.com/msg/en/real-estate/flats/riga/plyavnieki/beoffc.html,Plyavnieki Kaudzisu 37,4,85,2/6,New,"197,000 €"
"Attīstītājs ""Yit Latvija"" piedāvā iegādāties jaunu 2-istabu dzīv",https://www.ss.com/msg/en/real-estate/flats/riga/zolitude/ixojl.html,Zolitude Endzelina 11,2,55,2/13,New,"127,100 €"
"Attīstītājs ""Yit Latvija"" piedāvā iegādāties jaunu 3-istabu dzīv",https://www.ss.com/msg/en/real-estate/flats/riga/zolitude/akiej.html,Zolitude Endzelina 11,3,64,3/13,New,"148,300 €"
"Attīstītājs ""Yit Latvija"" piedāvā iegādāties jaunu 4-istabu dzīv",https://www.ss.com/msg/en/real-estate/flats/riga/zolitude/bexlb.html,Zolitude Endzelina 11,4,83,2/13,New,"196,100 €"
"Pārdod 2-istabu dzīvokli Ķengaragā, Prūšu ielā 3k-3
Dzīvokļa ko",https://www.ss.com/msg/en/real-estate/flats/riga/kengarags/exfjh.html,Kengarags Prushu 3 k-3,2,46,4/5,Lit pr.,"48,000  €"
"Pārdod gaišu 3 istabu dzīvokli Imantā ar kopējo platību 59, 8 m²",https://www.ss.com/msg/en/real-estate/flats/riga/imanta/hxohd.html,Imanta Anninmuizhas boulevard,3,60,7/9,467-th,"63,000  €"
Attīstītājs un īpašnieks – kompāniju grupa R. Evolution – pārdod,https://www.ss.com/msg/en/real-estate/flats/riga/agenskalns/agijc.html,Agenskalns Ranka d. 34,3,93,7/22,New,"305,000  €"
Tiek pārdots mājīgs divistabu dzīvoklis labā tehniskā stāvoklī.,https://www.ss.com/msg/en/real-estate/flats/riga/yugla/nkllf.html,Yugla Silciema 15/1,2,46,2/5,Chrusch.,"56,000  €"
Tiek pārdots dzīvoklis jaunbūvē. Ēka atrodas lieliskā lokācijā a,https://www.ss.com/msg/en/real-estate/flats/riga/agenskalns/cibbg.html,Agenskalns Kalnciema 9a,4,90,9/10,New,"335,000  €"
Pārdošanā 177 m² plaša trīs stāvu dvīņu mājas daļa ar pārdomātu,https://www.ss.com/msg/en/real-estate/flats/riga/darzciems/aegmd.html,Darzciems Kaibalas 23,5,177,1/3,New,"350,000 €"
"Pārdošanai tiek piedāvāts gaišs, silts, nestandarta vienistabas",https://www.ss.com/msg/en/real-estate/flats/riga/ilguciems/fmpcb.html,Ilguciems Lidonu 6a,1,34,3/3,New,"34,000  €"
Īpašnieks pārdot pilnīgi mēbelētu 2istabu dzīvokli jaunajā proje,https://www.ss.com/msg/en/real-estate/flats/riga/centre/bcjopg.html,Centre Vezhu 1,2,67,1/7,New,"129,500  €"
"Pārdod divu līmeņu 4 istabu dzīvokli pašā Vecrīgas sirdī, Meista",https://www.ss.com/msg/en/real-estate/flats/riga/vecriga/ahdke.html,Vecriga Meistaru 6,4,82,5/6,Pre-war house,"170,000  €"
Plašs 4 istabu dzīvoklis ar divām lodžijām un rekuperācijas sist,https://www.ss.com/msg/en/real-estate/flats/riga/plyavnieki/bmfgg.html,Plyavnieki Rudens 8,4,78,7/9,602-th,"95,000  €"
"Продаётся однокомнатная квартира в Rīga Ķengarags
Lokomotīves 2",https://www.ss.com/msg/en/real-estate/flats/riga/kengarags/enxgh.html,Kengarags Lokomotives 22,1,27,2/5,104-th,"37,000  €"
"Investīciju Objekts Rīgas Centrā 12% Ienesīgums

Īpašuma pašre",https://www.ss.com/msg/en/real-estate/flats/riga/centre/ecnmd.html,Centre Blaumana 8,5,518,2/5,Pre-war house,"400,000  €"
"Pārdod gaišu, koptu un pilnībā dzīvošanai gatavu rindu māju Rīgā",https://www.ss.com/msg/en/real-estate/flats/riga/bierini/afonj.html,Bierini Aizupes 13,4,152,1/1,New,"260,000  €"
Piedāvājumā 4 istabu dzīvoklis unikālā koncepta projektā Brookly,https://www.ss.com/msg/en/real-estate/flats/riga/maskavas-priekshpilseta/bfccnj.html,Latgales priekshpilset Daugavpils 57,4,82,3/5,Pre-war house,"119,727  €"
"Dzīvokļa video tūri var noskatīties, nospiežot uz mājas lapas sl",https://www.ss.com/msg/en/real-estate/flats/riga/ilguciems/cohio.html,Ilguciems Daugavgrivas 132 k-1,2,59,4/5,Stalin project,"79,000  €"
"Pārdod 2 istabu dzivkli Zolitūdē – 60, 5 m², Aleksandra Bieziņa",https://www.ss.com/msg/en/real-estate/flats/riga/zolitude/cbjhi.html,Zolitude Biezina 7,2,61,9/10,119-th,"63,000  €"
Dzīvoklis atrodas mūsdienīgajā un pieprasītajā dzīvojamo ēku kom,https://www.ss.com/msg/en/real-estate/flats/riga/teika/dpckf.html,Teika Ropazhu 12,3,124,2/9,New,"225,000  €"
Unikāla iespēja iegādāties divstāvu pilsētas mājas pusi Rīgas ce,https://www.ss.com/msg/en/real-estate/flats/riga/grizinkalns/bpmloj.html,Grizinkalns Laboratorijas 1b,4,140,1/2,Pre-war house,"99,700  €"
"Īpašnieks pārdod skaistu izremontētu dzīvoklī. Viss jauns, virtu",https://www.ss.com/msg/en/real-estate/flats/riga/centre/hbpnx.html,Centre Gertrudes 106,2,53,4/6,Pre-war house,"120,000  €"
Plašs četristabu dzīvoklis vēsturiskajā Hertela namā Brīvības ie,https://www.ss.com/msg/en/real-estate/flats/riga/centre/bcbcdm.html,Centre Brivibas 138,4,102,6/6,Pre-war house,"148,045  €"
Īpašnieks pārdod divistabu dzīvokli ar kopējo platību 42 m2 jaun,https://www.ss.com/msg/en/real-estate/flats/riga/kliversala/akink.html,Kliversala Kugu 15,2,42,2/3,Recon.,"145,000  €"
"Attīstītājs ""Merko mājas"" piedāvā iegādāties jaunu 4 istabu dzīv",https://www.ss.com/msg/en/real-estate/flats/riga/lucavsala/cgxnjl.html,Lucavsala Lucavsala 5,4,85,2/9,New,"224,000 €"
"Attīstītājs ""Merko mājas"" piedāvā iegādāties jaunu 3 istabu dzīv",https://www.ss.com/msg/en/real-estate/flats/riga/lucavsala/cgxnhk.html,Lucavsala Lucavsala 5,3,70,9/9,New,"190,900 €"
"Īpašnieks pārdod saulainu, plašu 4 istabu dzīvokli kura parbūvet",https://www.ss.com/msg/en/real-estate/flats/riga/mezhciems/ainkg.html,Mezhciems Eizenshteina 75,4,78,9/9,602-th,"144,900  €"
Attīstītājs “Merko mājas” piedāvā iegādāties “Demo” 4-istabu dzī,https://www.ss.com/msg/en/real-estate/flats/riga/centre/abloh.html,Centre Rupniecibas 27,4,85,3/6,New,"377,000 €"
Piedāvājumā plašs 4 istabu dzīvoklis kapitāli renovētā ēkā pašā,https://www.ss.com/msg/en/real-estate/flats/riga/centre/ahhdl.html,Centre Barona 14,4,117,4/6,Pre-war house,"225,000  €"
Pārdod dzīvokli/investīciju objektu. Gatavs izīrēšanai. Pašlaik,https://www.ss.com/msg/en/real-estate/flats/riga/yugla/emece.html,Yugla Brivibas g. 365,1,30,2/5,Chrusch.,"40,400  €"
"Zeme īpašumā
Silts, saulains un plašs dzīvoklis
Klusa apkaime,",https://www.ss.com/msg/en/real-estate/flats/riga/tornjakalns/gcgbm.html,Tornjakalns Cepla 14,2,31,3/3,Pre-war house,"14,000  €"
"Продаётся квартира не угловая , окна выходят на разные стороны д",https://www.ss.com/msg/en/real-estate/flats/riga/vecmilgravis/fxecx.html,Vecmilgravis Dombrovska 43,3,62,3/9,602-th,"55,000  €"
Pārdošanā 2 istabu dzīvoklis ar privātmājas sajūtu Čiekurkalnā.,https://www.ss.com/msg/en/real-estate/flats/riga/chiekurkalns/bkgdke.html,Chiekurkalns Chiekurkalna 2. l. 23B,2,45,1/1,Pre-war house,"40,000  €"
Pārdošanā 2-istabu dzīvoklis izcilā lokācijā – netālu no Nacionā,https://www.ss.com/msg/en/real-estate/flats/riga/tornjakalns/hkbod.html,Tornjakalns Akmenu 28,2,40,2/2,Pre-war house,"38,000  €"
Pārdošanā 2-istabu dzīvoklis izcilā lokācijā – netālu no Nacionā,https://www.ss.com/msg/en/real-estate/flats/riga/agenskalns/aehpk.html,Agenskalns Akmenu 28,2,40,2/2,Pre-war house,"38,000  €"
"Продаётся 4-х комнатная квартира со всей мебелью, со встроенной",https://www.ss.com/msg/en/real-estate/flats/riga/plyavnieki/coekn.html,Plyavnieki Tinuzhu 12,4,78,3/9,467-th,"120,000  €"
Saulains un silts dzīvoklis -atbrīvots un pilnībā gatavs remontd,https://www.ss.com/msg/en/real-estate/flats/riga/vecmilgravis/bbexfm.html,Vecmilgravis Baltasbaznicas 34,1,35,5/5,103-th,"29,700 €"
"Владелец продаёт двухкомнатную квартиру. Комнаты смежные, санузе",https://www.ss.com/msg/en/real-estate/flats/riga/sarkandaugava/gbmhe.html,Sarkandaugava Viestura pr. 31,2,46,9/9,Spec. pr.,"45,000  €"
"Pàrdodas plašs, gaišs un saulains 4 istabu dzīvoklis Purvciema c",https://www.ss.com/msg/en/real-estate/flats/riga/purvciems/geojp.html,Purvciems Nicgales 4,4,73,1/9,602-th,"87,000  €"
Продаю однокомнатную квартиру в тихом месте Вецмилгрависа на про,https://www.ss.com/msg/en/real-estate/flats/riga/vecmilgravis/coopf.html,Vecmilgravis Sniega 8,1,35,1/2,Pre-war house,"28,000 €"
"Pārdod plašu 3 istabu dzīvokli Imantā, 68 m² platībā. Jaunais li",https://www.ss.com/msg/en/real-estate/flats/riga/imanta/beojgg.html,Imanta Kurzemes pr. 108A,3,68,2/5,Lit pr.,"105,500 €"
"Dzīvoklis tiek pārdots pilnībā aprīkots, ar visām mēbelēm un sad",https://www.ss.com/msg/en/real-estate/flats/riga/plyavnieki/dhlio.html,Plyavnieki Tinuzhu 5,1,41,9/9,Sm.fam.,"45,000  €"
Tiek pārdots gaišs trīsistabu dzīvoklis labā lokācijas vietā.,https://www.ss.com/msg/en/real-estate/flats/riga/centre/bcmepc.html,Centre Lugazhu 2a,3,52,1/5,Chrusch.,"54,000  €"
Īpašnieks pārdod plašu trīsistabu dzīvokli pie parkiem: dažu min,https://www.ss.com/msg/en/real-estate/flats/riga/agenskalns/ghgne.html,Agenskalns M. Nometnu 1,3,110,2/9,Spec. pr.,"224,680  €"
"Dzīvoklis Rīgas tuvajā centrā, līdz t/c Origo kājām 15 min, blak",https://www.ss.com/msg/en/real-estate/flats/riga/maskavas-priekshpilseta/aknpn.html,Latgales priekshpilset Daugavpils 49,3,59,3/5,Pre-war house,"67,000  €"
Laba vietā pārdod siltu un gaišu dzīvokli. Kapņu telpa ir slēgta,https://www.ss.com/msg/en/real-estate/flats/riga/plyavnieki/fegci.html,Plyavnieki Dzenu 14,1,41,7/9,Sm.fam.,"36,600  €"
"Saulainā pusē, pēc remonta, atbrīvota, mājas uzturēšanu veic īpa",https://www.ss.com/msg/en/real-estate/flats/riga/krasta-st-area/adodh.html,Krasta st. area Salacas 16,3,72,12/16,104-th,"90,000  €"
Pārdodu 2 istabu dzīvokli Ķengaragā. Dzīvoklim ir nosiltinātas s,https://www.ss.com/msg/en/real-estate/flats/riga/kengarags/bdphnp.html,Kengarags Aviacijas 9,2,49,5/5,Lit pr.,"55,000  €"
Продаётся светлая квартира на берегу реки с шикарным видом на ка,https://www.ss.com/msg/en/real-estate/flats/riga/bolderaya/egnij.html,Bolderaya Lielupes 1/6,2,42,3/4,Chrusch.,"33,999  €"
Pārdošanā plašs 7 istabu dzīvoklis ar kopējo platību 179m2. Augs,https://www.ss.com/msg/en/real-estate/flats/riga/chiekurkalns/cmljo.html,Chiekurkalns Viskalu 18,6,179,3/3,Stalin project,"105,000  €"
Pārdod atbrīvotu 1istabas Dzīvokli. Atbrīvots. Kanalizācija dzīv,https://www.ss.com/msg/en/real-estate/flats/riga/maskavas-priekshpilseta/ccdfo.html,Latgales priekshpilset Ludzas 51,1,34,2/2,Pre-war house,"13,000  €"
"Divas caurstaigājamas istabas – 19, 1 m² un 11, 2 m²;
Virtuve –",https://www.ss.com/msg/en/real-estate/flats/riga/yugla/abmlm.html,Yugla Kveles 23,2,45,1/5,Chrusch.,"44,900  €"
Īpašnieks pārdod būvniecības stadijā esošo 3 istabu dzīvokli (pu,https://www.ss.com/msg/en/real-estate/flats/riga/ziepniekkalns/bepkd.html,Ziepniekkalns Basu 3B,3,73,1/1,New,"170,000  €"
"Plašs, ļoti gaišs un silts dzīvoklis pašā izdevīgākajā rajona vi",https://www.ss.com/msg/en/real-estate/flats/riga/plyavnieki/ibohx.html,Plyavnieki Zemes 2,2,52,1/9,602-th,"62,450  €"
Продаю уютную квартиру с отдельной кухней и одной отдельной комн,https://www.ss.com/msg/en/real-estate/flats/riga/chiekurkalns/adxgm.html,Chiekurkalns Teraudlietuves 10,1,24,2/2,Pre-war house,"16,800  €"
"Pārdodu divistabu dzīvokli, lietuviešu projektā. Blakus Mežapark",https://www.ss.com/msg/en/real-estate/flats/riga/mangali/ccbkkb.html,Mangali Ostas pr. 4-23,2,47,1/5,Lit pr.,"43,300 €"
Pārdošanā praktisks 3-istabu dzīvoklis ar zemiem komunālajiem ma,https://www.ss.com/msg/en/real-estate/flats/riga/ziepniekkalns/aaecp.html,Ziepniekkalns Ozolciema 18,3,78,9/9,119-th,"81,700  €"
"Продаётся студия с камином в Саркандаугаве

Продаётся квартира",https://www.ss.com/msg/en/real-estate/flats/riga/sarkandaugava/adjco.html,Sarkandaugava Aleksha 11,1,28,1/5,Stalin project,"23,000  €"
"Elegants četru istabu dzīvoklis atjaunotā mūra ēkā Rīgas centrā,",https://www.ss.com/msg/en/real-estate/flats/riga/centre/ccoik.html,Centre Chaka 54,4,108,4/5,Pre-war house,"176,000  €"
Attīstītājs pardot dzīvoklis silts un saulains divlimenu dzīvokl,https://www.ss.com/msg/en/real-estate/flats/riga/centre/flimc.html,Centre Brivibas 132,2,61,3/4,Recon.,"109,000  €"
"Pārdod 2 istabu dzīvokli ar jaunu remontu Rīgā

Gaišs 2 istabu",https://www.ss.com/msg/en/real-estate/flats/riga/mezhciems/fiiol.html,Mezhciems Bikernieku 255,2,43,1/2,Spec. pr.,"54,900  €"
"Аккуратная , маленькая двушечка
Квартира под ремонт .
За всю и",https://www.ss.com/msg/en/real-estate/flats/riga/purvciems/bgekb.html,Purvciems Bikernieku 105,2,38,2/3,Chrusch.,"44,500  €"
"Īpašnieks pārdod 3. istabu dzīvokli ar divām izolētām istabām, k",https://www.ss.com/msg/en/real-estate/flats/riga/agenskalns/dhebo.html,Agenskalns Kuldigas 12,3,48,2/2,Pre-war house,"95,000  €"
"Tiek pārdots mūsdienīgs, jauns un gaišs 2-ist. dzīvoklis Jaunajā",https://www.ss.com/msg/en/real-estate/flats/riga/centre/cdmof.html,Centre Rupniecibas 25,2,53,3/7,New,"207,000  €"
Pārdod 2 istabu dzīvokli Rīgas centrā – staļina laika mājā.,https://www.ss.com/msg/en/real-estate/flats/riga/centre/bpmxl.html,Centre Sadovnikova 33,2,46,1/5,Stalin project,"67,000  €"
Pārdošanas cena ir zemāka par īpašumā veiktajiem ieguldījumiem.,https://www.ss.com/msg/en/real-estate/flats/riga/centre/bfilk.html,Centre Rupniecibas 11,3,98,4/5,Recon.,"355,000  €"
"Pārdod 2 istabu dzīvokli. Kopējā platība: 62 m². 
Продаётся 2-к",https://www.ss.com/msg/en/real-estate/flats/riga/zolitude/afiei.html,Zolitude Anninmuizhas 20,2,62,4/6,New,"110,000  €"
"Pieejams plašs, saulains un gaumīgs autentiska dizaina vienistab",https://www.ss.com/msg/en/real-estate/flats/riga/zolitude/elhmx.html,Zolitude Anninmuizhas 7,1,50,8/13,New,"115,000  €"
Pārdod ekskluzīvu 3 istabu dzīvokli Vecrīgas sirdī modernā proje,https://www.ss.com/msg/en/real-estate/flats/riga/vecriga/hkdhe.html,Vecriga Kungu 25,3,84,4/6,New,"250,000  €"
Samazināta cena. Pārdod modernu 2 līmeņu dzīvokli ar terasēm un,https://www.ss.com/msg/en/real-estate/flats/riga/centre/bfhbk.html,Centre Silmachu 1,3,112,5/6,New,"238,000  €"
"Pārdod studio dzīvokli ar loftu Spilvē, Daugavgrīvas šosejā 1b",https://www.ss.com/msg/en/real-estate/flats/riga/ilguciems/eohxb.html,Ilguciems Daugavgrivas 1b,2,27,1/3,Stalin project,"37,000  €"
"Ar 2026.gada 10.oktobri pieejams iegādei divistabu dzīvoklis, ko",https://www.ss.com/msg/en/real-estate/flats/riga/sarkandaugava/ddkcf.html,Sarkandaugava Patversmes 5k-1,2,45,2/5,Pre-war house,"32,000  €"
"Pārdod izīrēšanai pielāgotu dzīvokli renovētā mājā. 

Dzīvokli",https://www.ss.com/msg/en/real-estate/flats/riga/centre/ecoop.html,Centre Matisa 85,2,50,1/5,Recon.,"85,900  €"
Продаётся 3-комнатная квартира. Гостиная совмещена с кухней и дв,https://www.ss.com/msg/en/real-estate/flats/riga/purvciems/aellh.html,Purvciems Purvciema 13,3,77,10/12,104-th,"106,000  €"
Pārdošanā investīciju objekts “Hoffmaņa rezidencē” Kuģu ielā 13.,https://www.ss.com/msg/en/real-estate/flats/riga/agenskalns/dkpxl.html,Agenskalns Kugu 13,2,40,3/6,Recon.,"140,500  €"
Pārdod plašu un ērtu dzīvokli lieliskā vietā. Zemes domājamās da,https://www.ss.com/msg/en/real-estate/flats/riga/centre/bhikm.html,Centre Artilerijas 6,4,89,2/4,Pre-war house,"156,000  €"
Īpašniece pārdod mājīgu 2-istabu dzīvokli ar divām izolētām ista,https://www.ss.com/msg/en/real-estate/flats/riga/plyavnieki/ahehj.html,Plyavnieki Zebiekstes 3,2,53,1/9,119-th,"65,500  €"
Ar pilnu virtuves aprīkojumu jau komplektācijā - pārdošanā pēdēj,https://www.ss.com/msg/en/real-estate/flats/riga/shampeteris-pleskodale/bepmpm.html,Shampeteris-Pleskodale Lielirbes 9a,3,47,3/4,Recon.,"119,000  €"
Pārdod plašu 3 istabu dzīvokli Pūces ielā 49 - lieliska izvēle ģ,https://www.ss.com/msg/en/real-estate/flats/riga/purvciems/ahnid.html,Purvciems Puces 49,3,116,1/8,New,"195,000  €"
"Pārdod gaišu un mājīgu 2 istabu dzīvokli Ķengaragā

Pārdod māj",https://www.ss.com/msg/en/real-estate/flats/riga/kengarags/bedheg.html,Kengarags Latgales 385,2,50,2/3,Stalin project,"60,000  €"
"Pārdod 2 istabu dzīvokli ar balkonu, privāto autostāvvietu un no",https://www.ss.com/msg/en/real-estate/flats/riga/zolitude/cojek.html,Zolitude Endzelina 32,2,62,2/5,New,"126,500  €"
"Dzīvoklis pilnībā gatavs dzīvošanai vai izīrēšanai. 

Pirms da",https://www.ss.com/msg/en/real-estate/flats/riga/ilguciems/pxdgj.html,Ilguciems Lilijas 15a,3,54,3/5,Chrusch.,"69,500  €"
"Kvalitatīvi izremontēts dzīvoklis. Izlīdzinātas sienas, griesti.",https://www.ss.com/msg/en/real-estate/flats/riga/imanta/alonx.html,Imanta Dammes 29,3,62,8/9,602-th,"79,800  €"
"Lv/eng/ru

Īpašnieki pārdod mājīgu un labi uzturētu 1-istabas",https://www.ss.com/msg/en/real-estate/flats/riga/zolitude/ghino.html,Zolitude Lejina 6,1,46,5/10,119-th,"55,000  €"
"Pārdodu 22m2 dzīv. 75m2 zeme, malkas apkure-liels šķūnītis, mazs",https://www.ss.com/msg/en/real-estate/flats/riga/centre/exxxg.html,Centre Matisa 82A,1,22,2/2,Pre-war house,"17,600  €"
Дом на собственном балансе в кватире все есть для проживания,https://www.ss.com/msg/en/real-estate/flats/riga/plyavnieki/fhjcd.html,Plyavnieki Salnas 3,1,32,9/9,602-th,"41,500  €"
"Lat: Plašs dzīvoklis vēsturiskā ēkā, kas atrodas pašā Rīgas cent",https://www.ss.com/msg/en/real-estate/flats/riga/centre/aehkb.html,Centre Dzirnavu 71,5,148,2/5,Recon.,"392,000  €"
Īpašnieks pārdod gaišu 3 istabu dzīvokli ar logiem Austrumu/ Die,https://www.ss.com/msg/en/real-estate/flats/riga/agenskalns/bpmbb.html,Agenskalns Balozhu 28,3,86,1/3,Recon.,"150,000  €"
"Все комнаты изолированные высокие потолки, отличная инфраструкту",https://www.ss.com/msg/en/real-estate/flats/riga/maskavas-priekshpilseta/akkdg.html,Latgales priekshpilset Latgales 180,3,75,5/5,Stalin project,"98,000  €"
"Plašs 4 istabu dzīvoklis par pievilcīgu cenu. 

Ja meklējat mā",https://www.ss.com/msg/en/real-estate/flats/riga/vecmilgravis/eejdx.html,Vecmilgravis Atlantijas 8,4,71,1/5,Spec. pr.,"68,000  €"
"Продаётся 3-комнатная квартира 103 серии. 
4-й этаж 5-этажного",https://www.ss.com/msg/en/real-estate/flats/riga/daugavgriva/dnjpb.html,Daugavgriva Birzes 46,3,70,4/5,103-th,"58,000  €"
"Piedāvājumā gaišs un plašs divu līmeņu dzīvoklis, kas atrodas ēk",https://www.ss.com/msg/en/real-estate/flats/riga/tornjakalns/hgcph.html,Tornjakalns Bauskas 149,6,160,3/4,Pre-war house,"131,000  €"
"Saulains dzīvoklis klusā vietā Rīgas centrā. 

Plānojums:

-",https://www.ss.com/msg/en/real-estate/flats/riga/centre/dfnej.html,Centre Etnas 6,1,42,3/6,Spec. pr.,"69,000  €"
Staļina projekta dzīvoklis ar plānotu pilnu ēkas renovāciju 2027,https://www.ss.com/msg/en/real-estate/flats/riga/teika/bexbfo.html,Teika Berzpils 65,1,38,2/2,Stalin project,"39,900  €"
"Pārdodu Kapitāli remontētu dzīvokli Renovētā mājā, kurš ļoti vei",https://www.ss.com/msg/en/real-estate/flats/riga/centre/fpmcg.html,Centre Avotu 66A,2,34,1/5,Recon.,"67,000  €"
"Pārdodu divu līmeņu Dzīvokli ar ideālu lokāciju. 

Plašs divst",https://www.ss.com/msg/en/real-estate/flats/riga/teika/eencd.html,Teika Brivibas g. 281,5,112,5/6,Spec. pr.,"163,000  €"
"4 istabu dzīvoklis ar raksturu un savu stāstu – 92 m². 

Ir dz",https://www.ss.com/msg/en/real-estate/flats/riga/sarkandaugava/dbnid.html,Sarkandaugava Patversmes 30,4,92,2/5,Stalin project,"199,000 €"
"Dizainera veidots trīsistabu dzīvoklis Skanstē. 

Viesistaba d",https://www.ss.com/msg/en/real-estate/flats/riga/centre/beefgl.html,Centre Grostonas 21,3,92,2/5,New,"289,000  €"
"Продается 2-х комнатная кв. Комнаты изолированные. Теплая, стекл",https://www.ss.com/msg/en/real-estate/flats/riga/vecmilgravis/gbdci.html,Vecmilgravis Kavu 2,2,38,4/5,Lit pr.,"38,000 €"
Piedāvājam iegādei 2-istabu (pēc pārplānošanas pilnvērtīgu 3-ist,https://www.ss.com/msg/en/real-estate/flats/riga/centre/efnoj.html,Centre Brivibas 138,3,65,5/6,Pre-war house,"82,625  €"
Pārdošanā unikāla investīciju iespēja pašā Rīgas centrā - plašs,https://www.ss.com/msg/en/real-estate/flats/riga/centre/bebdhm.html,Centre Marijas 15,4,115,2/7,Pre-war house,"147,500  €"
Pārdošanā unikāla investīciju iespēja pašā Rīgas centrā - plašs,https://www.ss.com/msg/en/real-estate/flats/riga/centre/bffhkn.html,Centre Marijas 15,5,114,2/7,Pre-war house,"147,500  €"
Pārdod 2 istabu dzīvokli Teikā. Dzīvoklim ir ērts un funkcionāls,https://www.ss.com/msg/en/real-estate/flats/riga/teika/hbjpd.html,Teika Vidrizhu 6A,2,50,2/8,Spec. pr.,"65,000  €"
"Pārdošanā ir plašs un tikko izremontēts dzīvoklis, kurā ir 3 ist",https://www.ss.com/msg/en/real-estate/flats/riga/mezhciems/ahlio.html,Mezhciems Eizenshteina 79,3,63,9/9,602-th,"96,260  €"
Pārdošanā gaišs un īpaši plašs 1 istabas studijas tipa dzīvoklis,https://www.ss.com/msg/en/real-estate/flats/riga/centre/aaohe.html,Centre Latgales 131,1,62,2/4,Pre-war house,"82,800  €"
Pārdošanā gandrīz 100 m² plašs dzīvoklis Āgenskalnā – vēsturiskā,https://www.ss.com/msg/en/real-estate/flats/riga/agenskalns/abklj.html,Agenskalns Mezha 4A,3,98,4/5,Recon.,"179,800 €"
Pārdodu mājīgu un kvalitatīvi izremontētu dzīvokli 2. stāvā. Kap,https://www.ss.com/msg/en/real-estate/flats/riga/centre/bekkcf.html,Centre Kurbada 16A,2,56,2/5,Pre-war house,"130,000 €"
Iespēja iegādāties plašu un saulainu četru istabu dzīvokli (trīs,https://www.ss.com/msg/en/real-estate/flats/riga/centre/belnpb.html,Centre Mīlenbaha 1,4,67,3/6,Recon.,"220,000  €"
Attīstītājs piedāvā dzīvokļu īpašumos sadalītus pelnošus investī,https://www.ss.com/msg/en/real-estate/flats/riga/vecriga/fejjg.html,Vecriga Pasta 6,1,24,1/6,Pre-war house,"108,135  €"
Attīstītājs piedāvā dzīvokļu īpašumos sadalītus pelnošus investī,https://www.ss.com/msg/en/real-estate/flats/riga/vecriga/bcimlk.html,Vecriga Pasta 6,2,40,2/6,Pre-war house,"146,365  €"
Pārdošanā 3 istabu dzīvoklis pirmajā stāvā ar savu individuālu i,https://www.ss.com/msg/en/real-estate/flats/riga/kengarags/bebeih.html,Kengarags Latgales 119,3,62,1/3,Pre-war house,"37,000  €"
"Pārdod plašu 3 istabu dzīvokli projektā “Skanstes Virsotnes”, Gr",https://www.ss.com/msg/en/real-estate/flats/riga/centre/dbobh.html,Centre Grostonas 25,3,90,17/24,New,"219,000  €"
Pārdodu plašu 2istabu dzīvokli jaunajā projektā Klijānu ielā 6.,https://www.ss.com/msg/en/real-estate/flats/riga/centre/bcihjc.html,Centre Klijanu 6,2,50,3/9,Recon.,"88,560  €"
Pārdošanā plašs un funkcionāls 3 istabu dzīvoklis iecienītajā 11,https://www.ss.com/msg/en/real-estate/flats/riga/zolitude/bmdeg.html,Zolitude Lejina 22,3,82,7/10,119-th,"79,900  €"
Pārdodu divu istabu dzīvokli projektā Mežaparka Village. Augstas,https://www.ss.com/msg/en/real-estate/flats/riga/aplokciems/hbxpc.html,Aplokciems Chiekuru 3A,2,34,2/4,New,"113,500  €"
Pārdod 3 - istabu dzīvokli ērtā lokācijā - Ģenerāļa Radziņa kras,https://www.ss.com/msg/en/real-estate/flats/riga/maskavas-priekshpilseta/bkjfc.html,Latgales priekshpilset Radzina 29,3,70,5/6,Recon.,"144,000  €"
"Projekts ""Forburga Nams"" ir dzīvoklis prestižā, aristokrātiskā r",https://www.ss.com/msg/en/real-estate/flats/riga/centre/afoln.html,Centre Ausekla 11,6,180,6/6,Recon.,"160,000  €"
Saimnieks pārdod pilnībā renovētu 2 istabu dzīvokli ar skatu uz,https://www.ss.com/msg/en/real-estate/flats/riga/ilguciems/edeji.html,Ilguciems Skujenes 11,2,48,2/5,Chrusch.,"62,900 €"
"Dzīvo, sporto, relaksējies pirtī neizejot no mājas, Tobago proje",https://www.ss.com/msg/en/real-estate/flats/riga/zolitude/bpkxx.html,Zolitude Liedes 2,4,123,4/4,New,"238,000  €"
Lieliska iespēja iegādāties plašu un elegantu dzīvokli pašā Rīga,https://www.ss.com/msg/en/real-estate/flats/riga/centre/bexxic.html,Centre Terbatas 20,4,110,2/6,Pre-war house,"255,000  €"
"Pārdodam trīsistabu dzīvoki, sagatavotu iekšājai apdare. Ir jau",https://www.ss.com/msg/en/real-estate/flats/riga/purvciems/gofpf.html,Purvciems Nicgales 46,3,62,6/9,602-th,"63,500  €"
Attīstītājs “River Properties” pārdod 3 istabu dzīvokli jaunajā,https://www.ss.com/msg/en/real-estate/flats/riga/centre/cpgdl.html,Centre Skolas 17,3,62,2/7,New,"216,335  €"
"Tiek piedāvāts gaišs, saulains, mūsdienīgs un mājīgs divu istabu",https://www.ss.com/msg/en/real-estate/flats/riga/centre/bfckpd.html,Centre Rupniecibas 21,2,74,2/7,Spec. pr.,"250,000  €"
"Tiek piedāvāts gaišs, saulains, mūsdienīgs un mājīgs trīs istabu",https://www.ss.com/msg/en/real-estate/flats/riga/centre/djclh.html,Centre Rupniecibas 21,3,94,2/7,New,"295,000  €"
Vajag plašu dzīvesvietu ar vairākām guļamistabām un domājat par,https://www.ss.com/msg/en/real-estate/flats/riga/darzciems/dhihc.html,Darzciems Rumbulas 16,5,128,5/5,Spec. pr.,"169,500  €"
"Pārdod modernu un plašu 2 istabu dzīvokli, zaļā Torņakalna rajon",https://www.ss.com/msg/en/real-estate/flats/riga/tornjakalns/ekhhb.html,Tornjakalns Koku 1 k-1,2,69,2/3,New,"131,000  €"
Piedāvājumā no attīstītāja 2-istabu dzīvoklis Nr. 55C septītajā,https://www.ss.com/msg/en/real-estate/flats/riga/centre/adcmx.html,Centre Pulkv. Briezha 15,3,42,7/7,Recon.,"117,600  €"
Pārdodam lielisku studijas dzivokli Rīgas centrā pilnībā renovēt,https://www.ss.com/msg/en/real-estate/flats/riga/centre/aecnm.html,Centre Merkela 7,1,24,2/5,Recon.,"89,900  €"
Plašs un gaišs 3-istabu dzīvoklis Teikā ar terasi - Monrepo namā,https://www.ss.com/msg/en/real-estate/flats/riga/teika/eflbl.html,Teika Caunes 3,3,80,1/3,New,"210,000 €"
"3- istabu dzīvoklis ar privātmājas sajūtu. 

Dzīvoklis ar savu",https://www.ss.com/msg/en/real-estate/flats/riga/katlakalns/fpiex.html,Katlakalns Ziepniekkalna 2,3,97,1/3,New,"169,800 €"
Продается просторная 1-комнатная квартира с удобной планировкой,https://www.ss.com/msg/en/real-estate/flats/riga/breksi/ccpijg.html,Breksi Bikernieku 220,1,35,4/5,103-th,"29,000 €"
"Labiekārtots un mājīgs dzīvoklis, kas neprasa papildus ieguldīju",https://www.ss.com/msg/en/real-estate/flats/riga/plyavnieki/hbgig.html,Plyavnieki Kaudzisu 48,2,51,3/9,602-th,"65,500  €"
"Pārdod mājīgu un mēbelētu 2 istabu dzīvokli renovētā Mājā. 
Dzī",https://www.ss.com/msg/en/real-estate/flats/riga/sarkandaugava/belcef.html,Sarkandaugava Ganibu d. 31b,2,40,4/5,Recon.,"60,900  €"
"Pārdod mājīgu un mēbelētu 2 istabu Dzīvokli. 
Ēka celta 1994. g",https://www.ss.com/msg/en/real-estate/flats/riga/sarkandaugava/hggck.html,Sarkandaugava Aptiekas 17B,2,22,2/2,Recon.,"42,700  €"
"Dzīvoklis ar visekskluzīvāko remontu Ziepniekkalnā. 

Plānojum",https://www.ss.com/msg/en/real-estate/flats/riga/ziepniekkalns/dbifi.html,Ziepniekkalns Valdeku 68 k-2,4,80,4/9,602-th,"134,999  €"
Attīstītājs piedāvā dzīvokļu īpašumos sadalītus pelnošus investī,https://www.ss.com/msg/en/real-estate/flats/riga/vecriga/ecjpd.html,Vecriga Pasta 6,1,19,3/6,Pre-war house,"81,175  €"
Attīstītājs piedāvā dzīvokļu īpašumos sadalītus pelnošus investī,https://www.ss.com/msg/en/real-estate/flats/riga/vecriga/ajfic.html,Vecriga Pasta 6,1,23,2/6,Pre-war house,"91,125  €"
Pārdodu dzīvokli izcilā vietā. Nav nolaists bet remonts būs vaja,https://www.ss.com/msg/en/real-estate/flats/riga/teika/bbjfok.html,Teika Burtnieku 21,1,38,2/2,Pre-war house,"50,000  €"
Attīstītājs piedāvā dzīvokļu īpašumos sadalītus pelnošus investī,https://www.ss.com/msg/en/real-estate/flats/riga/vecriga/ogdkn.html,Vecriga Pasta 6,1,20,2/6,Pre-war house,"76,230  €"
Attīstītājs piedāvā dzīvokļu īpašumos sadalītus pelnošus investī,https://www.ss.com/msg/en/real-estate/flats/riga/vecriga/bchpdo.html,Vecriga Pasta 6,1,18,2/6,Pre-war house,"72,900  €"
"Īpašnieks pārdod 2 istabu dzīvokli Sarkandaugavā. 

Dzīvoklis",https://www.ss.com/msg/en/real-estate/flats/riga/sarkandaugava/ammem.html,Sarkandaugava Duntes 31,2,44,2/5,Pre-war house,"37,000  €"
Attīstītājs piedāvā dzīvokļu īpašumos sadalītus pelnošus investī,https://www.ss.com/msg/en/real-estate/flats/riga/vecriga/bxkjk.html,Vecriga Pasta 6,1,18,3/6,Pre-war house,"76,500  €"
Attīstītājs piedāvā dzīvokļu īpašumos sadalītus pelnošus investī,https://www.ss.com/msg/en/real-estate/flats/riga/vecriga/bcopkn.html,Vecriga Pasta 6,2,41,3/6,Pre-war house,"133,980  €"
Attīstītājs piedāvā dzīvokļu īpašumos sadalītus pelnošus investī,https://www.ss.com/msg/en/real-estate/flats/riga/vecriga/nlxkh.html,Vecriga Pasta 6,1,21,3/6,Pre-war house,"81,620  €"
"Foršs variants sev vai izīrēšanai. 

Izdevīga lokācija, nav pi",https://www.ss.com/msg/en/real-estate/flats/riga/kengarags/bicenc.html,Kengarags Prushu 26,1,21,2/3,Recon.,"45,000  €"
"Atīstītājs pārdod 4 istabu dzīvokli renovētā projektā ""Šefela na",https://www.ss.com/msg/en/real-estate/flats/riga/centre/dkmce.html,Centre Baznicas 5,4,94,2/4,Recon.,"254,610  €"
"Atīstītājs pārdod 4 istabu dzīvokli renovētā projektā ""Šefela na",https://www.ss.com/msg/en/real-estate/flats/riga/centre/fhiom.html,Centre Baznicas 5,4,97,1/4,Recon.,"237,160  €"
Īpašnieks pārdod plašu divu līmeņu 5 istabu dzīvokli ar lielu te,https://www.ss.com/msg/en/real-estate/flats/riga/yugla/ggokl.html,Yugla Juglas 21A,5,159,1/2,New,"385,000 €"
Pārdošanā izsmalcināts dizaina dzīvoklis prestižajā Forburgas kv,https://www.ss.com/msg/en/real-estate/flats/riga/centre/beidbl.html,Centre Eksporta 4,6,205,2/6,Recon.,"690,000  €"
Tiek pārdots skaists un mājīgs 4-istabu dzīvoklis vēsturiskā ēkā,https://www.ss.com/msg/en/real-estate/flats/riga/centre/ejmgc.html,Centre Stabu 53,4,92,4/5,Pre-war house,"185,000  €"
"Pārdod plašu un gaišu 3 istabu dzīvokli, kas atrodas ērtā un lie",https://www.ss.com/msg/en/real-estate/flats/riga/plyavnieki/onjbm.html,Plyavnieki Tinuzhu 4,3,63,1/9,602-th,"83,000  €"
Tiek pārdots plašs remontējams 4 istabu dzīvoklis ar lielisku au,https://www.ss.com/msg/en/real-estate/flats/riga/imanta/aojmn.html,Imanta Dammes 29,4,75,7/9,602-th,"73,000  €"
"Pārdošanā dzīvoklis pēc kapitālā remonta. 
Nomainīti logi, kuri",https://www.ss.com/msg/en/real-estate/flats/riga/plyavnieki/hheee.html,Plyavnieki Dzenu 14,1,42,3/9,Sm.fam.,"60,000  €"
"Pārdošanā dzīvoklis pēc kapitālā remonta. 
Nomainīti logi, kuri",https://www.ss.com/msg/en/real-estate/flats/riga/mezhciems/exdpb.html,Mezhciems Hipokrata 23,1,35,8/9,602-th,"57,000  €"
"Без посредников. Продаётся квартира. 119-я серия. Rīgā, Zolitūde",https://www.ss.com/msg/en/real-estate/flats/riga/zolitude/ahfbp.html,Zolitude Gramzdas 17,1,46,7/9,119-th,"60,000  €"
"Divistabu dzīvoklis kvalitatīvā pirmskara mūra ēkā, Hertela namā",https://www.ss.com/msg/en/real-estate/flats/riga/centre/bfdnbg.html,Centre Brivibas 138,2,62,2/6,Pre-war house,"75,720  €"
Pārdod kompakti un pārdomāti pārplānotu 2 istabu dzīvokli Mangaļ,https://www.ss.com/msg/en/real-estate/flats/riga/mangali/ibebc.html,Mangali Mores 3,2,31,1/5,Chrusch.,"31,500  €"
"Pārdošanā saulains, gaišs 3-istabu dzīvoklis Vecmīlgrāvī. 

Ad",https://www.ss.com/msg/en/real-estate/flats/riga/vecmilgravis/lncpb.html,Vecmilgravis Kavu 5,3,60,1/2,Stalin project,"55,000  €"
"Attīstītājs tirgo 1-istabu dzīvokli (bez mēbelēm), kas atrodas p",https://www.ss.com/msg/en/real-estate/flats/riga/centre/egknf.html,Centre Alauksta 7,1,37,1/2,Recon.,"95,000  €"
"Attīstītājs tirgo 1-istabas dzīvokli renovētā projektā. 
Iespēj",https://www.ss.com/msg/en/real-estate/flats/riga/centre/bgckd.html,Centre Bruninieku 93c,1,30,1/2,Recon.,"85,000  €"
"Attīstītājs tirgo 2-istabu dzīvokli, kas atrodas pagalma mājā re",https://www.ss.com/msg/en/real-estate/flats/riga/centre/bekikj.html,Centre Alauksta 7a,2,36,2/2,Recon.,"125,000  €"
Attīstītājs piedāvā dzīvokļu īpašumos sadalītus pelnošus investī,https://www.ss.com/msg/en/real-estate/flats/riga/vecriga/bcnbic.html,Vecriga Pasta 6,1,18,4/6,Pre-war house,"70,840  €"
"Pārdodam 2 istabas dzīvokli, 2 stāvā, ar malkas apkuri. 
Izolēt",https://www.ss.com/msg/en/real-estate/flats/riga/daugavgriva/ajcdc.html,Daugavgriva Parades 1B,2,49,2/2,Spec. pr.,"26,500  €"
Izsmalcināts 3 – istabu mansarda dzīvoklis ar fantastisku skatu,https://www.ss.com/msg/en/real-estate/flats/riga/centre/bdnbp.html,Centre Terbatas 97,3,118,6/6,Pre-war house,"199,950  €"
"Zeme īpašuma, nav kopīpašums. Tiek pārdots plašs dzīvoklis vēstu",https://www.ss.com/msg/en/real-estate/flats/riga/agenskalns/beipio.html,Agenskalns Kalnciema 7,2,50,3/3,Pre-war house,"51,500  €"
Piedāvājumā jaunizveidots dzīvoklis kvalitatīvā pirmskara mūra ē,https://www.ss.com/msg/en/real-estate/flats/riga/centre/dihkd.html,Centre Brivibas 138,3,52,5/6,Pre-war house,"101,010  €"
"2-istabu dzīvoklis Imantā, atbrīvots, bez apgrūtinājumiem un par",https://www.ss.com/msg/en/real-estate/flats/riga/imanta/hdnhp.html,Imanta Kurzemes pr. 16,2,53,4/5,Spec. pr.,"60,000 €"
Attīstītājs piedāvā dzīvokļu īpašumos sadalītus pelnošus investī,https://www.ss.com/msg/en/real-estate/flats/riga/vecriga/bfbjpf.html,Vecriga Pasta 6,1,15,1/6,Pre-war house,"59,130  €"
Pārdodu atbrīvotu 1-istabas dzīvokli bez remonta. Ēkai nav savas,https://www.ss.com/msg/en/real-estate/flats/riga/bolderaya/aomib.html,Bolderaya Admiralu 22,1,39,2/5,Sm.fam.,"28,998  €"
"Dzīvoklis parkā, Pārdaugavā, maz zināmā, bet patiesi unikālā vie",https://www.ss.com/msg/en/real-estate/flats/riga/ziepniekkalns/cpnxm.html,Ziepniekkalns Vienibas g. 87i,4,125,1/4,New,"215,000  €"
"Rīgas centrā tiek 2 istabu dzīvoklis

Iespēja iegādāties tikko",https://www.ss.com/msg/en/real-estate/flats/riga/centre/bcjnkf.html,Centre Brivibas 68,2,55,5/6,Recon.,"196,560  €"
Attīstītājs un īpašnieks – kompāniju grupa “R. Evolution” – pārd,https://www.ss.com/msg/en/real-estate/flats/riga/centre/fdkhj.html,Centre Strelnieku 5,4,123,1/7,New,"649,000  €"
"Piedāvājumā 3 istabu dzīvoklis Rīgā, vienā no zaļākajiem rajonie",https://www.ss.com/msg/en/real-estate/flats/riga/vecmilgravis/bxmcng.html,Vecmilgravis Stiebru 2,3,68,1/5,Lit pr.,"47,000  €"
Piedāvājam modernu 2 istabu dzīvokli daudzdzīvokļu ēku Rīgas cen,https://www.ss.com/msg/en/real-estate/flats/riga/centre/bhjmp.html,Centre Akas 4,2,61,2/7,New,"215,000  €"
"Pagalma mājā saulains, kluss dzīvoklis. Dzīvojamā istaba apvieno",https://www.ss.com/msg/en/real-estate/flats/riga/centre/becnxk.html,Centre Barona 124,2,43,2/3,Pre-war house,"105,000  €"
Mansardtipa 3 istabu dzīvoklis ar terasi. Divu līmeņu dzīvoklis.,https://www.ss.com/msg/en/real-estate/flats/riga/centre/bejxpd.html,Centre Artilerijas 7,3,110,5/6,Pre-war house,"165,000  €"
Pārdodu 2 istabu dzīvokli ar lodžiju un balkonu. Dzīvoklis atrod,https://www.ss.com/msg/en/real-estate/flats/riga/purvciems/bbodb.html,Purvciems Puces 43,2,78,2/8,New,"136,000  €"
Pārdodu dzīvokli Sarkandaugavas centrā. Ēka ir reģiona nozīmes J,https://www.ss.com/msg/en/real-estate/flats/riga/sarkandaugava/dblbe.html,Sarkandaugava Tilta 5,2,57,2/4,Pre-war house,"95,000  €"
Pārdošanā praktisks 3-istabu dzīvoklis ar zemiem komunālajiem ma,https://www.ss.com/msg/en/real-estate/flats/riga/purvciems/fjgke.html,Purvciems Virshu 3,3,76,4/9,119-th,"80,900  €"
"Labā, kvalitatīvā ķieģeļu mājā Ēriķu ielā 43 tiek pārdots plašs",https://www.ss.com/msg/en/real-estate/flats/riga/teika/dkfim.html,Teika Ieriku 43,3,80,2/5,Spec. pr.,"110,000  €"
"Exclusive gorgeous spacious facade apartment in the Vecriga. 
E",https://www.ss.com/msg/en/real-estate/flats/riga/vecriga/cionn.html,Vecriga Aspazijas boul. 30,3,102,2/5,Pre-war house,"450,000  €"
"Pārdodas mūsdienīgs, saulains un pilnīgi jauns 2 istabu dzīvokli",https://www.ss.com/msg/en/real-estate/flats/riga/ziepniekkalns/hfecl.html,Ziepniekkalns Tumes 27,2,38,1/6,New,"106,900  €"
"Pārdod ekskluzīvs dzīvoklis jaunajā prestižajā projektā. 
Dzīvo",https://www.ss.com/msg/en/real-estate/flats/riga/centre/boddx.html,Centre Strelnieku 7,3,86,5/7,New,"365,000  €"
"Plašs 1-istabu dzīvoklis 15 min no Rīgas centrā. Zvaniet, meili",https://www.ss.com/msg/en/real-estate/flats/riga/tornjakalns/adhkk.html,Tornjakalns Gimnastikas 19,1,21,2/2,Pre-war house,"11,780  €"
"Ekskluzīvs dizainera veidots 3-istabu dzīvoklis Vecrīgā. 

Arh",https://www.ss.com/msg/en/real-estate/flats/riga/vecriga/afbbb.html,Vecriga Marstalu 16,3,106,3/5,Recon.,"339,000  €"
Īpašnieks pārdod gaišu un mājīgu dzīvokli pašā Āgenskalna centrā,https://www.ss.com/msg/en/real-estate/flats/riga/agenskalns/blffjo.html,Agenskalns M. Nometnu 19,2,45,2/2,Pre-war house,"55,000  €"
Pārdod gaišu un plašu 3-istabu dzīvokli ar platību 70 m² vēsturi,https://www.ss.com/msg/en/real-estate/flats/riga/centre/cpbne.html,Centre Dzirnavu 132,3,70,5/6,Pre-war house,"139,000  €"
Īpašniece pārdod gaišu un plašu 3 istabu dzīvokli ar lodžiju zaļ,https://www.ss.com/msg/en/real-estate/flats/riga/ilguciems/hnlxx.html,Ilguciems Stures 9,3,67,4/5,Lit pr.,"80,000  €"
Tiek pārdots gaišs un mājīgs dzīvoklis ar patīkamu skatu Ziepnie,https://www.ss.com/msg/en/real-estate/flats/riga/ziepniekkalns/beklo.html,Ziepniekkalns Ozolciema 16 k-6,4,94,4/11,119-th,"94,500  €"
Pārdošanā vienistabas dzīvoklis projektā - Čiekurkalna Lofti.,https://www.ss.com/msg/en/real-estate/flats/riga/chiekurkalns/hijol.html,Chiekurkalns Chiekurkalna 7. cr. l.,1,19,3/4,New,"50,000  €"
"Pārdodu mājīgu 1 istabas dzīvokli klusā, zaļā un sakoptā apkaimē",https://www.ss.com/msg/en/real-estate/flats/riga/bolderaya/dkbld.html,Bolderaya Gobas 16,1,33,4/5,103-th,"35,000  €"
"Mājas pirmais un otrais stāvs, atsevišķas ieejas. Faktiski atsev",https://www.ss.com/msg/en/real-estate/flats/riga/centre/bekmmp.html,Centre Latgales 108,Other,1000,1/3,Spec. pr.,"164,800  €"
Pārdošanā tiek piedāvāts likvīds investīciju objekts prestižajā,https://www.ss.com/msg/en/real-estate/flats/riga/agenskalns/bfllp.html,Agenskalns Uzvaras boul. 6,Other,210,1/2,Pre-war house,"225,800  €"
Tiek pārdots komerctelpu komplekss kapitālā ķieģeļu ēkā. Īpašums,https://www.ss.com/msg/en/real-estate/flats/riga/centre/cxndf.html,Centre Latgales 108,Other,1000,1/2,Spec. pr.,"164,800  €"
"Dzīvoklis 68 m², tajā skaitā plaša lodžija - 7, 1 m². 3 izolētas",https://www.ss.com/msg/en/real-estate/flats/riga/mezhciems/bexmdo.html,Mezhciems Malienas 3,3,68,5/5,103-th,"85,000  €"
"Продаётся 2-комнатная квартира, 103 серия, Рига, Саркандаугава.",https://www.ss.com/msg/en/real-estate/flats/riga/sarkandaugava/akome.html,Sarkandaugava Azhu 5,2,52,5/5,103-th,"55,000 €"
"Ekskluzīvs dizainera veidots 3-istabu dzīvoklis. 

Arhitekta P",https://www.ss.com/msg/en/real-estate/flats/riga/centre/bcbchf.html,Centre Marstalu 16,3,106,3/5,Recon.,"339,000  €"
Pārdošanā tiek piedāvāts elegants un mūsdienīgs 3 istabu dzīvokl,https://www.ss.com/msg/en/real-estate/flats/riga/centre/bcilcd.html,Centre Pulkv. Briezha 35,3,124,5/7,New,"352,000  €"
"Sakarā ar pārvākšanos, pārdodam dzīvokli Zeltiņu ielā 11, 5 stāv",https://www.ss.com/msg/en/real-estate/flats/riga/darzciems/deieh.html,Darzciems Zeltinu 11,2,53,5/5,103-th,"57,000  €"
"Silts, saulains dzīvoklis
 logi uz abām mājas pusēm
 augsti gr",https://www.ss.com/msg/en/real-estate/flats/riga/teika/ahxih.html,Teika Brivibas g. 326,2,65,5/5,Stalin project,"123,000  €"
"Mājīgs un saulaina dzīvoklis 8. stāvā, sakoptā mājā ar slēgtu te",https://www.ss.com/msg/en/real-estate/flats/riga/plyavnieki/cjbkl.html,Plyavnieki Salnas 21,2,47,8/9,New,"96,500  €"
"Pārdod mājīgu 2 istabu dzīvokli Čiekurkalnā. 

Ienākot dzīvokl",https://www.ss.com/msg/en/real-estate/flats/riga/chiekurkalns/fecne.html,Chiekurkalns Chiekurkalna 1. l. 41A,2,45,2/2,Pre-war house,"72,500  €"
Pārdod gaišu un mājīgu dzīvokli Slokas ielā 217 Platība: 38.28 m,https://www.ss.com/msg/en/real-estate/flats/riga/imanta/aibdc.html,Imanta Slokas 217,2,38,5/5,Lit pr.,"41,000  €"
Lieliska iespējai iegādāties jaunu dzivokli Premiu klases ēkā “P,https://www.ss.com/msg/en/real-estate/flats/riga/centre/afnjf.html,Centre Marijas 4,1,22,5/5,Recon.,"86,000  €"
"Ekskluzīvs un kvalitatīvs remonts, augstas klases sadzīves tehni",https://www.ss.com/msg/en/real-estate/flats/riga/centre/bcifno.html,Centre Sermulinu 14,3,55,4/4,New,"180,000  €"
"Ja meklējat īpašumu ar plašām iespējām to pielāgot savām vēlmēm,",https://www.ss.com/msg/en/real-estate/flats/riga/centre/aekix.html,Centre Briana 17,4,87,1/2,Pre-war house,"69,000  €"
"Pārdodam mūsu ģimenes dzīvokli Rīgas centrā, Ģertrūdes ielā 103.",https://www.ss.com/msg/en/real-estate/flats/riga/centre/bedpni.html,Centre Gertrudes 103,4,118,3/5,Pre-war house,"274,500  €"
"Dzīvoklis ar privātmājas sajūtu – ideāla izvēle tiem, kas vēlas",https://www.ss.com/msg/en/real-estate/flats/riga/agenskalns/bfxopc.html,Agenskalns M. Kuldigas 1,2,47,1/1,Priv.house,"40,000  €"
"Pārdod labiekārtotu un mājīgu dzīvokli, kas neprasa papildus Ieg",https://www.ss.com/msg/en/real-estate/flats/riga/plyavnieki/ixone.html,Plyavnieki Plavnieku 6,3,63,8/9,602-th,"79,900  €"
Pārdošanā pieejams gaišs un plašs 4 istabu dzīvoklis ar pārdomāt,https://www.ss.com/msg/en/real-estate/flats/riga/ziepniekkalns/codob.html,Ziepniekkalns Zalenieku 18,4,125,1/6,New,"216,500  €"
"Pārdod plašu 3 istabu dzīvokli 73, 4 m² platībā dzīvojamā projek",https://www.ss.com/msg/en/real-estate/flats/riga/mezhciems/begxkm.html,Mezhciems Veca Bikernieku 33,3,112,1/4,New,"182,000  €"
Pārdošanā nonācis saulains trīsistabu dzīvoklis ar lodžiju Centr,https://www.ss.com/msg/en/real-estate/flats/riga/centre/bdpgdd.html,Centre Zirnu 5 K1,3,62,6/9,467-th,"79,800  €"
"Pārdod gaišu dzīvokli bez apdares Rīgas vēsturiskajā centrā, Kli",https://www.ss.com/msg/en/real-estate/flats/riga/centre/afoop.html,Centre Klijanu 22,3,57,8/8,Recon.,"50,290  €"
"Vieta, kur gribas izbaudīt katru detaļu. 
Ja esat morāli noguru",https://www.ss.com/msg/en/real-estate/flats/riga/imanta/bcbmdi.html,Imanta Progresa 2A,2,49,4/12,104-th,"118,500  €"
"Moderns dzīvoklis jaunā, renovētā projektā ar zemiem komunālajie",https://www.ss.com/msg/en/real-estate/flats/riga/shampeteris-pleskodale/bjgbxn.html,Shampeteris-Pleskodale Lielirbes 9A,3,47,3/4,Recon.,"119,000  €"
Ekskluzīvs dzīvoklis ar skatu pār Kronvalda parka koku galotnēm,https://www.ss.com/msg/en/real-estate/flats/riga/centre/fegjd.html,Centre Kalpaka boul. 7,4,107,4/5,Recon.,"542,000  €"
Plaša un privāta terase Rīgas Klusajā centrā - Kalpaka Rezidencē,https://www.ss.com/msg/en/real-estate/flats/riga/centre/afock.html,Centre Kalpaka boul. 7,3,155,5/5,Recon.,"595,000  €"
"Īpašnieks pārdod elegantu, premium klases dzīvoklis Rīgas centrā",https://www.ss.com/msg/en/real-estate/flats/riga/centre/bxcgf.html,Centre Valdemara 37a,4,145,5/6,Pre-war house,"495,000  €"
Divu istabu dzīvoklis ar stāvvietu un noliktavu slēgtā dzīvojamā,https://www.ss.com/msg/en/real-estate/flats/riga/shampeteris-pleskodale/ahbdf.html,Shampeteris-Pleskodale Zalves 35,2,73,1/4,New,"140,000  €"
"Attīstītājs piedāvā dzīvokli projektā ""Katrīnas pagalms""

Dzīv",https://www.ss.com/msg/en/real-estate/flats/riga/centre/dbolg.html,Centre Katrinas d. 6,3,56,2/3,Recon.,"122,540  €"
Pārdod ērti iekārtotu dzīvokli ar stāvvietu Rīgas centrā ar visu,https://www.ss.com/msg/en/real-estate/flats/riga/centre/chbdp.html,Centre Brivibas 181,2,41,1/5,Czech pr.,"70,000  €"
Piedāvājumā no attīstītāja kompakts dzīvoklis Nr. 15 prestižajā,https://www.ss.com/msg/en/real-estate/flats/riga/centre/abmic.html,Centre Pulkv. Briezha 15,2,33,2/7,Recon.,"108,900  €"
Attīstītājs piedāvā iegādāties trīs istabu dzīvokli Nr. 16 proje,https://www.ss.com/msg/en/real-estate/flats/riga/centre/hboxm.html,Centre Skolas 17,3,61,2/7,New,"211,658  €"
Piedāvājumā no attīstītāja 3-istabu dzīvoklis Nr. 55B prestižajā,https://www.ss.com/msg/en/real-estate/flats/riga/centre/dmhfn.html,Centre Pulkv. Briezha 15,3,92,7/7,Recon.,"288,440  €"
Pārdod skaistu 3-istabu dizaina dzīvokli Mežciemā. Dzīvoklī ir v,https://www.ss.com/msg/en/real-estate/flats/riga/mezhciems/ammkn.html,Mezhciems Eizenshteina 79,3,53,9/9,602-th,"63,900 €"
"Plašs, elegants, kvalitatīvi remontēts dzīvoklis ar 2 guļamistab",https://www.ss.com/msg/en/real-estate/flats/riga/centre/abgli.html,Centre Chaka 49,3,104,6/6,Pre-war house,"250,000  €"
Ekskluzīvs divlīmeņu dzīvoklis īsta pērle pašā Vecrīgas sirdī. T,https://www.ss.com/msg/en/real-estate/flats/riga/centre/allle.html,Centre Audeju 10,4,126,6/7,Pre-war house,"267,000  €"
Īpašnieks pārdod gaišu un mājīgu 1 istabas dzīvokli vienā no pie,https://www.ss.com/msg/en/real-estate/flats/riga/agenskalns/bimmen.html,Agenskalns Agenskalna 22c,1,31,1/5,Chrusch.,"50,000  €"
Svaigs dzīvoklis pārdošanā. Pēc kapitālā remonta. Starpniekus un,https://www.ss.com/msg/en/real-estate/flats/riga/teika/aakhi.html,Teika Brivibas g. 234,2,48,1/5,Stalin project,"59,000  €"
Pārdodam plašu un gaišu 2-istabu dzīvokli prestižajā dzīvojamā k,https://www.ss.com/msg/en/real-estate/flats/riga/imanta/epggl.html,Imanta Anninmuizhas boulevard,2,47,19/24,New,"115,000  €"
Tie pārdots tikko izremontēts divistabu dzīvoklis- jauni kanaliz,https://www.ss.com/msg/en/real-estate/flats/riga/ziepniekkalns/cimni.html,Ziepniekkalns Kekavas 11,2,39,2/3,Chrusch.,"64,000 €"
Pārdod mājīgu un kvalitatīvi iekārtotu 602. sērijas dzīvokli Ima,https://www.ss.com/msg/en/real-estate/flats/riga/imanta/hbhhc.html,Imanta Kurzemes pr. 126,4,79,9/9,602-th,"115,000  €"
Pārdod divu līmeņu loft tipa dzīvokli projektā “Kalnciema kvartā,https://www.ss.com/msg/en/real-estate/flats/riga/agenskalns/bkfmmp.html,Agenskalns Valentina 16,3,64,2/3,New,"177,500  €"
Pārdod gaišu un mājīgu 1 istabas dzīvokli pēc kapitālā remonta p,https://www.ss.com/msg/en/real-estate/flats/riga/plyavnieki/gncjg.html,Plyavnieki Tinuzhu 14,1,32,1/9,602-th,"61,500  €"
Pārdošanā gaišs un silts trīsistabu dzīvoklis ar balkonu un zemi,https://www.ss.com/msg/en/real-estate/flats/riga/kengarags/egeco.html,Kengarags Rasas 2,3,60,3/5,Lit pr.,"61,000  €"
Pārdošanā jauns divistabu dzīvoklis projektā - Čiekurkalna Lofti,https://www.ss.com/msg/en/real-estate/flats/riga/chiekurkalns/bjplpc.html,Chiekurkalns Chiekurkalna 7. cr. l.,2,28,3/4,New,"72,000  €"
"Pārdošanā mājīgs, gaišs un mēbelēts dzīvoklis ar visu nepiecieša",https://www.ss.com/msg/en/real-estate/flats/riga/teika/dnijl.html,Teika Vijciema 8,2,31,2/4,New,"84,455  €"
"Pārdošanā mājīgs, gaišs un mēbelēts dzīvoklis ar visu nepiecieša",https://www.ss.com/msg/en/real-estate/flats/riga/mezhapark/dgexo.html,Mezhapark Gaujas 63,2,31,2/4,New,"84,455  €"
2 istabu dzīvoklis pilnībā restaurētā un siltinātā vēsturiskā ēk,https://www.ss.com/msg/en/real-estate/flats/riga/centre/bexxkp.html,Centre Latgales 137,2,39,1/2,Recon.,"63,000  €"
"Starpniekus lūdzu netraucēt- ne ar klientiem, ne bez tiem. 
Pār",https://www.ss.com/msg/en/real-estate/flats/riga/centre/gelep.html,Centre Dzirnavu 149,3,100,4/4,Stalin project,"155,000 €"
"3 istabu dzīvoklis pārdošanā Sarkandaugavā, Priežu ielā 9 – netā",https://www.ss.com/msg/en/real-estate/flats/riga/sarkandaugava/gggkk.html,Sarkandaugava Priezhu 9,3,50,1/2,Pre-war house,"40,000  €"
Saulains 3 istabu dzīvoklis 602. sērijā ar lielisku skatu un vie,https://www.ss.com/msg/en/real-estate/flats/riga/imanta/bdchf.html,Imanta M. Krūmu 18,3,64,9/9,602-th,"70,000  €"
"Dzīvoklim nepieciešams pilns remonts, tādēļ tas būs piemērots pi",https://www.ss.com/msg/en/real-estate/flats/riga/kengarags/bebmpo.html,Kengarags Latgales 279 k1,2,45,5/5,Lit pr.,"38,000  €"
"Īpašnieks pārdod mājīgu un ekonomisku dzīvokli Čiekurkalnā, Čiek",https://www.ss.com/msg/en/real-estate/flats/riga/chiekurkalns/hikbl.html,Chiekurkalns Chiekurkalna 5. cr. l.,1,30,2/2,Pre-war house,"27,900  €"
"Pārdod siltu, gaišu divistabu dzīvokli. Istabas caurstaigājamas,",https://www.ss.com/msg/en/real-estate/flats/riga/yugla/gjedn.html,Yugla Kveles 39,2,49,5/5,Lit pr.,"48,000  €"
"Īpašnieks pārdod 3 istabu dzīvokli 2 stāvu ķieģeļu mājā, 2 stāvā",https://www.ss.com/msg/en/real-estate/flats/riga/agenskalns/hhmjg.html,Agenskalns Tukuma 1,3,55,2/2,Pre-war house,"75,000  €"
Pārdodu 2 istabu dzīvokli ar privātu ieeju Nautrēnu ielā 20. Dzī,https://www.ss.com/msg/en/real-estate/flats/riga/yugla/amipe.html,Yugla Juglas 20,2,65,2/2,Pre-war house,"72,000  €"
Pārdodu dzīvokli pēc kosmētiskā remonta. Jautājumu gadījumā zvan,https://www.ss.com/msg/en/real-estate/flats/riga/imanta/aokoi.html,Imanta Zentenes 49,1,30,5/5,103-th,"50,000  €"
Tiek pārdots 3-istabu dzīvoklis Ķengaragā Salaspils iela 6 k. 1.,https://www.ss.com/msg/en/real-estate/flats/riga/kengarags/adoge.html,Kengarags Salaspils 6/1,3,60,3/5,Lit pr.,"56,800 €"
Saulains divistabu dzīvoklis ar plašu terasi un savu dārza terit,https://www.ss.com/msg/en/real-estate/flats/riga/mezhciems/acfjm.html,Mezhciems Bikernieku 250,2,55,2/2,New,"109,000  €"
Tiek pārdots 2-istabu dzīvoklis Imantā Kleistu iela 6. Dzīvoklis,https://www.ss.com/msg/en/real-estate/flats/riga/imanta/gdhgc.html,Imanta Kleistu 6,2,49,4/5,Lit pr.,"67,800 €"
Pārdod dzīvoklis Ģertrūdes ielas aplī vēsturiskā renovētā ēkā,https://www.ss.com/msg/en/real-estate/flats/riga/centre/hfekm.html,Centre Gertrudes 9,4,153,2/7,Pre-war house,"533,400  €"
Īpašnieks pārdod gaišu un mājīgu 1 istabas dzīvokli Āgenskalna c,https://www.ss.com/msg/en/real-estate/flats/riga/agenskalns/bkipld.html,Agenskalns Marupes 8,1,31,2/5,Pre-war house,"55,000  €"
Nekustamo īpašumu attīstītājs SIA Kbo pārdod funkcionālu 3 istab,https://www.ss.com/msg/en/real-estate/flats/riga/imanta/bdponf.html,Imanta Akaciju 2F,3,76,3/9,New,"211,550  €"
Nekustamo īpašumu attīstītājs SIA Kbo piedāvā iegādāties 4-istab,https://www.ss.com/msg/en/real-estate/flats/riga/imanta/bedncn.html,Imanta Akaciju 2F,4,78,2/9,New,"219,358  €"
Pēdējais Vienas guļamistabas dzīvoklis /M izmērs/ jaunajā projek,https://www.ss.com/msg/en/real-estate/flats/riga/imanta/dndff.html,Imanta Akaciju 2F,2,51,7/9,New,"137,980  €"
Plašs divlīmeņu dzīvoklis ar pirti un autostāvvietu Āgenskalnā,https://www.ss.com/msg/en/real-estate/flats/riga/agenskalns/bepphc.html,Agenskalns M. Nometnu 1,4,154,8/9,Spec. pr.,"295,000  €"
Attīstītājs “Yit Latvija” piedāvā iegādāties jaunu 3 istabu dzīv,https://www.ss.com/msg/en/real-estate/flats/riga/agenskalns/bkjmoe.html,Agenskalns Zemaishu 7,3,70,4/6,New,"189,800 €"
Attīstītājs “Yit Latvija” piedāvā iegādāties jaunu 4 istabu dzīv,https://www.ss.com/msg/en/real-estate/flats/riga/agenskalns/cexfh.html,Agenskalns Zemaishu 7,4,92,4/6,New,"252,900 €"
"Piedāvājumā plašs, gaišs un funkcionāli plānots 3-istabu dzīvokl",https://www.ss.com/msg/en/real-estate/flats/riga/centre/bbhil.html,Centre Republikas pl. 3,3,100,6/9,New,"195,000  €"
"Piedāvājumā pilnībā mēbelēts un aprīkots dzīvoklis Pasta ielā 6,",https://www.ss.com/msg/en/real-estate/flats/riga/vecriga/nbfdi.html,Vecriga Pasta 6,1,28,3/6,Pre-war house,"120,700  €"
Tiek pārdots praktiski jauns un pilnībā mēbelēts 4-istabu dzīvok,https://www.ss.com/msg/en/real-estate/flats/riga/centre/bcfmb.html,Centre Melngaila 2,4,153,3/7,New,"829,000  €"
Piedāvājam iegādāties īpašu 3 istabu dzīvokli pašā Rīgas centrā,https://www.ss.com/msg/en/real-estate/flats/riga/centre/ehkfi.html,Centre Terbatas 4,3,124,6/6,Recon.,"310,000  €"
Gaišs 2 istabu dzīvoklis 37.2 m² ar jaunu remontu Rīgas centrā.,https://www.ss.com/msg/en/real-estate/flats/riga/centre/bhxcn.html,Centre Valdemara 95,2,37,1/6,Spec. pr.,"57,300  €"
Pārdod stilīgu un kvalitatīvi izbūvētu 2 istabu dzīvokli pašā Rī,https://www.ss.com/msg/en/real-estate/flats/riga/centre/bebmee.html,Centre Lachplesha 67,2,46,5/6,Pre-war house,"125,000  €"
Tiek pārdots plašs trīsistabu dzīvoklis ar nesen veiktu kosmētis,https://www.ss.com/msg/en/real-estate/flats/riga/purvciems/ajjkm.html,Purvciems Zvaigznaja g. 5,3,61,3/5,Lit pr.,"69,990  €"
"Pārdošanā mājīgs divistabu dzīvoklis klusā lokācijā, kur nedzird",https://www.ss.com/msg/en/real-estate/flats/riga/centre/bexjhg.html,Centre Stabu 49 k-2,2,34,5/6,Pre-war house,"87,000  €"
Pārdod loft stila studijas tipa dzīvokli tikai pāris minūšu gāji,https://www.ss.com/msg/en/real-estate/flats/riga/centre/bcjjox.html,Centre Valmieras 6,1,27,2/2,Pre-war house,"39,200  €"
Продается просторная двухкомнатная квартира с изолированными ком,https://www.ss.com/msg/en/real-estate/flats/riga/purvciems/afkkx.html,Purvciems Stirnu 35,2,48,5/9,602-th,"53,000  €"
Pārdošanā četristabu dzīvoklis ar plašu pagalmu un lielisku skat,https://www.ss.com/msg/en/real-estate/flats/riga/kipsala/ochpi.html,Kipsala Oglu 16a,4,116,1/2,Pre-war house,"167,000  €"
Izsmalcināts un gaumīgi iekārtots dzīvoklis vienā no pieprasītāk,https://www.ss.com/msg/en/real-estate/flats/riga/centre/bcikck.html,Centre Stabu 18A,4,133,1/5,Pre-war house,"324,000  €"
"Pārdošanā ekskluzīvs, plašs 5-istabu dzīvoklis. Plānojums: divas",https://www.ss.com/msg/en/real-estate/flats/riga/centre/ffgbi.html,Centre Katrinas d. 5,5,167,3/5,Spec. pr.,"215,340  €"
"Pārdod mājīgu 2 istabu dzīvokli 1. stāvā mājas vidū. 
2 izolēta",https://www.ss.com/msg/en/real-estate/flats/riga/kengarags/ecdbx.html,Kengarags Maltas 22,2,39,1/5,Lit pr.,"44,900  €"
"Pārdod 3.ist. dz. ar garāžu, malkas šķūnīti ar malku un dārzu.",https://www.ss.com/msg/en/real-estate/flats/riga/plyavnieki/bedfjm.html,Plyavnieki Deglava 56,3,56,2/2,Priv.house,"75,498  €"
Pārdod nelielu studio tipa dzīvokli vienā no Rīgas zaļākajām un,https://www.ss.com/msg/en/real-estate/flats/riga/agenskalns/bjkfjf.html,Agenskalns Kuldigas 45a,1,18,2/2,Pre-war house,"13,500  €"
"Pārdošanā pilnībā mēbelēts divu istabu dzīvoklis 41, 5 m² platīb",https://www.ss.com/msg/en/real-estate/flats/riga/centre/bcjlig.html,Centre Pulkv. Briezha 10,2,42,6/7,Recon.,"148,155  €"
Pārdošanā pilnībā mēbelēts un dzīvošanai gatavs studijas tipa dz,https://www.ss.com/msg/en/real-estate/flats/riga/centre/bfdnjk.html,Centre Pulkv. Briezha 10,1,23,2/7,Recon.,"80,988  €"
Pārdošanā pilnībā mēbelēts un dzīvošanai gatavs studijas tipa dz,https://www.ss.com/msg/en/real-estate/flats/riga/centre/behlbn.html,Centre Pulkv. Briezha 10,1,23,4/7,Recon.,"86,802  €"
"Pārdodu trīsistabu dzīvokli Purvciemā, dzīvoklis izvietots mājas",https://www.ss.com/msg/en/real-estate/flats/riga/purvciems/clplh.html,Purvciems Dzelzavas 37,3,63,2/9,602-th,"63,000  €"
Iegādei tiek piedāvāts gaumīgi labiekārtots un bagātīgi izgaismo,https://www.ss.com/msg/en/real-estate/flats/riga/centre/bcihoi.html,Centre Pulkv. Briezha 10,2,55,5/5,Recon.,"186,660  €"
"Pārdošanā ekskluzīvs piecu istabu dzīvoklis Rīgas centrā. 

Dz",https://www.ss.com/msg/en/real-estate/flats/riga/centre/begpph.html,Centre Valdemara 106,5,145,1/5,Pre-war house,"260,000  €"
"Iegādei piedāvājam mēbelētu, ar sadzīves tehniku aprīkotu divist",https://www.ss.com/msg/en/real-estate/flats/riga/centre/bcolph.html,Centre Pulkv. Briezha 10,2,42,6/7,New,"148,155  €"
Burvīga pērle Rīgas viducī - plašs dzīvoklis ar privātmājas sajū,https://www.ss.com/msg/en/real-estate/flats/riga/ilguciems/adegh.html,Ilguciems Riekstu 9A,4,127,2/2,Pre-war house,"157,000  €"
Īpašnieks pārdod gaišu un pilnībā renovētu 30 m² dzīvokli Rīgas,https://www.ss.com/msg/en/real-estate/flats/riga/centre/aopkk.html,Centre Vesetas 28,1,30,6/6,Chrusch.,"60,000  €"
"Dzīvoklis tiek veidots, pārplānojot plašākas telpas un izveidojo",https://www.ss.com/msg/en/real-estate/flats/riga/centre/bemmhm.html,Centre Brivibas 138,2,36,4/6,Pre-war house,"69,615  €"
"Pārdod 2 istabu dzīvokli Mangaļsalā pēc kapitālā remonta

Pied",https://www.ss.com/msg/en/real-estate/flats/riga/mangalsala/bxjlxd.html,Mangalsala Albatrosu 26,2,51,2/5,103-th,"49,500 €"
Продается 2х комнатная квартира с 2 изолироваными комнатами в пр,https://www.ss.com/msg/en/real-estate/flats/riga/zolitude/bffjh.html,Zolitude Rostokas 36,2,57,6/9,119-th,"85,000  €"
"Dzīvoklis ar privātmājas sajūtu pašā Rīgas centrā. 
Meklē vietu",https://www.ss.com/msg/en/real-estate/flats/riga/centre/adkpj.html,Centre Bruninieku 119A,1,24,2/2,Pre-war house,"24,000  €"
Собственник продает светлую 1-комнатную квартиру в хорошем район,https://www.ss.com/msg/en/real-estate/flats/riga/plyavnieki/ahlhj.html,Plyavnieki Tinuzhu 7,1,41,4/9,Sm.fam.,"34,900  €"
"Светлая квартира в кирпичном доме, расположенном в тихом зелёном",https://www.ss.com/msg/en/real-estate/flats/riga/bolderaya/eiecg.html,Bolderaya Keramikas 8,2,43,3/4,Chrusch.,"32,500  €"
Pārdod gaišu un siltu 2-istabu dzīvokli Juglā. Dzīvoklim ir ērts,https://www.ss.com/msg/en/real-estate/flats/riga/yugla/bekfjf.html,Yugla Veldres 1,2,45,5/5,Lit pr.,"55,000  €"
"После ремонта, можно сразу заселяться и жить. Удобная, компактна",https://www.ss.com/msg/en/real-estate/flats/riga/yugla/ocmhh.html,Yugla Silciema 5,2,44,3/5,Chrusch.,"54,900  €"
Pārdod mājīgu un ļoti ekonomisku vienas istabas dzīvokli lielisk,https://www.ss.com/msg/en/real-estate/flats/riga/centre/cmmjo.html,Centre Matisa 84,1,25,2/2,Pre-war house,"30,000  €"
"Pārdod gaišu dzīvokli pēc remonta, viss jauns, precīza adrese Sa",https://www.ss.com/msg/en/real-estate/flats/riga/dzeguzhkalns/aihec.html,Dzeguzhkalns Bullu 40a,1,31,5/5,Chrusch.,"44,800  €"
Piedāvājam 3 istabu dzīvokli klusajā centrā arhitekta Rūdolfa He,https://www.ss.com/msg/en/real-estate/flats/riga/centre/aoxxh.html,Centre Vilandes 5,3,73,3/5,Pre-war house,"179,000  €"
Pārdod saulainu un mājīgu 2 istabu dzīvokli Dzirciemā. Dzīvoklis,https://www.ss.com/msg/en/real-estate/flats/riga/ilguciems/chnki.html,Ilguciems Dzirciema 47,2,47,5/5,Lit pr.,"65,000  €"
"Skanstes komforts ar privātas, norobežotas jumta terases priekšr",https://www.ss.com/msg/en/real-estate/flats/riga/centre/diign.html,Centre Grostonas 25,2,93,3/24,New,"215,000  €"
"Elegants dzīvoklis projektā “Viesturdārzs”. 

Pārdošanā plašs",https://www.ss.com/msg/en/real-estate/flats/riga/centre/bfcdnp.html,Centre Rupniecibas 23,2,74,3/7,New,"235,000  €"
"Pārdod gaišu vienistabas dzīvokli Ķengaragā, pirmajā stāvā. Dzīv",https://www.ss.com/msg/en/real-estate/flats/riga/kengarags/hkiec.html,Kengarags Salaspils 12,1,29,1/5,Lit pr.,"29,000  €"
"Divas autostāvvietas iekļautas cenā

Pieejams plašs 3-istabu,",https://www.ss.com/msg/en/real-estate/flats/riga/centre/befpjm.html,Centre Zala 3,3,80,1/4,Recon.,"220,000  €"
"Продаётся 2-комнатная квартира от собственника в Вецмилгрависе,",https://www.ss.com/msg/en/real-estate/flats/riga/vecmilgravis/dfxxf.html,Vecmilgravis Vecmilgravja 6,2,53,5/5,Chrusch.,"35,000 €"
"Īpašnieks pārdod gaišu, ļoti siltu, sausu 2 istabu dzīvokli Purv",https://www.ss.com/msg/en/real-estate/flats/riga/purvciems/coohb.html,Purvciems Varaviksnes g. 6,2,51,3/9,602-th,"68,000  €"
"Pārdod gaišu 3-istabu dzīvokli Purvciemā. 
Lieliska iespēja tie",https://www.ss.com/msg/en/real-estate/flats/riga/purvciems/globd.html,Purvciems Virshu 3,3,76,4/9,119-th,"80,900  €"
Pārdod modernu un gaišu divistabu dzīvokli Rīgā – Brīvības gatvē,https://www.ss.com/msg/en/real-estate/flats/riga/yugla/cxikn.html,Yugla Brivibas g. 363,2,42,4/5,Chrusch.,"76,500  €"
"Piedāvājumā plašs 4-istabu dzīvoklis iespaidīgā, vēsturiskā mūra",https://www.ss.com/msg/en/real-estate/flats/riga/centre/bcjmlc.html,Centre Brivibas 138,4,113,4/6,Pre-war house,"164,285  €"
"Pārdod 2 istabu dzīvokli Rīgas vēsturiskajā centrā, prestižā un",https://www.ss.com/msg/en/real-estate/flats/riga/centre/aaicf.html,Centre Alunana 6,2,39,2/4,Pre-war house,"190,000  €"
Pārdod dzīvokli A. Deglava ielā 12 (Avoti / Grīziņkalna Pievārte,https://www.ss.com/msg/en/real-estate/flats/riga/grizinkalns/ccpigm.html,Grizinkalns Deglava 12,2,25,2/2,Pre-war house,"35,000  €"
"101 m² Rīgas Klusajā centrā. 

Pārdod 3 istabu dzīvokli ar lie",https://www.ss.com/msg/en/real-estate/flats/riga/centre/bljil.html,Centre Zala 4,3,102,3/7,Spec. pr.,"223,000  €"
"Pārdodu mansarda dzīvokli, kas atrodas Rīgas centrā mūra ēkas ce",https://www.ss.com/msg/en/real-estate/flats/riga/centre/ebdxi.html,Centre Barona 51,3,53,4/4,Pre-war house,"110,040  €"
"Plašs, gaišs, ar praktisku plānojumu 1 istabas dzīvoklis Imantā",https://www.ss.com/msg/en/real-estate/flats/riga/imanta/hxxjk.html,Imanta Kurzemes pr. 142,1,37,7/9,602-th,"40,000  €"
"Dzīvoklis Teikā- rets piedāvājums. 
Pārdošanā 2 istabu dzīvokli",https://www.ss.com/msg/en/real-estate/flats/riga/teika/cojjg.html,Teika Raunas 8,2,46,2/2,Stalin project,"93,000  €"
Dzīvoklis ar elpu aizraujošu skatu uz Rīgas sirdi piedāvā unikāl,https://www.ss.com/msg/en/real-estate/flats/riga/agenskalns/hpioi.html,Agenskalns Kugu 26,2,86,1/5,New,"354,000  €"
"Tiek pārdota faktiski atsevišķa pagalmu māja, ideāls investīciju",https://www.ss.com/msg/en/real-estate/flats/riga/teika/ahdpn.html,Teika Brivibas g. 234A,Other,145,1/2,Spec. pr.,"89,800  €"
Piedāvājam labiekārtotu ekskluzīvu 5 istabu dzīvokli prestižajā,https://www.ss.com/msg/en/real-estate/flats/riga/centre/bcjden.html,Centre Rupniecibas 21,5,161,6/7,New,"685,000  €"
"Piedāvājam pārdošanai gaišu, elegantu un gaumīgi iekārtotu dzīvo",https://www.ss.com/msg/en/real-estate/flats/riga/centre/bpmop.html,Centre Jeruzalemes 10,3,132,5/7,New,"399,000  €"
"Pārdod 2-istabu dzīvokli Ķengaragā, Salaspils ielā 18 k-4.

Ko",https://www.ss.com/msg/en/real-estate/flats/riga/kengarags/nmkmo.html,Kengarags Salaspils 18 k-4,2,37,1/5,Lit pr.,"42,000 €"
Saimnieks pārdod mazģimeņu (kopā 6 dzīvokļi) 3-stāvīgā mājā 3-is,https://www.ss.com/msg/en/real-estate/flats/riga/centre/bmgkf.html,Centre Vagonu 34,3,68,1/3,Pre-war house,"120,000  €"
Brīvības ielā 190 jaunu dzīvi sāk 1912. gadā pēc arhitekta Nikol,https://www.ss.com/msg/en/real-estate/flats/riga/centre/bdpiff.html,Centre Brivibas 190,3,49,3/6,Recon.,"109,270  €"
Īpašnieks pārdod vienistabas dzīvoklis Jaunciemā. Laba kopta māj,https://www.ss.com/msg/en/real-estate/flats/riga/jaunciems/kfbhc.html,Jaunciems Jaunciema g. 159,1,26,2/2,Pre-war house,"12,900  €"
"Dizaina meistardarbs Rīgas sirdī:

Augstākās kvalitātes dzīvok",https://www.ss.com/msg/en/real-estate/flats/riga/centre/adgoj.html,Centre Baznicas 7,4,155,3/5,Recon.,"595,000  €"
"Īpašnieks pārdod dzīvokli jaunajā projektā – Pausa Nams. 

Ēka",https://www.ss.com/msg/en/real-estate/flats/riga/centre/bfxfge.html,Centre Gertrudes 56,2,42,3/5,Recon.,"104,950  €"
"Pelnošs īpašums Vecrīgā bez papildus ieguldījumiem. 

Piedāvāj",https://www.ss.com/msg/en/real-estate/flats/riga/vecriga/bebgfk.html,Vecriga Pasta 6,2,41,1/6,Pre-war house,"159,390  €"
"Pelnošs īpašums Vecrīgā bez papildus ieguldījumiem. 

Piedāvāj",https://www.ss.com/msg/en/real-estate/flats/riga/vecriga/bcifnd.html,Vecriga Pasta 6,1,18,4/6,Pre-war house,"70,840  €"
"Zeme īpašumā, bez parādiem 
Silts, tīrs un saulains dzīvoklis",https://www.ss.com/msg/en/real-estate/flats/riga/vecmilgravis/beoebn.html,Vecmilgravis Emmas 14,1,13,3/3,Sm.fam.,"10,000  €"
"Īpašnieks pārdod plašu studio dzīvokli tuvu centram. 
Galvenās",https://www.ss.com/msg/en/real-estate/flats/riga/maskavas-priekshpilseta/bckclj.html,Latgales priekshpilset Daugavpils 48,1,30,4/6,Pre-war house,"26,000  €"
"Pārdod divistabu dzīvokli centrā. 

Galvenās priekšrocības:
-",https://www.ss.com/msg/en/real-estate/flats/riga/centre/behlec.html,Centre Terbatas 37,2,31,1/6,Pre-war house,"49,000  €"
Pārdod trīsistabu dzīvokli pašā Rīgas klusā centra sirdī Dzirnav,https://www.ss.com/msg/en/real-estate/flats/riga/centre/bexiod.html,Centre Dzirnavu 10,3,74,1/5,Pre-war house,"185,000  €"
Pārdod gaišu divu istabu dzīvokli pēc remonta. Nomainīta elektro,https://www.ss.com/msg/en/real-estate/flats/riga/maskavas-priekshpilseta/hxhoi.html,Latgales priekshpilset Latgales 173,2,38,1/2,Pre-war house,"26,900  €"
"Pārdod 3 istabu dzīvokli renovētā ķieģeļu mājā Brasas rajonā, Kl",https://www.ss.com/msg/en/real-estate/flats/riga/centre/bfbom.html,Centre Klijanu 20,3,71,4/5,Recon.,"179,000  €"
Īpašnieks pārdod nosiltinātu dzīvokli. Ievilkta jauna elektroins,https://www.ss.com/msg/en/real-estate/flats/riga/tornjakalns/cddij.html,Tornjakalns Tornakalna 18,2,40,1/3,Pre-war house,"37,000  €"
"Pārdodam plašu 1-istabas dzīvokli projektā ""Biķerziedi"". Šis pro",https://www.ss.com/msg/en/real-estate/flats/riga/teika/gdnek.html,Teika Bajaru 16,1,40,2/5,New,"103,500  €"
Pelnošs īpašums Vecrīgā bez papildus ieguldījumiem. Piedāvājumā,https://www.ss.com/msg/en/real-estate/flats/riga/vecriga/kmhbh.html,Vecriga Pasta 6,1,15,5/6,Pre-war house,"65,415  €"
Pārdošanā plašs un kvalitatīvi renovēts 3 istabu dzīvoklis pašā,https://www.ss.com/msg/en/real-estate/flats/riga/centre/ddgmp.html,Centre Visvalzha 1,3,96,4/4,Pre-war house,"179,000  €"
"Pardod 2 istabu dzīvokli, var izskatit ari maiņas kamēr sludināj",https://www.ss.com/msg/en/real-estate/flats/riga/sarkandaugava/cjcnn.html,Sarkandaugava Viestura pr. 7,2,42,3/3,Chrusch.,"27,500  €"
Предлагается к продаже квартира в престижном жилом комплексе Ale,https://www.ss.com/msg/en/real-estate/flats/riga/centre/dkxmd.html,Centre Ausekla 4,5,150,6/7,New,"490,000  €"
"Dzīvoklis, kurā uzauguši bērni, tagad meklē jaunus saimniekus.",https://www.ss.com/msg/en/real-estate/flats/riga/teika/dfpij.html,Teika Ropazhu 103,3,59,1/2,Stalin project,"63,900  €"
Pārdošanā plašs 4 istabu dzīvoklis Kalnciema ielā 12A – kompaktā,https://www.ss.com/msg/en/real-estate/flats/riga/agenskalns/ddbkn.html,Agenskalns Kalnciema 12A,4,140,4/4,Pre-war house,"210,000  €"
Iztirgojam māju pa dzīvokļiem. Dzīvoklis Nr. 56 (visas ērtības).,https://www.ss.com/msg/en/real-estate/flats/riga/centre/gxcex.html,Centre Chaka 133,1,28,4/6,Pre-war house,"48,400  €"
Piedāvājumā no attīstītāja 2-istabu dzīvoklis Nr. 39 prestižajā,https://www.ss.com/msg/en/real-estate/flats/riga/centre/aannp.html,Centre Pulkv. Briezha 15,2,55,5/7,Recon.,"154,000  €"
"Viena no pirmajām jūgendstila koka ēkām Rīgā
Attīstītājs ir rea",https://www.ss.com/msg/en/real-estate/flats/riga/agenskalns/ixole.html,Agenskalns Kristapa 2,3,81,1/2,Recon.,"229,870  €"
"Plašs un elegants ģimenes dzīvoklis Rīgas centrā

Krišjāņa Val",https://www.ss.com/msg/en/real-estate/flats/riga/centre/ajfdk.html,Centre Valdemara 77,4,130,2/7,Pre-war house,"282,250  €"
Piedāvājumā no attīstītāja 2-istabu dzīvoklis Nr. 12 prestižajā,https://www.ss.com/msg/en/real-estate/flats/riga/centre/bednfn.html,Centre Pulkv. Briezha 15,2,44,2/7,Recon.,"139,200  €"
Dzīvojamais komplekss Park Alley atrodas netālu no skaistā vēstn,https://www.ss.com/msg/en/real-estate/flats/riga/centre/ajchd.html,Centre Rupniecibas 44,3,107,2/7,New,"228,000  €"
"Dzīvoklim ir ērts un parocīgs plānojums - viesistaba, guļamistab",https://www.ss.com/msg/en/real-estate/flats/riga/darzciems/gchfi.html,Darzciems Ilukstes 99,2,58,2/16,Spec. pr.,"55,000  €"
"Īpašnieks pardot pilnība mēbelētu dzīvokli(Itāļu virtuve, 
iebū",https://www.ss.com/msg/en/real-estate/flats/riga/zolitude/bihbk.html,Zolitude Irlavas 5,2,49,2/3,New,"120,000 €"
Īpašniece pārdot vai izīrē uz ilgu laiku (ar izpirkuma tiesībām),https://www.ss.com/msg/en/real-estate/flats/riga/mezhciems/hbxhe.html,Mezhciems Celmu 10,2,50,2/5,Lit pr.,"55,000 €"
Pārdod plašu divu līmeņu dzīvokli ar augstiem griestiem (aptuven,https://www.ss.com/msg/en/real-estate/flats/riga/mezhciems/fleod.html,Mezhciems Eizenshteina 57,5,124,9/9,602-th,"119,000  €"
Plašs 4-istabu dzīvoklis. Dzīvokļa cenā iekļauta iebūvēta virtuv,https://www.ss.com/msg/en/real-estate/flats/riga/aplokciems/bnxpgm.html,Aplokciems Mores 15,4,100,3/3,New,"230,500  €"
"Pārdošanā pilnībā izremontēts 1 istabas dzīvoklis, kurā pēc remo",https://www.ss.com/msg/en/real-estate/flats/riga/vecmilgravis/fbexe.html,Vecmilgravis Emmas 7,1,28,5/5,Lit pr.,"34,900  €"
"Gaišs, kluss un ekonomisks dzīvoklis netālu no „Daugava“ stadion",https://www.ss.com/msg/en/real-estate/flats/riga/centre/abdjg.html,Centre Pernavas 39,1,23,4/6,Pre-war house,"37,000  €"
"Tiek pārdots plašs, divu istabu dzīvoklis Rīgā, Brīvības ielā 14",https://www.ss.com/msg/en/real-estate/flats/riga/centre/bgblc.html,Centre Brivibas 148,2,43,1/6,Pre-war house,"57,000  €"
"Griestu augstums 3 m, sienu biezums 1 m. 
Apvienots sanitārais",https://www.ss.com/msg/en/real-estate/flats/riga/maskavas-priekshpilseta/dmfpp.html,Latgales priekshpilset Pirts 9,1,25,1/4,Pre-war house,"23,500  €"
Piedāvājumā plašs un gaišs īpašums vienā no Rīgas prestižākajiem,https://www.ss.com/msg/en/real-estate/flats/riga/centre/bcojbn.html,Centre Eksporta 12,Other,165,1/5,Pre-war house,"190,000  €"
"Pārdod pilnībā renovētu, saulainu 3 istabu dzīvokli Mežaparkā, P",https://www.ss.com/msg/en/real-estate/flats/riga/mezhapark/ibpnm.html,Mezhapark Peterupes 4,3,99,2/2,Pre-war house,"245,000  €"
"Ne katram. Tikai tev. 

Gaišs 3 istabu dzīvoklis renovētā 1910",https://www.ss.com/msg/en/real-estate/flats/riga/agenskalns/bfbejo.html,Agenskalns Zellu 13,3,62,3/3,Recon.,"209,339  €"
"Dzīvoklis, kas pārdzīvos modi. 

Gaišs un iespaidīgs 3 istabu",https://www.ss.com/msg/en/real-estate/flats/riga/agenskalns/bfxckm.html,Agenskalns Zellu 13,3,78,3/3,Recon.,"261,253  €"
"Dzīvo pilsētā, elpo zaļumā. 

Gaišs un raksturīgs divlīmeņu (j",https://www.ss.com/msg/en/real-estate/flats/riga/agenskalns/bfxibk.html,Agenskalns Zellu 13,3,52,3/3,Recon.,"174,618  €"
"Trīsistabu dzīvoklis ""Deglava Gleznotāju rezidence"" noslēdzošajā",https://www.ss.com/msg/en/real-estate/flats/riga/plyavnieki/behbje.html,Plyavnieki Dravnieku 3,3,64,5/10,New,"152,663  €"
"4 istabu dzīvoklis projektā ""Deglava Gleznotāju rezidence"" 

D",https://www.ss.com/msg/en/real-estate/flats/riga/plyavnieki/agpcj.html,Plyavnieki Dravnieku 3 K-3,4,98,4/10,New,"215,734  €"
Divu līmeņu 3 istabu dzīvoklis Vecrīgā ar skatu uz Rīgas panorām,https://www.ss.com/msg/en/real-estate/flats/riga/vecriga/acdco.html,Vecriga Palasta 9,3,86,3/4,Pre-war house,"258,000  €"
Mūsdienīgs 3-istabu dzīvoklis jaunajā projektā Ziepniekkalnā gai,https://www.ss.com/msg/en/real-estate/flats/riga/ziepniekkalns/hfpno.html,Ziepniekkalns Ozolciema 20/2,3,76,3/5,New,"125,000  €"
"Studio apartments for sale in central Riga. 
Cozy studio apartm",https://www.ss.com/msg/en/real-estate/flats/riga/centre/acemn.html,Centre Visvalzha 7,4,117,5/6,Pre-war house,"160,000  €"
Pārdošanā ir pieejams gaumīgs un mājīgs 2 istabu dzīvoklis Rīgas,https://www.ss.com/msg/en/real-estate/flats/riga/centre/beklll.html,Centre Stabu 92,2,63,4/5,Recon.,"118,000  €"
"Dzīvoklis jaunajā projektā Kiepenholm Apartments, Ķīpsalā. 

Pie",https://www.ss.com/msg/en/real-estate/flats/riga/kipsala/bcfxbl.html,Kipsala Zvejnieku 34,2,47,2/3,New,"138,500  €"
"Dzīvoklis jaunajā projektā Kiepenholm Apartments, Ķīpsalā. 

Pie",https://www.ss.com/msg/en/real-estate/flats/riga/kipsala/cbfxn.html,Kipsala Zvejnieku 34,2,41,1/3,New,"124,999  €"
"Brīnišķīgs dzīvoklis pirmskara ķieģeļu mājā pilsētas centrā. 
D",https://www.ss.com/msg/en/real-estate/flats/riga/centre/ahkld.html,Centre Ganibu d. 3,3,107,2/3,Pre-war house,"165,000  €"
Prestižajā vēstniecību rajonā - Klusajā Rīgas centrā pārdodam 2-,https://www.ss.com/msg/en/real-estate/flats/riga/centre/aexoo.html,Centre Pulkv. Briezha 7,2,53,2/6,Recon.,"144,000  €"
"Pārdod īpašnieks. Dzīvoklis ir gaišs un silts. 
Apsaimnieko ""Pa",https://www.ss.com/msg/en/real-estate/flats/riga/purvciems/glfjm.html,Purvciems Virshu 3,3,76,4/9,119-th,"80,900  €"
Attīstītājs un īpašnieks – kompāniju grupa R. Evolution – pārdod,https://www.ss.com/msg/en/real-estate/flats/riga/agenskalns/adonb.html,Agenskalns Ranka d. 34,3,96,13/21,New,"255,000  €"
Renovētā pirmskara ēkā Rīgas centrā tiek pārdotas telpas puspagr,https://www.ss.com/msg/en/real-estate/flats/riga/centre/ajpne.html,Centre Stabu 60,Other,115,1/5,Recon.,"65,000  €"
Продаю в хорошем состоянии 4-x комнатную квартиру 119 серии в ти,https://www.ss.com/msg/en/real-estate/flats/riga/zolitude/ahdih.html,Zolitude Ruses 8,4,97,1/6,119-th,"120,000  €"
"Saulains kluss dzīvoklis pašā Rīgas centrā. 
Dzīvojamā istaba,",https://www.ss.com/msg/en/real-estate/flats/riga/centre/gfdio.html,Centre Birznieka-Upisha 23,2,55,2/3,Pre-war house,"88,500  €"
"Продаю квартиру на земес 7, в очень хорошем месте, на против 2 ш",https://www.ss.com/msg/en/real-estate/flats/riga/plyavnieki/cifbj.html,Plyavnieki Zemes 7,2,51,3/9,602-th,"60,000  €"
Plašs un gaišs 3 istabu dzīvoklis mierīgai un komfortablai dzīve,https://www.ss.com/msg/en/real-estate/flats/riga/ziepniekkalns/fppok.html,Ziepniekkalns Kometas 18,3,77,1/4,New,"154,900  €"
Gaišs un funkcionāls dzīvoklis vienā no prestižākajām un mierīgā,https://www.ss.com/msg/en/real-estate/flats/riga/centre/bcilnf.html,Centre Noliktavas 3,3,79,3/5,Recon.,"197,500  €"
"Zeme īpašumā, bez parādiem
Silts un saulains dzīvoklis
Blakus",https://www.ss.com/msg/en/real-estate/flats/riga/kengarags/abhjl.html,Kengarags Krustpils 75,1,18,4/4,Sm.fam.,"10,000  €"
Pārdod kompaktu puspagraba studijtipa dzīvokli skaistā pirms kar,https://www.ss.com/msg/en/real-estate/flats/riga/centre/bfeogp.html,Centre Bruninieku 47,Other,37,1/2,Pre-war house,"35,800  €"
Pārdod plašu 3 istabu dzīvokli Juglā – ideāli ģimenei vai invest,https://www.ss.com/msg/en/real-estate/flats/riga/yugla/dlncb.html,Yugla Bakuzhu 1,3,94,2/3,Recon.,"170,000  €"
"Pārdod plašu 5 istabu dzīvokli Āgenskalnā pie Māras dīķa

Pied",https://www.ss.com/msg/en/real-estate/flats/riga/agenskalns/bxcibg.html,Agenskalns Gardenes 3,5,102,5/5,Chrusch.,"220,000  €"
Pārdod stilīgu 3 istabu dzīvokli Rīgas centrā (Aleksandra Čaka i,https://www.ss.com/msg/en/real-estate/flats/riga/centre/fmfjp.html,Centre Chaka 31,3,60,3/5,Recon.,"180,000  €"
Projekta attīstītājs pārdod dzīvokli jaunajā projektā – Pausa Na,https://www.ss.com/msg/en/real-estate/flats/riga/centre/aaohf.html,Centre Gertrudes 56,2,36,2/5,Recon.,"87,950  €"
Īpašnieks pārdod plašas biroja telpas atjaunotā vēsturiskā ēkā R,https://www.ss.com/msg/en/real-estate/flats/riga/centre/emflb.html,Centre Antonijas 24,5,112,3/6,Pre-war house,"230,000  €"
"Tiek pārdots 3 istabu dzīvoklis Ķengaragā, Pelnu ielā 2. 3. stāv",https://www.ss.com/msg/en/real-estate/flats/riga/kengarags/bbggn.html,Kengarags Pelnu 2,3,60,3/5,Lit pr.,"55,000  €"
"Ipasnieks pardot 2 istabu dzivokli, jauns remonts. sava autostav",https://www.ss.com/msg/en/real-estate/flats/riga/sarkandaugava/agnog.html,Sarkandaugava Kakasekla d. 21,2,44,1/2,Recon.,"26,500  €"
Pārdošanā mājīgs divu istabu dzīvoklis Mežciemā. Atbrīvots- piee,https://www.ss.com/msg/en/real-estate/flats/riga/mezhciems/fdipe.html,Mezhciems Eizenshteina 13,2,50,5/5,Lit pr.,"72,000  €"
Pārdod renovētu sešistabu jūgendstila dzīvokli Rīgas centrā.,https://www.ss.com/msg/en/real-estate/flats/riga/centre/bcomkb.html,Centre Chaka 28,6,144,2/5,Pre-war house,"460,000  €"
"Светлая 4 комнатная квартира с закрытым двором, парковкой и отде",https://www.ss.com/msg/en/real-estate/flats/riga/krasta-st-area/dceek.html,Krasta st. area Ritupes 29,4,89,3/3,Stalin project,"102,400  €"
"Pārdod mājīgu un gaišu divu istabu dzīvokli Mangaļsalā, vienā no",https://www.ss.com/msg/en/real-estate/flats/riga/mangalsala/dxgel.html,Mangalsala Albatrosu 24,2,55,2/5,Recon.,"54,700  €"
Apartaments pilsētas centrālajā daļā ar stāvvietu automašīnai.,https://www.ss.com/msg/en/real-estate/flats/riga/centre/beophc.html,Centre Ganibu d. 13,2,68,1/7,New,"55,900  €"
Īpašnieks pārdod plašu un gaišu 3 istabu dzīvokli prestižajā Rīg,https://www.ss.com/msg/en/real-estate/flats/riga/centre/becdok.html,Centre Antonijas 24,3,92,5/6,Pre-war house,"210,000  €"
Pārdod saulainu 3 istabu dzīvokli tikai dažu minūšu attālumā no,https://www.ss.com/msg/en/real-estate/flats/riga/daugavgriva/hgfgg.html,Daugavgriva Parades 16,3,66,5/5,103-th,"47,000  €"
Jaunajā projektā “Solitūdes parks” pieejams 4 istabu dzīvoklis.,https://www.ss.com/msg/en/real-estate/flats/riga/agenskalns/fgmed.html,Agenskalns Agenskalna 32,4,95,4/5,New,"199,500  €"
Jaunajā projektā “Solitūdes parks” pieejams 4 istabu dzīvoklis.,https://www.ss.com/msg/en/real-estate/flats/riga/zolitude/djmdi.html,Zolitude Endzelina 32,4,95,4/5,New,"199,500  €"
Ekskluzīva rezidence ar plašām terasēm vienā no prestižākajiem R,https://www.ss.com/msg/en/real-estate/flats/riga/mezhapark/aeffn.html,Mezhapark Jauna Mezaparka 36,3,200,3/3,New,"598,000  €"
Īpašnieks pārdod dzīvokli ar visām ērtībām. Dzīvoklis labā stāvo,https://www.ss.com/msg/en/real-estate/flats/riga/jaunciems/edbnf.html,Jaunciems Jaunciema g. 167,1,26,1/2,Pre-war house,"8,900  €"
Māja ar trim dzīvokļiem un atsevišķu ieeju. Dzīvoklī 1. stāva pa,https://www.ss.com/msg/en/real-estate/flats/riga/bolderaya/effeb.html,Bolderaya Kaplu 1,2,50,2/2,Pre-war house,"29,000  €"
"Pārdod divistabu dzīvokli izcilā Sarkandaugavas lokācijā. 

Dz",https://www.ss.com/msg/en/real-estate/flats/riga/sarkandaugava/bgilo.html,Sarkandaugava Sarkandaugavas 26,2,42,1/5,Chrusch.,"33,500  €"
"Уютная студия в одном из самых престижных проектов Риги ""Centra",https://www.ss.com/msg/en/real-estate/flats/riga/centre/bieim.html,Centre Republikas pl. 3,1,40,3/7,New,"116,000  €"
"Ekskluzīvs 3-istabu dzīvoklis Rīgas klusajā centrā. 
Pārdod īpa",https://www.ss.com/msg/en/real-estate/flats/riga/centre/dxlob.html,Centre M. Piena 6,3,99,1/6,New,"185,000  €"
Piedāvājumā lielisks vienistabas dzīvoklis vienā no Rīgas centrā,https://www.ss.com/msg/en/real-estate/flats/riga/centre/bebdxg.html,Centre Matisa 95,1,20,2/2,Pre-war house,"24,000  €"
"Renovēts mēbelēts studio pagalma majā

Pārdodu modernu dzīvokl",https://www.ss.com/msg/en/real-estate/flats/riga/centre/bfdkoi.html,Centre Raina boul. 31,1,37,6/6,Pre-war house,"97,500  €"
"Izcils dzīvoklis sakoptā vidē, tikai 10 minūšu gājiena attālujmā",https://www.ss.com/msg/en/real-estate/flats/riga/vecaki/lhlpo.html,Vecaki Sigu 3,3,95,1/3,New,"199,000  €"
Ekskluzīva iespēja iegādāties īpašumu pašā Rīgas sirdī – prestiž,https://www.ss.com/msg/en/real-estate/flats/riga/centre/ckkjg.html,Centre Dzirnavu 85,2,58,4/7,New,"235,100  €"
Pārdošanā nonācis 2 istabu dzīvoklis “Skanstes Virsotnēs” – mūsd,https://www.ss.com/msg/en/real-estate/flats/riga/centre/bdpbf.html,Centre Skanstes 29,2,71,17/24,New,"198,000  €"
"Dzīvoklis jaunajā projektā “Tomsona terases Ii""

Piedāvājumā p",https://www.ss.com/msg/en/real-estate/flats/riga/centre/bfdkoj.html,Centre Tomsona 39 k-1,3,203,7/9,New,"365,000  €"
Plašs un moderns 4 istabu dzīvoklis jaunajā projektā ideāla izvē,https://www.ss.com/msg/en/real-estate/flats/riga/tornjakalns/bmcjn.html,Tornjakalns Jelgavas 63 k-2,4,142,5/6,New,"260,000  €"
"Mūsdienīgs dzīvoklis Premium klases projektā ""Bišumuiža"" Ziepnie",https://www.ss.com/msg/en/real-estate/flats/riga/ziepniekkalns/ajbxj.html,Ziepniekkalns Kometas 10,2,66,2/4,New,"124,000  €"
Plašs un gaišs 4 istabu dzīvoklis Rīgas centrā Brīvības ielā 110,https://www.ss.com/msg/en/real-estate/flats/riga/centre/dcbdd.html,Centre Brivibas 110,4,122,2/6,Pre-war house,"207,000  €"
"Pārdod 2 istabu dzīvokli projektā “Mežaparka Vārti”. 

Dzīvokl",https://www.ss.com/msg/en/real-estate/flats/riga/mezhapark/bednex.html,Mezhapark Viestura pr. 95,2,41,10/11,New,"97,900  €"
"Dizaina dzīvoklis jaunajā projektā:

Stilīgs, ekskluzīvs, piln",https://www.ss.com/msg/en/real-estate/flats/riga/ziepniekkalns/ceofh.html,Ziepniekkalns Tumes 27,2,40,1/6,New,"125,800  €"
Boutique viesnīcas interjers Rīgas jaunajā projektā. Precīza māj,https://www.ss.com/msg/en/real-estate/flats/riga/tornjakalns/bncpf.html,Tornjakalns Tadaiku 27,2,40,1/6,New,"125,800  €"
Boutique viesnīcas interjers Rīgas jaunajā projektā. Precīza māj,https://www.ss.com/msg/en/real-estate/flats/riga/agenskalns/belcog.html,Agenskalns Vienibas g. 27,2,40,1/6,New,"125,800  €"
"Lieliska atrašanās vieta. Dzīvoklis ir aprīkots ar veļas mašīnu,",https://www.ss.com/msg/en/real-estate/flats/riga/darzciems/hxkic.html,Darzciems Zeltinu 56,1,42,5/5,Sm.fam.,"45,000  €"
"Pārdodu 3-istabu dzīvokli Antonijas un Dzirnavu ielas stūrī, Rīg",https://www.ss.com/msg/en/real-estate/flats/riga/centre/dedje.html,Centre Dzirnavu 31,3,60,1/6,Pre-war house,"112,000 €"
"Gaišs 3 istabu dzīvoklis Imantā
 Piedāvājam iegādāties gaišu, m",https://www.ss.com/msg/en/real-estate/flats/riga/imanta/amcll.html,Imanta Kleistu 21,3,66,8/9,602-th,"87,800  €"
"2. istabu dzīvoklis ar balkonu jūras tuvumā. 
Atbrīvota; bez re",https://www.ss.com/msg/en/real-estate/flats/riga/daugavgriva/abfjl.html,Daugavgriva Parades 20A,2,42,5/5,Chrusch.,"33,500  €"
"Pārdod 2istabu dzīvokli Ķengaragā, Višķu ielā 7. Dzīvoklis 4 stā",https://www.ss.com/msg/en/real-estate/flats/riga/kengarags/gxbmb.html,Kengarags Vishku 7,2,46,4/5,Lit pr.,"41,000  €"
"Pārdod 4-istabu dzīvokli Ilģuciemā, Riekstu ielā 11

Pārdošanā",https://www.ss.com/msg/en/real-estate/flats/riga/ilguciems/exmfd.html,Ilguciems Riekstu 11,5,90,5/5,New,"175,000  €"
Pārdod 3-istabu dzīvokli vēsturiskā ēkā Aleksandra Čaka Memoriāl,https://www.ss.com/msg/en/real-estate/flats/riga/centre/agkix.html,Centre Lachplesha 48,3,81,4/6,Recon.,"184,400  €"
Pārdodu svaigi remontētu vienistabas dzīvokli Sarkandaugavā. Ar,https://www.ss.com/msg/en/real-estate/flats/riga/sarkandaugava/beggog.html,Sarkandaugava Ziemelu 12,1,27,2/2,Pre-war house,"16,750  €"
Piedāvājumā mājas daļa - studio dzīvoklis (37 m2) ar pagrabu (13,https://www.ss.com/msg/en/real-estate/flats/riga/teika/kmggx.html,Teika Lielvardes 40,1,50,1/1,Priv.house,"92,000  €"
"Piedāvājumā saulains, gaišs 2 istabu dzīvoklis mājā, kurā ir tik",https://www.ss.com/msg/en/real-estate/flats/riga/ilguciems/cnnpc.html,Ilguciems Ilguciema 3,2,66,2/2,Pre-war house,"95,000  €"
Pārdošanā mājīgs 2 istabu dzīvoklis. Dzīvoklis ir gaišs un saula,https://www.ss.com/msg/en/real-estate/flats/riga/yugla/oeepj.html,Yugla Malienas 74,2,47,4/5,Lit pr.,"48,000  €"
Pārdošanā tiek piedāvāts plašs dzīvoklis ar autora dizainu un au,https://www.ss.com/msg/en/real-estate/flats/riga/purvciems/hxmgc.html,Purvciems Astras 8-k1,3,110,12/24,New,"287,000  €"
Piedāvājam iespēju iegādāties 2 istabu dzīvokli “Dreiliņu priedē,https://www.ss.com/msg/en/real-estate/flats/riga/dreilini/cfmolo.html,Dreilini Valtera 1,2,50,4/9,New,"118,100  €"
Īpašnieks pārdod renovētu divistabu dzīvokli pirmskara ēkā Marij,https://www.ss.com/msg/en/real-estate/flats/riga/centre/dnknn.html,Centre Marijas 8,2,53,3/5,Recon.,"134,420  €"
"Kluss, saulains dzīvoklis ar panorāmas skatu no logiem. 
Iztirg",https://www.ss.com/msg/en/real-estate/flats/riga/centre/chhje.html,Centre Chaka 133,1,32,6/6,Pre-war house,"44,039  €"
Attīstītājs pārdod 2 istabu dzīvokli renovētā A klases energoefe,https://www.ss.com/msg/en/real-estate/flats/riga/maskavas-priekshpilseta/cedpom.html,Latgales priekshpilset Jekabpils 4,2,42,2/4,Recon.,"120,000  €"
"Ieguldījums, kas atmaksājas. 

Piedāvājumā gaišs un pārdomāts",https://www.ss.com/msg/en/real-estate/flats/riga/agenskalns/belnji.html,Agenskalns Zellu 13,1,28,1/3,Recon.,"70,250  €"
"Retums, ko var saukt par mājām. 

Gaišs un plašs 3 istabu jumt",https://www.ss.com/msg/en/real-estate/flats/riga/agenskalns/bfeexf.html,Agenskalns Zellu 13,4,80,3/3,Recon.,"268,359  €"
"Elegants dzīvoklis Āgenskalna sirdī

Zeļļu 13 2 istabu dzīvokl",https://www.ss.com/msg/en/real-estate/flats/riga/agenskalns/benpxn.html,Agenskalns Zellu 13,2,40,3/3,Recon.,"134,166  €"
"Tavs jaunais sākums Pārdaugavā. 

Gaišs 3 istabu dzīvoklis ren",https://www.ss.com/msg/en/real-estate/flats/riga/agenskalns/bebxbn.html,Agenskalns Zellu 13,3,61,3/3,Recon.,"204,620  €"
Piedāvājumā izcils īres apartamentu projekts Pasta ielā 6 - pašā,https://www.ss.com/msg/en/real-estate/flats/riga/vecriga/offxl.html,Vecriga Pasta 6,1,20,4/6,Pre-war house,"81,810  €"
"Pārdošanā 1-istabu dzīvoklis Grīziņkalnā, A. Čaka ielā 133. Nepi",https://www.ss.com/msg/en/real-estate/flats/riga/centre/ahbif.html,Centre Chaka 133,1,32,6/6,Pre-war house,"44,039  €"
"Pelnošs īpašums Vecrīgā bez papildus ieguldījumiem. 
Piedāvājum",https://www.ss.com/msg/en/real-estate/flats/riga/vecriga/cgklf.html,Vecriga Pasta 6,1,21,5/6,Pre-war house,"85,455  €"
Pelnošs īpašums Vecrīgā bez papildus ieguldījumiem. Piedāvājumā,https://www.ss.com/msg/en/real-estate/flats/riga/vecriga/bcipxd.html,Vecriga Pasta 6,1,26,5/6,Pre-war house,"98,560  €"
"Pārdod dzīvokli jaunajā dzīvojamajā projektā Island Park, Zaķusa",https://www.ss.com/msg/en/real-estate/flats/riga/zakusala/cgchfm.html,Zakusala Zakusalas bund 27,1,28,3/3,New,"80,655  €"
Pārdod saulainu un mājīgu 2 istabu dzīvokli 8. stāvā. Dzīvoklis,https://www.ss.com/msg/en/real-estate/flats/riga/imanta/dfjdj.html,Imanta Slokas 203,2,49,8/9,602-th,"59,500 €"
"Pārdod dzīvokli jaunajā dzīvojamajā projektā Island Park, Zaķusa",https://www.ss.com/msg/en/real-estate/flats/riga/zakusala/cgchfk.html,Zakusala Zakusalas bund 27,2,39,3/3,New,"135,320  €"
"Большая и светлая 1-комнатная квартира. 

Продается квартира,",https://www.ss.com/msg/en/real-estate/flats/riga/plyavnieki/bfbhkh.html,Plyavnieki Lubanas 115,1,44,2/9,Sm.fam.,"35,000  €"
"Pārdod 2-istabu dzīvokli 38 m² specprojekta mājā, 4/5 stāvs.",https://www.ss.com/msg/en/real-estate/flats/riga/purvciems/cxlpp.html,Purvciems Stirnu 22,2,38,4/5,Spec. pr.,"41,000  €"
"Logi iziet uz divām pusēm, visas istabas ir izolētas, ir lodžija",https://www.ss.com/msg/en/real-estate/flats/riga/imanta/gxjgc.html,Imanta Kurzemes pr. 136,3,60,5/5,Lit pr.,"58,900  €"
"3 istabu dzīvoklis Mežciemā – svaigs remonts, 5. stāvs, skats uz",https://www.ss.com/msg/en/real-estate/flats/riga/mezhciems/aghfi.html,Mezhciems Druvienas 32,3,69,5/5,Lit pr.,"76,000  €"
Pārdod pilnībā izremontētu un mēbelētu vienistabas dzīvokli Sark,https://www.ss.com/msg/en/real-estate/flats/riga/sarkandaugava/nnbpf.html,Sarkandaugava Sarkandaugavas 19,1,20,1/6,Pre-war house,"35,000  €"
"Pārdodu mūsdienīgu divu līmeņu dzīvokli, kas ir gaišs, saulains",https://www.ss.com/msg/en/real-estate/flats/riga/centre/eofxg.html,Centre Valdemara 77,3,181,5/6,Pre-war house,"266,000  €"
Pārdod gaišu un saulainu 2 istabu dzīvokli ar iestiklotu balkonu,https://www.ss.com/msg/en/real-estate/flats/riga/darzciems/bexelg.html,Darzciems Nicgales 38,2,56,3/5,103-th,"72,000  €"
Lieliska iespēja iegādāties dzīvokli par pievilcīgu cenu un izve,https://www.ss.com/msg/en/real-estate/flats/riga/darzciems/clgpp.html,Darzciems Jaunrozes 9,2,43,3/3,Spec. pr.,"42,800  €"
"Pērle pilsētas centrā. 

Ir dzīvokļi, kuros vienkārši dzīvo, u",https://www.ss.com/msg/en/real-estate/flats/riga/centre/bemghh.html,Centre Stabu 49,2,34,5/5,Pre-war house,"85,000  €"
"Iekārtojieties jau šodien, remontējiet rīt. 

Piedāvājam iegād",https://www.ss.com/msg/en/real-estate/flats/riga/darzciems/bcmhcl.html,Darzciems Slavu 25A,2,49,7/9,602-th,"50,500  €"
Piedāvājam iegādāties dzīvokli pilnībā renovētā ēkā Dzirnavu iel,https://www.ss.com/msg/en/real-estate/flats/riga/centre/agcch.html,Centre Dzirnavu 53,3,119,5/6,Recon.,"475,650  €"
Piedāvājumā skaists un plašs dzīvoklis renovētā pirmskara namā p,https://www.ss.com/msg/en/real-estate/flats/riga/centre/ajxpo.html,Centre Dzirnavu 53,4,132,3/6,Recon.,"439,560  €"
"Pašā centrā, Tērbatas un Ģertrūdes ielu krustojumā, vēsturiskā 1",https://www.ss.com/msg/en/real-estate/flats/riga/centre/bejpfb.html,Centre Terbatas 41/43,4,120,4/6,Pre-war house,"209,000  €"
"Komforts, privātums un daba Rīgas pilsētā. Pārdošanā pilnībā jau",https://www.ss.com/msg/en/real-estate/flats/riga/mezhciems/cjjle.html,Mezhciems Bikernieku 284,3,115,1/1,New,"291,000  €"
Pārdošanā gaišs un funkcionāls 2-istabu dzīvoklis ar balkonu un,https://www.ss.com/msg/en/real-estate/flats/riga/purvciems/dplbf.html,Purvciems Zvaigznaja g. 14,2,49,1/5,Lit pr.,"50,500  €"
"Pārdod plašu divistabu dzīvokli Rīgā – Latgales ielā 297, Ķengar",https://www.ss.com/msg/en/real-estate/flats/riga/kengarags/adngi.html,Kengarags Latgales 297,2,51,7/12,Czech pr.,"55,500  €"
"Pārdod mājīgu 2 istabu dzīvokli Juglā, Rīga. 

Piedāvājumā gai",https://www.ss.com/msg/en/real-estate/flats/riga/yugla/hmfxb.html,Yugla Silciema 15 k-2,2,45,3/5,Lit pr.,"56,000  €"
"Pārdodu gaišu 2 istabu dzīvokli projektā “Jaunā Teika”

Pārdod",https://www.ss.com/msg/en/real-estate/flats/riga/teika/djxgi.html,Teika Ropazhu 14,2,51,4/10,New,"141,500  €"
Tiek pārdots mājīgs un funkcionāls 2 istabu dzīvoklis Stabu ielā,https://www.ss.com/msg/en/real-estate/flats/riga/centre/ajxpp.html,Centre Stabu 49,2,34,5/5,Pre-war house,"85,000  €"
"Unikāls dzīvoklis ar eksluzīvu interjeru. 
Dzīvoklis tiek pārdo",https://www.ss.com/msg/en/real-estate/flats/riga/centre/djjki.html,Centre Lachplesha 62,3,136,3/5,Pre-war house,"220,000  €"
"Unikāls lofta tipa dzīvoklis ar 30m² terasi un mājas Sajūtu

P",https://www.ss.com/msg/en/real-estate/flats/riga/agenskalns/bcjeix.html,Agenskalns Valentina 16,3,65,1/4,Recon.,"168,000  €"
"Tiek pārdots gaišs, mājīgs dzīvoklis ar savulaik veiktu kvalitat",https://www.ss.com/msg/en/real-estate/flats/riga/plyavnieki/gdxhc.html,Plyavnieki Rudens 12,3,64,9/9,602-th,"90,000  €"
Piedāvājam iegādāties trīsistabu mansarda dzīvokli Āgenskalnā. D,https://www.ss.com/msg/en/real-estate/flats/riga/agenskalns/clkcb.html,Agenskalns Zellu 13,3,61,3/3,Recon.,"204,620  €"
Pārdošanā 2 istabu dzīvoklis projektā “Kuldīgas Parks” Gregora i,https://www.ss.com/msg/en/real-estate/flats/riga/agenskalns/cngne.html,Agenskalns Gregora 2b,2,41,2/7,New,"134,500  €"
Divistabu dzīvoklis divstāvu koka mājā. Dzīvoklī ir divas istaba,https://www.ss.com/msg/en/real-estate/flats/riga/centre/gbcel.html,Centre Laboratorijas 1b,2,39,2/2,Pre-war house,"38,000  €"
"Pārdod plašu trīs istabu dzīvoklis Rīgas centrā, ar balkonu paga",https://www.ss.com/msg/en/real-estate/flats/riga/centre/agcgo.html,Centre Merkela 8,3,91,5/6,Pre-war house,"89,900  €"
Pārdodam studio tipa dzīvokli renovētā ēkā - Alūksnes ielā 1. Dz,https://www.ss.com/msg/en/real-estate/flats/riga/centre/ajjoc.html,Centre Aluksnes 1,1,24,2/5,Recon.,"58,900  €"
"Хозяйка продает 3х-комнатную квартиру в качественном, кирпичном",https://www.ss.com/msg/en/real-estate/flats/riga/ilguciems/fcbxd.html,Ilguciems Balta 22/1,3,64,3/5,103-th,"84,500  €"
"Izsmalcināta rezidence Rīgas Klusajā centrā, saulainajā Vīlandes",https://www.ss.com/msg/en/real-estate/flats/riga/centre/aggjl.html,Centre Vilandes 8,4,165,2/5,Recon.,"548,000  €"
"Plašs dzīvoklis Staļina laika projektā, pilnībā gatavs dzīvošana",https://www.ss.com/msg/en/real-estate/flats/riga/bolderaya/agpbg.html,Bolderaya Lielupes 1 k-2,2,64,2/2,Stalin project,"53,500  €"
"Tiek pārdots gaišs un saulains dzīvoklis Zolitūdē. 
Dzīvoklī ir",https://www.ss.com/msg/en/real-estate/flats/riga/zolitude/aeedl.html,Zolitude Zolitudes 46,2,58,9/9,119-th,"70,000  €"
"Pārdod 2-istabu dzīvokli Mežciemā, Gaiļezera ielā 13 ar autostāv",https://www.ss.com/msg/en/real-estate/flats/riga/mezhciems/bebjpo.html,Mezhciems Gailezera 13,2,63,9/9,New,"159,000 €"
"Īpašnieks pārdod siltu, sauļainu, mājīgu un pilnībā dzīvošanai g",https://www.ss.com/msg/en/real-estate/flats/riga/krasta-st-area/ainph.html,Krasta st. area Salacas 19,2,50,8/9,467-th,"61,900 €"
Pārdošanā gaišs un plašs 3 istabu dzīvoklis ar kopējo platību 10,https://www.ss.com/msg/en/real-estate/flats/riga/imanta/bfpohi.html,Imanta Anninmuizhas boulevard,3,102,5/18,New,"169,000  €"
"В квартире высокие потолки и просторные комнаты, окна выходят на",https://www.ss.com/msg/en/real-estate/flats/riga/centre/dbihi.html,Centre Brivibas 163,4,108,2/5,Pre-war house,"185,000  €"
"Собственник продаёт. 

Светлую, уютную, тёплую и солнечную 1-к",https://www.ss.com/msg/en/real-estate/flats/riga/vecmilgravis/delio.html,Vecmilgravis Emmas 5,1,27,5/5,Lit pr.,"33,000  €"
Продаётся 2-комнатная квартира в кирпичном доме хрущёвского прое,https://www.ss.com/msg/en/real-estate/flats/riga/agenskalns/ehmmn.html,Agenskalns Kalnciema 116c,2,42,3/4,Chrusch.,"55,000  €"
"Mājīgs, ļoti silts, 2 istabu dzīvoklis ķieģeļu mājā, netālu no B",https://www.ss.com/msg/en/real-estate/flats/riga/yugla/fhbdb.html,Yugla Tirzas 3 K6,2,44,3/5,Chrusch.,"64,000  €"
"Īpašnieks pārdod siltu, saulainu, plašu divistabu dzīvokli. 
Dz",https://www.ss.com/msg/en/real-estate/flats/riga/plyavnieki/fhhee.html,Plyavnieki Ulbrokas 12,2,81,6/8,New,"141,500 €"
"Ekskluzīvs 3 līmeņu dzīvoklis 249 m2 platībā Andrejsalā, pie paš",https://www.ss.com/msg/en/real-estate/flats/riga/centre/bcipje.html,Centre Eksporta 8,5,249,2/3,Recon.,"490,000  €"
"Ekskluzīvs 3 līmeņu dzīvoklis 249 m2 platībā Andrejsalā, pie paš",https://www.ss.com/msg/en/real-estate/flats/riga/centre/ecnmf.html,Centre Eksporta 8,5,249,2/3,New,"490,000  €"
Plašs četru istabu dzīvoklis ar privātu garāžu - privātmājas saj,https://www.ss.com/msg/en/real-estate/flats/riga/centre/fxfxd.html,Centre Brivibas 118,4,129,1/2,Pre-war house,"200,000  €"
"Apkure , Silts 1-istabu dzīvoklis 1km no Vecrīgas. Patīkams paga",https://www.ss.com/msg/en/real-estate/flats/riga/tornjakalns/afmln.html,Tornjakalns Vienibas g. 126,1,25,2/2,Pre-war house,"13,780  €"
"Apkure , Silts 1-istabu dzīvoklis 1km no Vecrīgas. Patīkams paga",https://www.ss.com/msg/en/real-estate/flats/riga/ziepniekkalns/bcfgj.html,Ziepniekkalns Vienibas g. 126,1,25,2/2,Pre-war house,"13,780  €"
"Silts, visas ērtības, ar saulainu un plašu skatu, 2-istabu dzīvo",https://www.ss.com/msg/en/real-estate/flats/riga/plyavnieki/hxdbb.html,Plyavnieki Lubanas 120,2,47,1/2,Spec. pr.,"39,890  €"
Mājas daļa-atsevišķa ieeja. Tikko pēc kvalitatīva remonta. Augst,https://www.ss.com/msg/en/real-estate/flats/riga/sarkandaugava/gbpnc.html,Sarkandaugava Aptiekas 8,2,37,1/5,Spec. pr.,"37,980  €"
"Īpašniece pārdod 3 istabu dzīvokli Krasta masīvā. 

Dzīvoklis",https://www.ss.com/msg/en/real-estate/flats/riga/krasta-st-area/lphho.html,Krasta st. area Latgales 243,3,65,9/9,467-th,"75,000  €"
"Tualete un duša iespējama iekšā dzīvoklī, stingra māja. Var uzta",https://www.ss.com/msg/en/real-estate/flats/riga/maskavas-priekshpilseta/bcjgxp.html,Latgales priekshpilset Ebreju 4,1,28,2/2,Pre-war house,"12,590  €"
"Silts, pie mājas mazdārzinš, mežs 200 metri, ar saulainu un plaš",https://www.ss.com/msg/en/real-estate/flats/riga/dreilini/cflkib.html,Dreilini Lubanas 120,2,47,1/2,Spec. pr.,"39,890  €"
"Silts 5-istabu dzīvoklis 8 km no Vecrīgas. blakus jūra, zeme īpa",https://www.ss.com/msg/en/real-estate/flats/riga/vecmilgravis/bejebk.html,Vecmilgravis Gales 5,5,116,2/2,Spec. pr.,"38,780  €"
"Dzīvoklis ar skatu uz Jauno Rīgas teātri. 

Piedāvājumā elegan",https://www.ss.com/msg/en/real-estate/flats/riga/centre/aghbj.html,Centre Lachplesha 24,3,75,6/6,Recon.,"305,000  €"
"Silts, ar saulainu un plašu skatu, 2-istabu dzīvoklis 10 min no",https://www.ss.com/msg/en/real-estate/flats/riga/centre/aamgl.html,Centre Artilerijas 43,2,43,2/2,Pre-war house,"37,890  €"
Pirms 2 gadiem kapitāli remontēts divistabu dzīvoklis pēc pārbūv,https://www.ss.com/msg/en/real-estate/flats/riga/krasta-st-area/lohed.html,Krasta st. area Salacas 32,2,50,3/9,467-th,"85,000 €"
Pārdod gaišu un modernu 3 istabu dzīvokli jaunā projektā Rūpniec,https://www.ss.com/msg/en/real-estate/flats/riga/centre/dgxgl.html,Centre Rupniecibas 25,3,80,4/6,New,"279,000  €"
"Pārdošanā jauns nemēbelēts vienistabas dzīvoklis. 

Dzīvoklis",https://www.ss.com/msg/en/real-estate/flats/riga/mezhapark/koipd.html,Mezhapark Gaujas 63,1,23,3/4,New,"54,000  €"
"Pārdošanā mājīgs, gaišs un mēbelēts dzīvoklis ar visu nepiecieša",https://www.ss.com/msg/en/real-estate/flats/riga/chiekurkalns/bimlof.html,Chiekurkalns Chiekurkalna 7. cr. l.,2,31,3/4,New,"84,455  €"
Pārdošanā vienistabas dzīvoklis projektā - Čiekurkalna Lofti.,https://www.ss.com/msg/en/real-estate/flats/riga/chiekurkalns/becidc.html,Chiekurkalns Chiekurkalna 7. cr. l.,1,19,2/4,New,"53,000  €"
Pārdošanā jauns divistabu dzīvoklis projektā - Čiekurkalna Lofti,https://www.ss.com/msg/en/real-estate/flats/riga/chiekurkalns/bebpif.html,Chiekurkalns Chiekurkalna 7. cr. l.,2,31,3/4,New,"78,000  €"
"Iegūsti savā īpašumā daļu no vēstures

1863. gadā uz Balasta d",https://www.ss.com/msg/en/real-estate/flats/riga/kipsala/bcfxdx.html,Kipsala Balasta d. 72,3,97,2/3,New,"530,000  €"
"Pārdod trīsistabu dzīvkoli ar potenciālu. 

Dzīvoklim nepiecie",https://www.ss.com/msg/en/real-estate/flats/riga/centre/gihdc.html,Centre Birznieka-Upisha 26,3,60,1/5,Pre-war house,"68,000  €"
"Starpniekus lūdzu netraucēt- ne ar klientiem, ne bez tiem. 
Pār",https://www.ss.com/msg/en/real-estate/flats/riga/centre/beglih.html,Centre Dzirnavu 113A,3,76,3/6,Pre-war house,"154,000  €"
Pārdod elegantu 3 istabu dzīvokli ar terasi projektā “Duntes ozo,https://www.ss.com/msg/en/real-estate/flats/riga/centre/acdgk.html,Centre Duntes 28,3,131,9/16,New,"198,000  €"
Tiek pārdots trīsistabu dzīvoklis pašā Rīgas klusā centra sirdī,https://www.ss.com/msg/en/real-estate/flats/riga/centre/afijj.html,Centre Dzirnavu 15,3,72,2/3,Pre-war house,"235,000  €"
Attīstītājs un īpašnieks – kompāniju grupa “R. Evolution” – pārd,https://www.ss.com/msg/en/real-estate/flats/riga/centre/dnbbh.html,Centre Strelnieku 5,3,89,2/7,New,"394,000  €"
Pārdod dzīvokli omulīga mājā 2 strāvā. Dzīvokļa platība ir 29kvm,https://www.ss.com/msg/en/real-estate/flats/riga/sarkandaugava/befgdi.html,Sarkandaugava Ziemelu 23,1,29,2/2,Pre-war house,"18,000  €"
"Piedāvājam pārdošanai 1-istabas dzīvokli. 
Zeme ir īpašumā.",https://www.ss.com/msg/en/real-estate/flats/riga/tornjakalns/aakeb.html,Tornjakalns Koku 10,1,39,5/5,Sm.fam.,"38,800  €"
"Īpašnieks pārdod 2-istabu dzīvokli 38m2 Daugavpils ielā 48a, iek",https://www.ss.com/msg/en/real-estate/flats/riga/maskavas-priekshpilseta/fcfni.html,Latgales priekshpilset Daugavpils 48a,2,38,1/6,Pre-war house,"35,000 €"
"Pārdod 62, 3 m² plašu 2-istabu dzīvokli Vecrīgas centrā, dažu so",https://www.ss.com/msg/en/real-estate/flats/riga/vecriga/agnnm.html,Vecriga Laipu 8,2,62,2/4,Pre-war house,"157,000 €"
"Светлая, чистая и уютная квартира готова к заселению. Ухоженный",https://www.ss.com/msg/en/real-estate/flats/riga/ziepniekkalns/cmjjo.html,Ziepniekkalns Valdeku 62,2,50,8/9,602-th,"62,800  €"
Super skaists dzīvoklis privātmājā ar savu zaļo zonu un plašu te,https://www.ss.com/msg/en/real-estate/flats/riga/bierini/bcccb.html,Bierini Upesgrivas 26,4,123,2/1,Priv.house,"198,500  €"
"Pārdod gaišu pagraba stāva telpu 37 m² platībā, Dagdas ielā 5, R",https://www.ss.com/msg/en/real-estate/flats/riga/centre/adnle.html,Centre Dagdas 5,1,37,1/5,Pre-war house,"25,000  €"
Продается просторная двухэтажная квартира. В квартире установлен,https://www.ss.com/msg/en/real-estate/flats/riga/mezhciems/dbokp.html,Mezhciems Eizenshteina 57,5,129,9/9,602-th,"119,000  €"
Ar pilnu virtuves aprīkojumu jau komplektācijā - pārdošanā pēdēj,https://www.ss.com/msg/en/real-estate/flats/riga/shampeteris-pleskodale/bchnlh.html,Shampeteris-Pleskodale Lielirbes 9a,3,47,3/4,Recon.,"119,000  €"
"Pārdodu modernu, ērta plānojuma 3 istabu dzīvokli aprīkotu ar kv",https://www.ss.com/msg/en/real-estate/flats/riga/shampeteris-pleskodale/aappx.html,Shampeteris-Pleskodale Lielirbes 9A,3,47,3/4,Recon.,"119,000  €"
"Plašs, gaišs un ļoti mājīgs dzīvoklis vienā no ērtākajiem Rīgas",https://www.ss.com/msg/en/real-estate/flats/riga/ilguciems/aixbg.html,Ilguciems Dzirciema 7,3,67,3/5,Lit pr.,"79,900  €"
Рассрочка от Хозяина продаётся 4 комнатная квартира 173кв. м 10,https://www.ss.com/msg/en/real-estate/flats/riga/purvciems/gjkcn.html,Purvciems Raunas 37,4,173,1/5,Spec. pr.,"135,000  €"
Perspektīvs investīciju objekts Rīgas centrā ar potenciālu izvei,https://www.ss.com/msg/en/real-estate/flats/riga/centre/ecjkb.html,Centre Bruninieku 89,1,235,5/5,Recon.,"65,000  €"
Pārdošanā mājīgs vienistabas dzīvoklis vienā no zaļākajiem un ēr,https://www.ss.com/msg/en/real-estate/flats/riga/tornjakalns/cnxbg.html,Tornjakalns Apshu 4,1,32,2/3,Recon.,"72,390  €"
"Attīstītājs ""Yit Latvija"" piedāvā iegādāties jaunu 3-istabu dzīv",https://www.ss.com/msg/en/real-estate/flats/riga/bierini/becljb.html,Bierini Liepajas 37c,3,65,2/4,New,"170,600  €"
"Attīstītājs ""Yit Latvija"" piedāvā iegādāties jaunu 4-istabu dzīv",https://www.ss.com/msg/en/real-estate/flats/riga/bierini/befxco.html,Bierini Liepajas 37c,4,84,3/4,New,"231,400  €"
"Attīstītājs ""Yit Latvija"" piedāvā iegādāties jaunu 3-istabu dzīv",https://www.ss.com/msg/en/real-estate/flats/riga/mezhciems/omfbi.html,Mezhciems Kaivas 48b,3,64,1/6,New,"138,000  €"
Pārdošanā mājīgs studio tipa dzīvoklis koka mājā ar malkas apkur,https://www.ss.com/msg/en/real-estate/flats/riga/vecmilgravis/aflni.html,Vecmilgravis Dombrovska 9b,1,24,1/2,Pre-war house,"19,900 €"
"Piedāvājam iegādāties telpas Baznīcas ielā 41/43. 
Uz doto brīd",https://www.ss.com/msg/en/real-estate/flats/riga/centre/elxfx.html,Centre Baznicas 41/43,3,99,1/7,Spec. pr.,"169,000  €"
Продаю 2-х комнатную квартиру после капитального ремонта. новая,https://www.ss.com/msg/en/real-estate/flats/riga/purvciems/hexfe.html,Purvciems Stirnu 13b,2,39,4/5,Lit pr.,"70,000 €"
"Tiek pārdots stilīgs un plašs vienistabas dzīvoklis 36, 4 m² pla",https://www.ss.com/msg/en/real-estate/flats/riga/centre/gjjbc.html,Centre Matisa 111,1,36,1/5,Pre-war house,"38,500  €"
"Pārdod plašu, gaišu un mājīgu 4ist. dzīvokli prestižā vietā Rīga",https://www.ss.com/msg/en/real-estate/flats/riga/centre/ecpcd.html,Centre Pulkv. Briezha 7,4,109,7/7,Recon.,"290,000  €"
Предлагаем к продаже квартиру в престижном доме в Тихом центре Р,https://www.ss.com/msg/en/real-estate/flats/riga/centre/bfenho.html,Centre Vidus 11,4,124,1/5,Recon.,"290,000  €"
"Netālu no Akropoles centra pārdošanā trīsistabu dzīvoklis, vienā",https://www.ss.com/msg/en/real-estate/flats/riga/kengarags/eodid.html,Kengarags Latgales 259,3,60,3/5,Lit pr.,"59,000  €"
"Īpašnieks pārdod labiekārtotu dzīvokli, ļoti labā lokācijā.",https://www.ss.com/msg/en/real-estate/flats/riga/purvciems/elcxp.html,Purvciems Dzelzavas 67,3,60,7/9,Recon.,"125,000 €"
"Pārdod 3 istabu dzīvokli Teikā, Caunes ielā

Pārdod gaišu un ē",https://www.ss.com/msg/en/real-estate/flats/riga/teika/emehl.html,Teika Caunes 10,3,79,5/7,Spec. pr.,"143,000  €"
"Plašs 4 istabu dzīvoklis jūgendstila ēkā Blaumaņa ielā 31
+ Pie",https://www.ss.com/msg/en/real-estate/flats/riga/centre/gjjdb.html,Centre Blaumana 31,4,94,2/6,Pre-war house,"260,000  €"
"Forburgas kvartālā, vienā no Rīgas elegantākajiem un pieprasītāk",https://www.ss.com/msg/en/real-estate/flats/riga/centre/dffpb.html,Centre Ausekla 5,6,205,2/6,Pre-war house,"690,000  €"
Autora apartaments Mežaparkā: Divlīmeņu dzīvoklis ar unikālu rak,https://www.ss.com/msg/en/real-estate/flats/riga/mezhapark/idien.html,Mezhapark Viestura pr. 83,6,150,2/2,Recon.,"350,000 €"
"Pārdod plašu 4 istabu dzīvokli ar kopējo platību 98, 3 m², kas a",https://www.ss.com/msg/en/real-estate/flats/riga/shampeteris-pleskodale/bxncn.html,Shampeteris-Pleskodale Apuzes 41,4,98,2/3,New,"164,000  €"
Продается 2-х комнатная квартира в хорошем состоянии. Сделан кос,https://www.ss.com/msg/en/real-estate/flats/riga/vecmilgravis/bkcgcc.html,Vecmilgravis Kalngales 9,2,50,2/9,602-th,"50,000  €"
Pārdošanā neliels 3. istabu dzīvoklis jaunajā projektā “Bieriņu,https://www.ss.com/msg/en/real-estate/flats/riga/bierini/aijcm.html,Bierini Kantora 10,3,48,2/2,New,"133,100  €"
"Pārdod mājīgu, kompaktu 2 istabu dzīvokli 4. stāvā (32, 7 m²) La",https://www.ss.com/msg/en/real-estate/flats/riga/maskavas-priekshpilseta/edhdh.html,Latgales priekshpilset Pirts 9,2,33,4/4,Pre-war house,"41,000  €"
Pārdošanā mājīgs un atjaunots 2 istabu dzīvoklis Āgenskalnā.,https://www.ss.com/msg/en/real-estate/flats/riga/agenskalns/bfxhpm.html,Agenskalns Melnsila 20,2,43,5/5,Chrusch.,"70,000  €"
Vienreizējs piedāvājums priekš sevis vai Investīcijai - Elegantā,https://www.ss.com/msg/en/real-estate/flats/riga/grizinkalns/bpmhcn.html,Grizinkalns Chaka 70,Other,730,7/7,Pre-war house,"160,000  €"
Tiek pārdots pilnībā renovēts 3-istabu dzīvoklis pašā Rīgas cent,https://www.ss.com/msg/en/real-estate/flats/riga/centre/bebmii.html,Centre Lachplesha 65,3,84,2/6,Pre-war house,"210,000  €"
"3 istabu dzīvoklis ar stāvvietu Rīgas centrā. 
Ērts un pilnībā",https://www.ss.com/msg/en/real-estate/flats/riga/centre/ejgbk.html,Centre Elijas 26,3,69,4/6,New,"220,000  €"
Plašas istabas. Augsti griesti. Divas lodžijas. Miers un klusums,https://www.ss.com/msg/en/real-estate/flats/riga/agenskalns/bcilge.html,Agenskalns Liepajas 2,5,157,2/5,New,"321,000  €"
"Pārdod gaišu un ļoti siltu 3 - istabu dzīvokli 119 . sērijā. 
P",https://www.ss.com/msg/en/real-estate/flats/riga/purvciems/ekhec.html,Purvciems Brantkalna 15,3,78,9/9,119-th,"109,200  €"
"Pārdošanā saulains, gaišs 2 istabu dzīvoklis ar ērtu plānojumu k",https://www.ss.com/msg/en/real-estate/flats/riga/vecmilgravis/bkeefj.html,Vecmilgravis Meldru 24,2,50,4/5,Lit pr.,"41,700  €"
"Pārdod 2 istabu dzīvokli Sarkandaugavā

Pārdod saulainu, gaišu",https://www.ss.com/msg/en/real-estate/flats/riga/sarkandaugava/dhxhb.html,Sarkandaugava Sarkandaugavas 11,2,50,3/9,602-th,"52,900  €"
Īpašnieks pārdod siltu un pārdomātu 1-istabas dzīvokli Krasta ma,https://www.ss.com/msg/en/real-estate/flats/riga/krasta-st-area/lkgpi.html,Krasta st. area Salacas 27,1,31,1/3,Spec. pr.,"43,500  €"
A+ energoefektivitāte. “Krasta Kvartāls” Bonava. Ļoti rets piedā,https://www.ss.com/msg/en/real-estate/flats/riga/centre/dxkid.html,Centre Latgales 190,2,46,4/9,New,"125,000  €"
"Iztirgojam māju pa dzīvokļiem. 
Dzīvoklis Nr. 49
 Kluss, saula",https://www.ss.com/msg/en/real-estate/flats/riga/centre/bcijge.html,Centre Chaka 133,1,28,4/6,Pre-war house,"42,500  €"
"2 konkrētas automašīnas vietas slēgtā pagalmā. 
Dzīvoklis renov",https://www.ss.com/msg/en/real-estate/flats/riga/centre/dgbjm.html,Centre Brivibas 142,5,108,2/6,Recon.,"175,000  €"
Iztirgojam māju pa dzīvokļiem. Izvilkti jauni ūdens un kanalizāc,https://www.ss.com/msg/en/real-estate/flats/riga/centre/eofpp.html,Centre Chaka 133,1,26,5/6,Pre-war house,"40,100  €"
"Kompakts un ļoti ekonomisks dzīvoklis pirmskara mūra mājā, kuru",https://www.ss.com/msg/en/real-estate/flats/riga/centre/aeefd.html,Centre Chaka 133,1,34,3/6,Pre-war house,"41,260  €"
Īpaŝnieks pārdod labiekārtotu dzīvokli. Dzīvoklī ir visa nepieci,https://www.ss.com/msg/en/real-estate/flats/riga/purvciems/aexbn.html,Purvciems Burtnieku 35,1,12,1/4,Chrusch.,"23,500  €"
"Īpašnieks pārdod vienistabas dzīvokli Mežaparkā. Mūra ēkā, pagal",https://www.ss.com/msg/en/real-estate/flats/riga/mezhapark/dlpmo.html,Mezhapark Gaujas 37a,1,23,3/3,Pre-war house,"27,900  €"
"Pārdod dzīvokli, kurā ziemā ir silti, bet vasarā patīkami vēss.",https://www.ss.com/msg/en/real-estate/flats/riga/centre/ajcxd.html,Centre Nitaures 4,2,58,2/5,Stalin project,"115,000  €"
Īpašnieks pārdod remontējamu dzīvokli Teikā. Dzīvoklī uzmūrēta k,https://www.ss.com/msg/en/real-estate/flats/riga/teika/deoxc.html,Teika Ropazhu 93,1,27,2/2,Pre-war house,"18,000  €"
A+ energoefektivitāte. “Krasta Kvartāls” Bonava. Ļoti rets piedā,https://www.ss.com/msg/en/real-estate/flats/riga/krasta-st-area/lpmnp.html,Krasta st. area Kridenera d. 4,2,46,4/9,New,"125,000  €"
"Īpašnieks pārdod dzīvokli Teikā. Liels, kopts pagalms, vieta šķū",https://www.ss.com/msg/en/real-estate/flats/riga/teika/ahhjh.html,Teika Ropazhu 91,2,24,2/2,Pre-war house,"18,800  €"
"Pārdod dzīvokli Rīgas centrā ar svaigu remontu

Gaišs un silts",https://www.ss.com/msg/en/real-estate/flats/riga/centre/deiop.html,Centre Birznieka-Upisha 20,2,35,4/6,New,"123,000  €"
Pārdodu remontējamu dzīvokli. Nomainīti logi. Ir gāzes pieslēgum,https://www.ss.com/msg/en/real-estate/flats/riga/centre/bcjnlx.html,Centre Matisa 83,5,107,2/5,Pre-war house,"160,000  €"
Pārdod plašu un gaišu 3 istabu dzīvokli 119. sērijas mājā. Dzīvo,https://www.ss.com/msg/en/real-estate/flats/riga/plyavnieki/icgfk.html,Plyavnieki Ilukstes 34,3,79,4/9,119-th,"96,720  €"
"Pārdod plašu un siltu 4 istabu dzīvokli Pļavniekos. 

Dzīvokli",https://www.ss.com/msg/en/real-estate/flats/riga/plyavnieki/dhgkg.html,Plyavnieki Jasmuizhas 13,4,74,2/9,467-th,"67,600  €"
Pārdod 2.istabas dzīvokli bez remonta ar lielisku lokāciju un be,https://www.ss.com/msg/en/real-estate/flats/riga/agenskalns/bcilgh.html,Agenskalns Dreilinu 16,2,43,4/5,Chrusch.,"60,000  €"
"Pārdod plašu un gaišu 4 istabu dzīvokli Rostokas ielā 22, Zolitū",https://www.ss.com/msg/en/real-estate/flats/riga/zolitude/aegnn.html,Zolitude Rostokas 22,4,90,4/6,119-th,"95,000  €"
Pārdošanā 1 istabas dzīvoklis(35.50m2) 8.stāvā ar skatu uz pilsē,https://www.ss.com/msg/en/real-estate/flats/riga/kengarags/ahhff.html,Kengarags Latgales 313,1,36,8/12,Sm.fam.,"35,000  €"
Pārdošanā gaišs un pilnībā dzīvošanai gatavs 3 istabu dzīvoklis,https://www.ss.com/msg/en/real-estate/flats/riga/imanta/diicf.html,Imanta Jurmalas g. 101,3,63,9/9,602-th,"99,900  €"
"3 istabu dzīvoklis prestižajā Felicity Apartments projektā

Ja",https://www.ss.com/msg/en/real-estate/flats/riga/centre/bekfml.html,Centre Birznieka-Upisha 13,3,76,2/7,New,"230,000  €"
"Tiek piedāvāts mājīgs, gaišs un funkcionāli plānots dzīvoklis, k",https://www.ss.com/msg/en/real-estate/flats/riga/bolderaya/fcplf.html,Bolderaya Lemeshu 1,3,63,2/2,Stalin project,"78,800  €"
Vēsturiskas koka mājas šarms apvienojumā ar mūsdienīgu komfortu,https://www.ss.com/msg/en/real-estate/flats/riga/agenskalns/bknxhk.html,Agenskalns Kalnciema 21,Other,173,1/2,Recon.,"430,000  €"
"Unikāls divlīmeņu apartaments pie Ķīšezera Mežaparkā. 

Tiešs",https://www.ss.com/msg/en/real-estate/flats/riga/mezhapark/aachm.html,Mezhapark Ezermalas 18b,4,203,2/3,Spec. pr.,"545,000  €"
"Mūsdienīga dzīvesvieta zaļā un mierīgā Rīgas apkārtnē - Berģos,",https://www.ss.com/msg/en/real-estate/flats/riga/bergi/blkpol.html,Bergi Kaktusu 6,3,86,2/2,Recon.,"198,888  €"
Tiek pārdots studijas tipa 2 istabu dzīvoklis jaunajā projektā “,https://www.ss.com/msg/en/real-estate/flats/riga/aplokciems/bmpmij.html,Aplokciems Briezhu 9,2,46,4/6,New,"109,000  €"
"Brooklyn Gates - Vēstures Šarms. Moderns Potenciāls. 

Piedāvā",https://www.ss.com/msg/en/real-estate/flats/riga/centre/adjln.html,Centre Gertrudes 110,1,25,1/5,Pre-war house,"38,858  €"
Prestižākajā Rīgas rajonā pārdošanā nonācis liels 4 istabu dzīvo,https://www.ss.com/msg/en/real-estate/flats/riga/centre/dmkef.html,Centre Ausekla 5,4,155,2/4,Recon.,"405,000  €"
"Īpašnieks pārdod 2-istabu dzīvokli. Viena istaba izolēta, otra a",https://www.ss.com/msg/en/real-estate/flats/riga/mezhciems/hcmkx.html,Mezhciems Kaivas 50/4,2,37,5/5,New,"75,000  €"
Dzīvoklis vienā no skaistākajām jūgendstila ēkām Rīgas vēsturisk,https://www.ss.com/msg/en/real-estate/flats/riga/centre/acgnl.html,Centre Ausekla 5,4,155,2/4,Recon.,"405,000  €"
"Plašs 2 istabu dzīvoklis jaunajā projektā Trebū Home. 

Trebū",https://www.ss.com/msg/en/real-estate/flats/riga/plyavnieki/hgjmn.html,Plyavnieki Kupricu 3C,2,56,6/6,New,"137,900  €"
"Plašs 3 istabu dzīvoklis jaunajā projektā Trebū Home

Trebū Ho",https://www.ss.com/msg/en/real-estate/flats/riga/plyavnieki/ajgbk.html,Plyavnieki Kupricu 3A,3,72,3/6,New,"179,700  €"
"Plašs 4-istabu dzīvoklis jaunajā projektā Trebū Home. 

Trebū",https://www.ss.com/msg/en/real-estate/flats/riga/plyavnieki/exgif.html,Plyavnieki Kupricu 3C,4,85,5/6,New,"211,900  €"
Pārdošanā gaišs un plašs 131 m² dzīvoklis Zolitūdē ar skatu uz z,https://www.ss.com/msg/en/real-estate/flats/riga/zolitude/eedhd.html,Zolitude Anninmuizhas 7,3,131,8/10,New,"188,000 €"
Saistībā ar pārvākšanos uz ārzemēm nesteidzīgi tiek pārdots trīs,https://www.ss.com/msg/en/real-estate/flats/riga/dzeguzhkalns/bemkpc.html,Dzeguzhkalns Slokas 86,3,68,3/3,New,"204,074  €"
"Pārdod saulainu, gaišu, plašu 2 istabu, mēbelētu, ērta plānojuma",https://www.ss.com/msg/en/real-estate/flats/riga/centre/dxgdd.html,Centre Tomsona 30,2,75,3/9,New,"220,000  €"
"Pārdod gaišu, saulainu, mājīgu, mūsdienīgu 2 istabu dzīvokli Pur",https://www.ss.com/msg/en/real-estate/flats/riga/purvciems/aicjk.html,Purvciems Madonas 2,2,42,5/5,New,"95,000  €"
"Piedāvājam unikālu iespēju iegādāties prestižu īpašumu, kas atsp",https://www.ss.com/msg/en/real-estate/flats/riga/centre/ahjhb.html,Centre Baznicas 39,4,137,2/5,Recon.,"450,000  €"
"Pārdodam mājīgu, ļoti gaišu un plašu 78 kvm trīs istabu dzīvokli",https://www.ss.com/msg/en/real-estate/flats/riga/purvciems/bjekk.html,Purvciems Madonas 25,3,78,7/9,119-th,"109,000 €"
Pārdošanā stilīgs un plašs trīsistabu dzīvoklis modernajā dzīvoj,https://www.ss.com/msg/en/real-estate/flats/riga/yugla/nkpeo.html,Yugla Murjanu 153,3,79,3/4,New,"188,000  €"
"Продаётся 3-х комнатная квартира на девятом этаже. 

В квартир",https://www.ss.com/msg/en/real-estate/flats/riga/plyavnieki/amixd.html,Plyavnieki Zemes 15,3,62,9/9,602-th,"67,000  €"
Rezervācijai tiek piedāvāts 2 istabu dzīvoklis jaunajā projektā,https://www.ss.com/msg/en/real-estate/flats/riga/ziepniekkalns/blbbg.html,Ziepniekkalns Malu 18,2,43,2/4,New,"108,500  €"
Rezervācijai tiek piedāvāts 2 istabu dzīvoklis jaunajā projektā,https://www.ss.com/msg/en/real-estate/flats/riga/ziepniekkalns/bxchdc.html,Ziepniekkalns Malu 18,2,38,4/4,New,"94,500  €"
"Zeme īpašumā, fasādes māja, slēgts pagalms, ieeja no ielas un pa",https://www.ss.com/msg/en/real-estate/flats/riga/centre/ahhxo.html,Centre Baznicas 45,2,50,1/6,Pre-war house,"88,000  €"
"No attīstītāja- 3 istabu dzīvoklis projektā ""Deglava Gleznotāju",https://www.ss.com/msg/en/real-estate/flats/riga/plyavnieki/cfhdbj.html,Plyavnieki Dravnieku 3 K-3,3,69,10/10,New,"153,828  €"
Pārdod plašu četristabu dzīvokli Rīgas vēsturiskajā centrā – Ģer,https://www.ss.com/msg/en/real-estate/flats/riga/centre/aemcg.html,Centre Gertrudes 55,4,86,2/6,Pre-war house,"177,000  €"
Pārdod augstas kvalitātes tikko remontētu dzīvokli rekonstruētā,https://www.ss.com/msg/en/real-estate/flats/riga/centre/bedjki.html,Centre Baznicas 39,4,137,2/5,Recon.,"450,000  €"
"Vienistabas dzīvoklis trešajā stāvā, Pirmskara laikā ēkā. Griest",https://www.ss.com/msg/en/real-estate/flats/riga/maskavas-priekshpilseta/flnib.html,Latgales priekshpilset Reznas 7B,1,29,3/3,Pre-war house,"39,000  €"
Attīstītājs piedāvā iegādāties trīs istabu dzīvokli Nr. 3 projek,https://www.ss.com/msg/en/real-estate/flats/riga/centre/agelp.html,Centre Skolas 17,3,63,2/7,New,"217,826  €"
Pārdod 2-istabu dzīvokli Iļģuciemā – tiks atbrīvots tuvākajā lai,https://www.ss.com/msg/en/real-estate/flats/riga/ilguciems/ehhxk.html,Ilguciems Saulgozhu 17,2,43,2/5,Chrusch.,"40,800 €"
Pārdod 2-istabu dzīvokli renovētā ēkā Āgenskalnā. Dzīvoklis tiek,https://www.ss.com/msg/en/real-estate/flats/riga/agenskalns/eelcj.html,Agenskalns Ranka d. 31,2,45,3/4,Recon.,"85,000  €"
Attīstītājs River properties piedāvā iegādāties divistabu dzīvok,https://www.ss.com/msg/en/real-estate/flats/riga/centre/adlkj.html,Centre Skolas 17,2,50,2/7,New,"182,383  €"
"Pārdod kompaktu, pārdomātu un pilnībā renovētu studio tipa dzīvo",https://www.ss.com/msg/en/real-estate/flats/riga/yugla/hfcnm.html,Yugla Brivibas g. 387,1,49,1/4,Pre-war house,"39,000  €"
"Pārdod 3 istabu dzīvokli Pļavniekos, Zemes ielā 11. 602. sērija,",https://www.ss.com/msg/en/real-estate/flats/riga/plyavnieki/bebbbn.html,Plyavnieki Zemes 11,3,63,4/9,602-th,"70,000  €"
"Jauns dzīvoklis jaunā energoefektīvā mājā. Māja izvietota zaļā,",https://www.ss.com/msg/en/real-estate/flats/riga/other/agcjl.html,Other Pupuķu 15,3,62,1/4,New,"144,244  €"
Attīstītājs un īpašnieks – kompāniju grupa R. Evolution – pārdod,https://www.ss.com/msg/en/real-estate/flats/riga/agenskalns/bcjlkd.html,Agenskalns Ranka d. 34,4,113,6/22,New,"276,000  €"
"Pārdodu dzīvokli jaunajā projektā ""Čiekurkalna parkā"" par 116 tk",https://www.ss.com/msg/en/real-estate/flats/riga/chiekurkalns/bjbgfb.html,Chiekurkalns Chiekurkalna 2. l. 49a,2,60,2/5,New,"116,000  €"
"Jauns piedāvājums Mežciemā. 
Pārdod gaišu, saulainu un pilnībā",https://www.ss.com/msg/en/real-estate/flats/riga/mezhciems/gxlno.html,Mezhciems Druvienas 21,2,37,5/5,Lit pr.,"46,800  €"
"Īpašnieks pārdod 3-istabu dzīvokli Kreimeņu ielā 5A, Rīgā. 

P",https://www.ss.com/msg/en/real-estate/flats/riga/vecmilgravis/bineoc.html,Vecmilgravis Kreimenu 5A,3,63,5/5,Chrusch.,"69,000  €"
Moderns 4-istabu dzīvoklis Rīgas centrā ar pārdomātu dizainu un,https://www.ss.com/msg/en/real-estate/flats/riga/centre/fdnjh.html,Centre Ganibu d. 11,4,89,5/6,New,"298,000 €"
Продается 2-х комнатная квартира с удобной планировкой . Комнаты,https://www.ss.com/msg/en/real-estate/flats/riga/vecmilgravis/cnfkp.html,Vecmilgravis Vecmilgravja 1. l. 54,2,51,4/5,Lit pr.,"40,300  €"
Piedāvājam iegādāties unikālu četru istabu dzīvokli prestižā jau,https://www.ss.com/msg/en/real-estate/flats/riga/centre/eoinp.html,Centre Rupniecibas 44,4,164,6/7,New,"499,000  €"
Pārdod izremontētu dzīvokli Indrānu ielā 9 – gatavs dzīvošanai v,https://www.ss.com/msg/en/real-estate/flats/riga/centre/hekpk.html,Centre Indranu 9,3,40,3/4,Pre-war house,"93,100  €"
"Plašums, kas pilsētas centrā sastopams arvien retāk – šis dzīvok",https://www.ss.com/msg/en/real-estate/flats/riga/centre/belofc.html,Centre Rupniecibas 5,6,252,4/5,Recon.,"465,000  €"
"Kluss, saulains 2 istabu dzīvoklis (Nr. 36) ar saunu. Dzīvojamā",https://www.ss.com/msg/en/real-estate/flats/riga/centre/bcndgk.html,Centre Chaka 133,2,43,2/6,Pre-war house,"74,750  €"
Pārdod dzīvokli ar balto apdari dzīvokli jaunajā projektā – Paus,https://www.ss.com/msg/en/real-estate/flats/riga/centre/cbjpl.html,Centre Gertrudes 56,1,15,4/5,Recon.,"47,500  €"
Pārdod dzīvokli ar balto apdari dzīvokli jaunajā projektā – Paus,https://www.ss.com/msg/en/real-estate/flats/riga/centre/bcxmjd.html,Centre Gertrudes 56,2,40,4/5,Recon.,"119,500  €"
Pārdod dzīvokli ar balto apdari dzīvokli jaunajā projektā – Paus,https://www.ss.com/msg/en/real-estate/flats/riga/centre/bckkxb.html,Centre Gertrudes 56,2,30,4/5,Recon.,"86,500  €"
Pārdod divus dzīvokļus - 100 kv m un visu zemi 665 kv m (kaimiņa,https://www.ss.com/msg/en/real-estate/flats/riga/maskavas-priekshpilseta/affim.html,Latgales priekshpilset M. Kalna 4,4,100,1/2,Pre-war house,"145,000  €"
Kaktusu iela 6 – jauns dzīvokļu projekts Berģos pie Brīvdabas mu,https://www.ss.com/msg/en/real-estate/flats/riga/bergi/bdopex.html,Bergi Kaktusu 6,3,77,1/2,Recon.,"198,888  €"
Piedāvājumā 4 istabu dzīvoklis ar savu atsevišķu ieeju un neliel,https://www.ss.com/msg/en/real-estate/flats/riga/bergi/blkpop.html,Bergi Kaktusu 6,4,105,1/2,Recon.,"248,888  €"
"Pārdošanā plašs, mūsdienīgs 3 istabu dzīvoklis jaunajā projektā",https://www.ss.com/msg/en/real-estate/flats/riga/purvciems/hexbx.html,Purvciems Dudajeva g. 9A,3,119,2/7,New,"217,000  €"
Nekustamā īpašuma attīstītājs Pillar piedāvā 3 istabu dzīvokli j,https://www.ss.com/msg/en/real-estate/flats/riga/mezhciems/fiodj.html,Mezhciems Eizenshteina 47,5,67,9/10,New,"169,005  €"
"Pārdod izremontētu 1 istabas dzīvokli Imantā, Kurzemes prospektā",https://www.ss.com/msg/en/real-estate/flats/riga/imanta/bmhhm.html,Imanta Kurzemes pr. 122,1,36,7/9,602-th,"49,900  €"
Pārdošanā 428 m² bēniņu telpas virs 5. stāva Staļina laika Ēkā.,https://www.ss.com/msg/en/real-estate/flats/riga/centre/bfffem.html,Centre Ierochu 1,1,428,5/5,Stalin project,"54,000  €"
Piedāvājam iespēju iegādāties trīs istabu dzīvokli “Dreiliņu pri,https://www.ss.com/msg/en/real-estate/flats/riga/dreilini/cbnog.html,Dreilini Valtera 1,3,73,5/9,New,"171,300  €"
Piedāvājam iespēju iegādāties 2 istabu dzīvokli “Dreiliņu priedē,https://www.ss.com/msg/en/real-estate/flats/riga/dreilini/cfohxk.html,Dreilini Valtera 1,2,50,9/9,New,"126,600  €"
Pārdod 2-istabu dzīvokli renovētā ēkā Teikā Kastrānes Ielā 1 K-2,https://www.ss.com/msg/en/real-estate/flats/riga/teika/bniij.html,Teika Kastranes 1 k-2,2,54,2/5,Recon.,"80,000  €"
Pārdošanā unikāla investīciju iespēja pašā Rīgas centrā - plašs,https://www.ss.com/msg/en/real-estate/flats/riga/centre/bfdinx.html,Centre Marijas 15,6,146,2/7,Pre-war house,"150,820  €"
Saulains 2-istabu dzīvoklis kvalitatīvā pirmskara mūra ēkā ar pi,https://www.ss.com/msg/en/real-estate/flats/riga/centre/beopdk.html,Centre Brivibas 138,2,48,5/6,Pre-war house,"79,695  €"
Pillar piedāvā iespēju iegādāties divistabu dzīvokli projektā “M,https://www.ss.com/msg/en/real-estate/flats/riga/mezhciems/gpnem.html,Mezhciems Eizenshteina 47A,2,45,9/10,New,"114,800  €"
Tiek pārdots 2 istabu dzīvoklis ar divām izolētām istabām. Dzīvo,https://www.ss.com/msg/en/real-estate/flats/riga/purvciems/ecoln.html,Purvciems Dudajeva g. 3,2,49,5/5,Lit pr.,"67,000 €"
"Pārdod plašu 3 istabu dzīvokli Rīgas centrā
Pārdošanā plašs un",https://www.ss.com/msg/en/real-estate/flats/riga/centre/beckbj.html,Centre Lastadijas 60,3,109,2/4,Pre-war house,"207,100  €"
Šis gaišais studio tipa dzīvoklis Grīziņkalnā ir lieliska izvēle,https://www.ss.com/msg/en/real-estate/flats/riga/centre/aaadd.html,Centre Sapieru 3B,1,31,1/5,New,"65,500  €"
"Pārdod 3-istabu dzīvokli Ķengarāgā – Salaspils ielā 6 k-2.

Pi",https://www.ss.com/msg/en/real-estate/flats/riga/kengarags/gjjji.html,Kengarags Salaspils 6 k2,3,60,2/5,Lit pr.,"62,000  €"
Pārdošanā plašs un gaišs 4 istabu dzīvoklis vienā no pieprasītāk,https://www.ss.com/msg/en/real-estate/flats/riga/centre/adlbc.html,Centre Grostonas 21,4,110,8/10,New,"345,000 €"
Pārdod plašu 2-istabu dzīvokli ar savu individuālo centrālapkuri,https://www.ss.com/msg/en/real-estate/flats/riga/centre/admpf.html,Centre Valmieras 6,2,51,2/3,Pre-war house,"32,500  €"
"Investīciju dzīvoklis jaunā dzīvojamajā kompleksā, kas atrodas K",https://www.ss.com/msg/en/real-estate/flats/riga/agenskalns/bepnbp.html,Agenskalns Kugu 15,2,43,2/3,Recon.,"145,000  €"
"Tiek pārdots 4-istabu dzīvoklis unikālā, gleznainā vietā vēsturi",https://www.ss.com/msg/en/real-estate/flats/riga/ilguciems/ajjeb.html,Ilguciems Daugavgrivas 1B,4,71,2/3,Stalin project,"29,890  €"
Plašs 3 istabu dzīvoklis 100 m² ar pazemes autostāvvietu un noli,https://www.ss.com/msg/en/real-estate/flats/riga/zolitude/alcph.html,Zolitude Anninmuizhas 20,3,100,3/5,New,"155,000  €"
Pārdošanā ekskluzīvs un gaumīgi iekārtots 3-istabu dzīvoklis jau,https://www.ss.com/msg/en/real-estate/flats/riga/centre/dojjm.html,Centre Miera 57a,3,133,4/4,New,"397,600  €"
"Pārdod mājīgu 1 istabas dzīvokli Purvciema sākumā, gandrīz Rīgas",https://www.ss.com/msg/en/real-estate/flats/riga/purvciems/cgdlp.html,Purvciems Burtnieku 35,1,12,4/4,Sm.fam.,"20,950  €"
Продаю квартирa офис82.1м2.Высокий бельэтж. Два входа один с ули,https://www.ss.com/msg/en/real-estate/flats/riga/centre/fffmm.html,Centre Blaumana 25,3,82,1/5,Pre-war house,"98,000  €"
"Tiek pārdots 2 istabu dzīvoklis. 
+zeme ipašuma
+ 2 istabas iz",https://www.ss.com/msg/en/real-estate/flats/riga/purvciems/hxnxd.html,Purvciems Zvaigznaja g. 14,2,50,1/5,Lit pr.,"55,000  €"
Tiek pārdots dzīvoklis 13. stāvā ar panorāmas skatu uz Vecrīgu u,https://www.ss.com/msg/en/real-estate/flats/riga/agenskalns/bjnmbf.html,Agenskalns Ranka d. 34,3,93,13/23,New,"334,200  €"
Tiek pārdots investīciju dzīvoklis izīrēšanai ar auto stāvvietu,https://www.ss.com/msg/en/real-estate/flats/riga/centre/cholx.html,Centre Ganibu d. 31b,1,30,2/5,Recon.,"38,000  €"
Pārdodu plašu 4 istabu dzīvokli Mežciemā - Hipokrāta iela 21. 60,https://www.ss.com/msg/en/real-estate/flats/riga/mezhciems/nclhl.html,Mezhciems Hipokrata 21,4,75,3/9,602-th,"72,000  €"
Pārdošanā 1 istabas dzīvoklis Čiekurkalnā ar savu zemes domājamo,https://www.ss.com/msg/en/real-estate/flats/riga/chiekurkalns/cifgi.html,Chiekurkalns Chiekurkalna 2. l. 67,1,21,1/2,Recon.,"17,500  €"
"Pārdošanā silts, saulains un plašs dzīvoklis vienā no labākajiem",https://www.ss.com/msg/en/real-estate/flats/riga/purvciems/agnep.html,Purvciems Puces 43,4,109,5/8,New,"225,000  €"
Vēlies dzīvot 3 istabu dzīvokli zaļā apkaimē? Jauns projekts Zaļ,https://www.ss.com/msg/en/real-estate/flats/riga/yugla/okeng.html,Yugla Juglas 23,3,68,2/6,New,"165,300 €"
2 istabu dzīvoklis ar skatu uz Juglas ezeru. Jauns projekts Zaļā,https://www.ss.com/msg/en/real-estate/flats/riga/yugla/cbmmk.html,Yugla Juglas 23,2,47,2/6,New,"116,500 €"
4 istabu dzīvoklis Juglas ezera krastā. Jauns projekts Zaļā Jugl,https://www.ss.com/msg/en/real-estate/flats/riga/yugla/hmndh.html,Yugla Juglas 23,4,85,2/6,New,"218,200 €"
Piedāvājumā mājīgs un funkcionāli plānots dzīvoklis Ziepniekkaln,https://www.ss.com/msg/en/real-estate/flats/riga/ziepniekkalns/acopx.html,Ziepniekkalns Ozolciema 20/2,3,76,3/5,New,"125,000  €"
"Mājīgs un gaišs divistabu dzīvoklis Rīgas centrā ar patīkamu, au",https://www.ss.com/msg/en/real-estate/flats/riga/centre/ffnkd.html,Centre Tallinas 52,2,59,3/5,Pre-war house,"110,000  €"
Nekustamo īpašumu attīstītājs SIA Kbo piedāvā iegādāties plašu 3,https://www.ss.com/msg/en/real-estate/flats/riga/imanta/bexnbe.html,Imanta Akaciju 2F,3,76,2/9,New,"208,580  €"
Предлагается светлая и полностью обновленная квартира на 1 этаже,https://www.ss.com/msg/en/real-estate/flats/riga/centre/bhkke.html,Centre Ganibu d. 12A,2,44,1/2,Stalin project,"79,000  €"
Pārdošanā vienistabas dzīvoklis ar loftu projektā - Čiekurkalna,https://www.ss.com/msg/en/real-estate/flats/riga/chiekurkalns/beegbm.html,Chiekurkalns Chiekurkalna 7. cr. l.,1,24,4/4,New,"59,800  €"
"Namīpašnieks pārdot, tikko no īrniekiem atbrīvotu, 3 istabu dzīv",https://www.ss.com/msg/en/real-estate/flats/riga/centre/gjjhg.html,Centre Stabu 6,3,66,2/6,Pre-war house,"90,000  €"
Pārdod gaišu un plašu 467. sērijas dzīvokli ar individuālu plāno,https://www.ss.com/msg/en/real-estate/flats/riga/purvciems/fkflc.html,Purvciems Puces 53,2,75,7/9,467-th,"75,000  €"
Pārdodu kompaktu 1-istabas studijas tipa dzīvokli renovētā ēkā.,https://www.ss.com/msg/en/real-estate/flats/riga/bierini/dbxdc.html,Bierini Ives 3,1,21,2/4,Recon.,"52,020  €"
"Pārdod 1-istabas dzīvokli Sarkandaugavā ar kopējo platību 39, 7",https://www.ss.com/msg/en/real-estate/flats/riga/centre/exepf.html,Centre Duntes 31,1,40,2/3,Pre-war house,"32,500  €"
"Pārdošanā ir skaists divu istabu dzīvoklis blakus parkam ""Ziedoņ",https://www.ss.com/msg/en/real-estate/flats/riga/centre/hegom.html,Centre Chaka 72,2,35,3/4,Recon.,"86,000  €"
"Pārdodu nelielu, mājīgu dzīvokli ar visām ērtībām. Dzīvoklī ir u",https://www.ss.com/msg/en/real-estate/flats/riga/centre/bfecn.html,Centre Petersalas 7,1,24,1/4,Pre-war house,"45,000  €"
"Pārdodam divu istabu dzīvokli ideālā lokācijā Rīgas centrā. 
Ēk",https://www.ss.com/msg/en/real-estate/flats/riga/centre/dxbhm.html,Centre Ganibu d. 6,2,43,1/2,Stalin project,"49,900  €"
"Pārdod vienistabas dzīvokli ēkā, kas atrodas Kalnciema ielā 20A.",https://www.ss.com/msg/en/real-estate/flats/riga/agenskalns/gdgdh.html,Agenskalns Kalnciema 20,1,30,1/2,Pre-war house,"36,200  €"
"Новинка на рынке недвижимости. 
Квартира под ремонт. 
Покупай",https://www.ss.com/msg/en/real-estate/flats/riga/centre/clhmo.html,Centre Stabu 6,3,91,2/6,Pre-war house,"117,000  €"
"Īpašnieks pārdod dzīvokli, 119.sērija, 3. stāvs, rīta saule. 
D",https://www.ss.com/msg/en/real-estate/flats/riga/ziepniekkalns/foxln.html,Ziepniekkalns Islices 9,1,44,3/10,119-th,"55,500  €"
Īpašnieks pārdod dzīvokli vēsturiskā ēkā pašā Rīgas centrā pie t,https://www.ss.com/msg/en/real-estate/flats/riga/centre/ahidj.html,Centre Marijas 1,3,80,3/6,Pre-war house,"115,000  €"
Īpašnieks pārdod 3 istabu dzīvokli(atbrīvots un bez jebkada veid,https://www.ss.com/msg/en/real-estate/flats/riga/vecmilgravis/eebni.html,Vecmilgravis Sarmas 7,3,65,8/9,602-th,"67,000  €"
2 istabu dzīvoklis renovētā un siltinātā pagalma ēkā Artilērijas,https://www.ss.com/msg/en/real-estate/flats/riga/centre/feocm.html,Centre Artilerijas 11,2,36,3/3,Recon.,"83,000  €"
2 istabu dzīvoklis renovētā un siltinātā pagalma ēkā Artilērijas,https://www.ss.com/msg/en/real-estate/flats/riga/centre/defnj.html,Centre Artilerijas 11,2,31,1/3,Recon.,"61,900  €"
Продаётся 2-комнатная квартира. Две изолированные комнаты. Стекл,https://www.ss.com/msg/en/real-estate/flats/riga/purvciems/agckl.html,Purvciems Ilukstes 101,2,48,2/5,103-th,"65,000  €"
Pārdod plašu un mājīgu 2-istabu dzīvokli restaurētā mājā Āgenska,https://www.ss.com/msg/en/real-estate/flats/riga/agenskalns/dhopi.html,Agenskalns Nometnu 33,2,57,1/2,Recon.,"159,000  €"
Lv/ru Lielisks piedāvājums. Īpašnieks pārdod gaišu un plašu 1 is,https://www.ss.com/msg/en/real-estate/flats/riga/zolitude/ckeij.html,Zolitude Ruses 1,1,43,8/9,119-th,"63,000  €"
"Divstāvu, četristabu dzīvoklis, 117, 5 kv. m, ar atsevišķu ieeju",https://www.ss.com/msg/en/real-estate/flats/riga/centre/hckoe.html,Centre Birznieka-Upisha 15,4,118,1/2,Recon.,"190,000  €"
"Jauns 3 istabu mansarda dzīvoklis renovētā mājā, Jāņa Asara iela",https://www.ss.com/msg/en/real-estate/flats/riga/centre/becjgn.html,Centre Asara 11,3,78,6/6,Recon.,"220,000  €"
Dzīvoklis ar lielisku panorāmas skatu. Gaišs un mājīgs 2 istabu,https://www.ss.com/msg/en/real-estate/flats/riga/purvciems/gepjc.html,Purvciems Madonas 21,2,56,8/16,Spec. pr.,"65,000 €"
"Platība: 42.5 m²
Stāvs: 2/5 (ērts augstums, nav stūra dzīvoklis",https://www.ss.com/msg/en/real-estate/flats/riga/vecmilgravis/ekpep.html,Vecmilgravis Stiebru 3,1,43,2/5,Sm.fam.,"32,900  €"
"Pārdod plašu un gaišu 3 istabu dzīvokli Ziepniekkalnā, Kaplavas",https://www.ss.com/msg/en/real-estate/flats/riga/ziepniekkalns/agmjh.html,Ziepniekkalns Kaplavas 5,3,117,2/6,New,"169,000 €"
4-istabu dzīvoklis Unesco Pasaules Mantojuma namā - Eksporta iel,https://www.ss.com/msg/en/real-estate/flats/riga/centre/benoo.html,Centre Eksporta 3,4,99,1/5,Pre-war house,"279,000  €"
"Īpašnieks pārdod 3istabu dzīvokli Ķengaragā. 
Divas izolētas gu",https://www.ss.com/msg/en/real-estate/flats/riga/kengarags/aegcj.html,Kengarags Maltas 15,3,59,2/5,Lit pr.,"53,000  €"
"Rīgas centra jaunajā projektā “Tērbatas dārzs”, kas atrodas Tērb",https://www.ss.com/msg/en/real-estate/flats/riga/centre/ecpix.html,Centre Terbatas 78A,3,77,4/7,New,"265,000  €"
"Rīgas centra jaunajā projektā “Tērbatas dārzs”, kas atrodas Tērb",https://www.ss.com/msg/en/real-estate/flats/riga/centre/ghgke.html,Centre Terbatas 78A,1,28,6/7,New,"120,000  €"
"Rīgas centra jaunajā projektā “Tērbatas dārzs”, kas atrodas Tērb",https://www.ss.com/msg/en/real-estate/flats/riga/centre/aclke.html,Centre Terbatas 78A,2,52,6/7,New,"204,000  €"
Одноквартирный дом с возможностью разделить на Две Квартиры под,https://www.ss.com/msg/en/real-estate/flats/riga/bukulti/bxffih.html,Bukulti Smilgu 11,6,328,1/2,Priv.house,"99,000  €"
Sava ieeja + ~40 m² privāta ārtelpa 3 istabas 76 m² Tallinas iel,https://www.ss.com/msg/en/real-estate/flats/riga/centre/bcoogl.html,Centre Tallinas 96,3,76,1/2,Recon.,"109,900  €"
Studio tipa dzīvoklis ar pilnu apdari Donberga kvartālā. Ģertrūd,https://www.ss.com/msg/en/real-estate/flats/riga/centre/abihn.html,Centre Gertrudes 60,1,20,1/5,Pre-war house,"58,200  €"
